{"type":"FeatureCollection","metadata":{"region":"Liguria","project":"Esplora Uscite","source":"OpenStreetMap - estratto locale","purpose":"POI turistici, panoramici e di interscambio per esplorare cosa offre un'uscita","feature_count":1205},"features":[{"type":"Feature","properties":{"name":"Castellazzo","category":"Castello","group":"Da visitare","subtype":"castle","priority":5,"osm_id":"7823468714","tags":{"castle_type":"defensive","historic":"castle","historic:civilization":"medieval","ruins":"yes"}},"geometry":{"type":"Point","coordinates":[8.2991348,44.4215037]}},{"type":"Feature","properties":{"name":"Castello dei Folchi","category":"Castello","group":"Da visitare","subtype":"castle","priority":5,"osm_id":"10694502837","tags":{"access":"unknown","castle_type":"defensive","historic":"castle","historic:civilization":"medieval"}},"geometry":{"type":"Point","coordinates":[8.2732766,44.1822644]}},{"type":"Feature","properties":{"name":"Castello del Maro","category":"Castello","group":"Da visitare","subtype":"castle","priority":5,"osm_id":"9862020543","tags":{"historic":"castle","historic:civilization":"medieval","ruins":"castle","wikidata":"Q55109037"}},"geometry":{"type":"Point","coordinates":[7.9431192,43.9723588]}},{"type":"Feature","properties":{"name":"Castello di Giusvalla","category":"Castello","group":"Da visitare","subtype":"castle","priority":5,"osm_id":"8164270199","tags":{"historic":"castle","historic:civilization":"medieval","ruins":"yes"}},"geometry":{"type":"Point","coordinates":[8.3959609,44.4459283]}},{"type":"Feature","properties":{"name":"Castello di Madrignano - Castello Malaspina","category":"Castello","group":"Da visitare","subtype":"castle","priority":5,"osm_id":"828733724","tags":{"historic":"castle","name:en":"Castello di Marignano - Castello Malaspina","wikidata":"Q3662667","wikipedia":"it:Castello di Madrignano"}},"geometry":{"type":"Point","coordinates":[9.8407517,44.2130171]}},{"type":"Feature","properties":{"name":"Castello di Quassolo","category":"Castello","group":"Da visitare","subtype":"castle","priority":5,"osm_id":"9244497096","tags":{"access":"private","castle_type":"manor","historic":"castle","website":"https://www.castellodiquassolo.com/"}},"geometry":{"type":"Point","coordinates":[8.2838429,44.3656393]}},{"type":"Feature","properties":{"name":"Castello Fieschi","category":"Castello","group":"Da visitare","subtype":"castle","priority":5,"osm_id":"5646320251","tags":{"historic":"castle"}},"geometry":{"type":"Point","coordinates":[9.1194141,44.5562259]}},{"type":"Feature","properties":{"name":"Castelluzzo","category":"Castello","group":"Da visitare","subtype":"castle","priority":5,"osm_id":"2861371309","tags":{"historic":"castle","ruins":"yes"}},"geometry":{"type":"Point","coordinates":[8.9915758,44.4577291]}},{"type":"Feature","properties":{"name":"Forte Bastia","category":"Castello","group":"Da visitare","subtype":"castle","priority":5,"osm_id":"980696353","tags":{"historic":"castle"}},"geometry":{"type":"Point","coordinates":[9.8693312,44.1395402]}},{"type":"Feature","properties":{"name":"Forte Puin","category":"Castello","group":"Da visitare","subtype":"castle","priority":5,"osm_id":"2065592344","tags":{"historic":"castle"}},"geometry":{"type":"Point","coordinates":[8.9377329,44.4467618]}},{"type":"Feature","properties":{"name":"Palazzo Gentile Spinola","category":"Castello","group":"Da visitare","subtype":"castle","priority":5,"osm_id":"11047926634","tags":{"access":"permit","addr:city":"Sanremo","addr:country":"IT","addr:district":"IM","addr:housenumber":"7","addr:postcode":"18038","addr:street":"Piazza Oratorio dei Dolori","addr:suburb":"La Pigna","castle_type":"palace","historic":"castle","start_date":"1702"}},"geometry":{"type":"Point","coordinates":[7.7749558,43.8185121]}},{"type":"Feature","properties":{"name":"Palazzo Pretorio","category":"Castello","group":"Da visitare","subtype":"castle","priority":5,"osm_id":"14124457927","tags":{"castle_type":"palace","historic":"castle"}},"geometry":{"type":"Point","coordinates":[7.7749098,43.8183867]}},{"type":"Feature","properties":{"name":"Rudere","category":"Castello","group":"Da visitare","subtype":"castle","priority":5,"osm_id":"8950883003","tags":{"historic":"castle"}},"geometry":{"type":"Point","coordinates":[9.2359101,44.5482821]}},{"type":"Feature","properties":{"name":"Ruderi Castello","category":"Castello","group":"Da visitare","subtype":"castle","priority":5,"osm_id":"12512407180","tags":{"historic":"castle","wikidata":"Q113171956"}},"geometry":{"type":"Point","coordinates":[7.9302165,43.8674448]}},{"type":"Feature","properties":{"name":"Torre Saracena","category":"Castello","group":"Da visitare","subtype":"castle","priority":5,"osm_id":"4791309523","tags":{"historic":"castle"}},"geometry":{"type":"Point","coordinates":[8.0668283,43.9139229]}},{"type":"Feature","properties":{"name":"Area archeologica di San Paragorio","category":"Sito archeologico","group":"Da visitare","subtype":"archaeological_site","priority":5,"osm_id":"4007069337","tags":{"historic":"archaeological_site"}},"geometry":{"type":"Point","coordinates":[8.4149829,44.2033173]}},{"type":"Feature","properties":{"name":"Arma Veirana","category":"Sito archeologico","group":"Da visitare","subtype":"archaeological_site","priority":5,"osm_id":"6178825433","tags":{"archaeological_site":"necropolis","historic":"archaeological_site","natural":"cave_entrance"}},"geometry":{"type":"Point","coordinates":[8.0719464,44.1461208]}},{"type":"Feature","properties":{"name":"Campomarzio","category":"Sito archeologico","group":"Da visitare","subtype":"archaeological_site","priority":5,"osm_id":"6631425573","tags":{"access":"no","archaeological_site":"fortification","historic":"archaeological_site","historic:civilization":"medieval"}},"geometry":{"type":"Point","coordinates":[7.846272,43.8927092]}},{"type":"Feature","properties":{"name":"Capitoli dei pacificatori","category":"Sito archeologico","group":"Da visitare","subtype":"archaeological_site","priority":5,"osm_id":"4331912434","tags":{"artist_name":"Giacomo Sciaccarama","artwork_type":"mural","description":"Vincolo architettonico ai sensi del D.Lgs 42/2004","historic":"archaeological_site","level":"1","start_date":"1554","tourism":"artwork","wheelchair":"yes"}},"geometry":{"type":"Point","coordinates":[8.5177642,44.3320257]}},{"type":"Feature","properties":{"name":"Capitolium","category":"Sito archeologico","group":"Da visitare","subtype":"archaeological_site","priority":5,"osm_id":"909830978","tags":{"historic":"archaeological_site"}},"geometry":{"type":"Point","coordinates":[10.0174757,44.0643323]}},{"type":"Feature","properties":{"name":"Casa dei Mosaici","category":"Sito archeologico","group":"Da visitare","subtype":"archaeological_site","priority":5,"osm_id":"909830998","tags":{"historic":"archaeological_site"}},"geometry":{"type":"Point","coordinates":[10.0174031,44.0647626]}},{"type":"Feature","properties":{"name":"Casa torre medievale sulla via romana","category":"Sito archeologico","group":"Da visitare","subtype":"archaeological_site","priority":5,"osm_id":"4555546214","tags":{"historic":"archaeological_site"}},"geometry":{"type":"Point","coordinates":[8.5210486,44.3384325]}},{"type":"Feature","properties":{"name":"casella","category":"Sito archeologico","group":"Da visitare","subtype":"archaeological_site","priority":5,"osm_id":"2997565994","tags":{"historic":"archaeological_site","ruins":"yes"}},"geometry":{"type":"Point","coordinates":[8.1864221,44.1618799]}},{"type":"Feature","properties":{"name":"casella","category":"Sito archeologico","group":"Da visitare","subtype":"archaeological_site","priority":5,"osm_id":"2997565995","tags":{"historic":"archaeological_site","ruins":"yes"}},"geometry":{"type":"Point","coordinates":[8.1860941,44.1620414]}},{"type":"Feature","properties":{"name":"casella","category":"Sito archeologico","group":"Da visitare","subtype":"archaeological_site","priority":5,"osm_id":"2997565996","tags":{"historic":"archaeological_site","ruins":"yes"}},"geometry":{"type":"Point","coordinates":[8.1847541,44.171384]}},{"type":"Feature","properties":{"name":"casella","category":"Sito archeologico","group":"Da visitare","subtype":"archaeological_site","priority":5,"osm_id":"2997565997","tags":{"historic":"archaeological_site","ruins":"yes"}},"geometry":{"type":"Point","coordinates":[8.1730828,44.1718749]}},{"type":"Feature","properties":{"name":"casella","category":"Sito archeologico","group":"Da visitare","subtype":"archaeological_site","priority":5,"osm_id":"11244208013","tags":{"archaeological_site":"tumulus","historic":"archaeological_site"}},"geometry":{"type":"Point","coordinates":[8.5626713,44.4161242]}},{"type":"Feature","properties":{"name":"Castello di Carpena","category":"Sito archeologico","group":"Da visitare","subtype":"archaeological_site","priority":5,"osm_id":"9998001969","tags":{"archaeological_site":"ruins","historic":"archaeological_site","historic:civilization":"medieval"}},"geometry":{"type":"Point","coordinates":[9.768139,44.1177227]}},{"type":"Feature","properties":{"name":"Cava di diaspro preistorica","category":"Sito archeologico","group":"Da visitare","subtype":"archaeological_site","priority":5,"osm_id":"3863039634","tags":{"archaeological_site":"industrial","historic":"archaeological_site","historic:civilization":"prehistoric"}},"geometry":{"type":"Point","coordinates":[9.5264007,44.3505107]}},{"type":"Feature","properties":{"name":"Cave romane","category":"Sito archeologico","group":"Da visitare","subtype":"archaeological_site","priority":5,"osm_id":"3431271969","tags":{"historic":"archaeological_site"}},"geometry":{"type":"Point","coordinates":[8.3685975,44.2083232]}},{"type":"Feature","properties":{"name":"Cave romane","category":"Sito archeologico","group":"Da visitare","subtype":"archaeological_site","priority":5,"osm_id":"4818123648","tags":{"historic":"archaeological_site"}},"geometry":{"type":"Point","coordinates":[8.3687872,44.2089343]}},{"type":"Feature","properties":{"name":"Caverna delle Arene Candide","category":"Sito archeologico","group":"Da visitare","subtype":"archaeological_site","priority":5,"osm_id":"5125140273","tags":{"access":"no","historic":"archaeological_site","natural":"cave_entrance","wikidata":"Q642002","wikipedia":"it:Caverna delle Arene Candide"}},"geometry":{"type":"Point","coordinates":[8.3282707,44.1623257]}},{"type":"Feature","properties":{"name":"Ciappo dei Ceci","category":"Sito archeologico","group":"Da visitare","subtype":"archaeological_site","priority":5,"osm_id":"3067511196","tags":{"archaeological_site":"petroglyph","historic":"archaeological_site","loc_name":"Ciappu de Cexi","opening_hours":"24/7"}},"geometry":{"type":"Point","coordinates":[8.3379459,44.2053853]}},{"type":"Feature","properties":{"name":"Ciappo delle Conche","category":"Sito archeologico","group":"Da visitare","subtype":"archaeological_site","priority":5,"osm_id":"1034055005","tags":{"archaeological_site":"petroglyph","historic":"archaeological_site","loc_name":"Ciappu de Cunche","opening_hours":"24/7"}},"geometry":{"type":"Point","coordinates":[8.3379017,44.2116616]}},{"type":"Feature","properties":{"name":"Ciappo Pianarella","category":"Sito archeologico","group":"Da visitare","subtype":"archaeological_site","priority":5,"osm_id":"3065896959","tags":{"archaeological_site":"petroglyph","historic":"archaeological_site","opening_hours":"24/7"}},"geometry":{"type":"Point","coordinates":[8.3361995,44.2053394]}},{"type":"Feature","properties":{"name":"Dolmen di Monticello","category":"Sito archeologico","group":"Da visitare","subtype":"archaeological_site","priority":5,"osm_id":"3013257244","tags":{"historic":"archaeological_site","opening_hours":"24/7"}},"geometry":{"type":"Point","coordinates":[8.3312308,44.1895401]}},{"type":"Feature","properties":{"name":"Dolmen di Roccavignale","category":"Sito archeologico","group":"Da visitare","subtype":"archaeological_site","priority":5,"osm_id":"3474900242","tags":{"historic":"archaeological_site"}},"geometry":{"type":"Point","coordinates":[8.1805359,44.3593026]}},{"type":"Feature","properties":{"name":"Dolmen di Strapatente","category":"Sito archeologico","group":"Da visitare","subtype":"archaeological_site","priority":5,"osm_id":"3027325231","tags":{"historic":"archaeological_site"}},"geometry":{"type":"Point","coordinates":[8.3503524,44.2115794]}},{"type":"Feature","properties":{"name":"Dolmen Ferrania","category":"Sito archeologico","group":"Da visitare","subtype":"archaeological_site","priority":5,"osm_id":"3467934554","tags":{"addr:street":"Via Borgo San Pietro","historic":"archaeological_site"}},"geometry":{"type":"Point","coordinates":[8.3245886,44.3680527]}},{"type":"Feature","properties":{"name":"Dolmen megalitico","category":"Sito archeologico","group":"Da visitare","subtype":"archaeological_site","priority":5,"osm_id":"3475031658","tags":{"historic":"archaeological_site"}},"geometry":{"type":"Point","coordinates":[8.3136548,44.1720389]}},{"type":"Feature","properties":{"name":"Edificio a torre detto \"Le Cantine\"","category":"Sito archeologico","group":"Da visitare","subtype":"archaeological_site","priority":5,"osm_id":"4561668800","tags":{"historic":"archaeological_site"}},"geometry":{"type":"Point","coordinates":[8.5131021,44.3377987]}},{"type":"Feature","properties":{"name":"Ferriera del Giovo","category":"Sito archeologico","group":"Da visitare","subtype":"archaeological_site","priority":5,"osm_id":"9676811995","tags":{"historic":"archaeological_site"}},"geometry":{"type":"Point","coordinates":[8.4774419,44.4514845]}},{"type":"Feature","properties":{"name":"Ferriera di Reborgo","category":"Sito archeologico","group":"Da visitare","subtype":"archaeological_site","priority":5,"osm_id":"9676811993","tags":{"historic":"archaeological_site"}},"geometry":{"type":"Point","coordinates":[8.4904014,44.4462649]}},{"type":"Feature","properties":{"name":"Grande Tempio di Luna","category":"Sito archeologico","group":"Da visitare","subtype":"archaeological_site","priority":5,"osm_id":"909831071","tags":{"historic":"archaeological_site"}},"geometry":{"type":"Point","coordinates":[10.0173124,44.0657275]}},{"type":"Feature","properties":{"name":"Il Castellaro","category":"Sito archeologico","group":"Da visitare","subtype":"archaeological_site","priority":5,"osm_id":"3422420964","tags":{"historic":"archaeological_site"}},"geometry":{"type":"Point","coordinates":[8.3101573,44.1721798]}},{"type":"Feature","properties":{"name":"Il Tempietto","category":"Sito archeologico","group":"Da visitare","subtype":"archaeological_site","priority":5,"osm_id":"2443264441","tags":{"historic":"archaeological_site","ruins":"yes"}},"geometry":{"type":"Point","coordinates":[8.3311673,44.198427]}},{"type":"Feature","properties":{"name":"Ipogei","category":"Sito archeologico","group":"Da visitare","subtype":"archaeological_site","priority":5,"osm_id":"6469345166","tags":{"archaeological_site":"settlement","historic":"archaeological_site","level":"-1","wheelchair":"no"}},"geometry":{"type":"Point","coordinates":[8.4339461,44.2876857]}},{"type":"Feature","properties":{"name":"M'scion","category":"Sito archeologico","group":"Da visitare","subtype":"archaeological_site","priority":5,"osm_id":"10870846363","tags":{"archaeological_site":"hut_circle","historic":"archaeological_site"}},"geometry":{"type":"Point","coordinates":[8.2261553,44.2529515]}},{"type":"Feature","properties":{"name":"Maglietto del Giovo","category":"Sito archeologico","group":"Da visitare","subtype":"archaeological_site","priority":5,"osm_id":"9676811994","tags":{"historic":"archaeological_site"}},"geometry":{"type":"Point","coordinates":[8.4787932,44.4488163]}},{"type":"Feature","properties":{"name":"Masso altare","category":"Sito archeologico","group":"Da visitare","subtype":"archaeological_site","priority":5,"osm_id":"14076100541","tags":{"archaeological_site":"petroglyph","historic":"archaeological_site"}},"geometry":{"type":"Point","coordinates":[8.2304802,44.3495252]}},{"type":"Feature","properties":{"name":"masso croci","category":"Sito archeologico","group":"Da visitare","subtype":"archaeological_site","priority":5,"osm_id":"14076170153","tags":{"archaeological_site":"petroglyph","historic":"archaeological_site","historic:civilization":"neolithic"}},"geometry":{"type":"Point","coordinates":[8.2374838,44.3378471]}},{"type":"Feature","properties":{"name":"Menhir","category":"Sito archeologico","group":"Da visitare","subtype":"archaeological_site","priority":5,"osm_id":"3422437162","tags":{"historic":"archaeological_site"}},"geometry":{"type":"Point","coordinates":[8.3066323,44.1758159]}},{"type":"Feature","properties":{"name":"menhir","category":"Sito archeologico","group":"Da visitare","subtype":"archaeological_site","priority":5,"osm_id":"14076100542","tags":{"archaeological_site":"megalith","historic":"archaeological_site","historic:civilization":"neolithic"}},"geometry":{"type":"Point","coordinates":[8.2132366,44.3516135]}},{"type":"Feature","properties":{"name":"Menhir Ceresa 1","category":"Sito archeologico","group":"Da visitare","subtype":"archaeological_site","priority":5,"osm_id":"3027423414","tags":{"historic":"archaeological_site"}},"geometry":{"type":"Point","coordinates":[8.5502092,44.4070007]}},{"type":"Feature","properties":{"name":"Menhir Ceresa 2","category":"Sito archeologico","group":"Da visitare","subtype":"archaeological_site","priority":5,"osm_id":"3027423413","tags":{"historic":"archaeological_site"}},"geometry":{"type":"Point","coordinates":[8.5509533,44.4076013]}},{"type":"Feature","properties":{"name":"Menhir di Tramonti","category":"Sito archeologico","group":"Da visitare","subtype":"archaeological_site","priority":5,"osm_id":"4817825888","tags":{"alt_name":"Menhir del Diavolo","archaeological_site":"bigstone","historic":"archaeological_site","wikimedia_commons":"File:La Spezia, Tramonti, Menhir del Diavolo.jpg"}},"geometry":{"type":"Point","coordinates":[9.7795025,44.0835241]}},{"type":"Feature","properties":{"name":"Menhir di Verzi","category":"Sito archeologico","group":"Da visitare","subtype":"archaeological_site","priority":5,"osm_id":"3431246384","tags":{"historic":"archaeological_site"}},"geometry":{"type":"Point","coordinates":[8.3610633,44.1914757]}},{"type":"Feature","properties":{"name":"Menhir Osservatorio","category":"Sito archeologico","group":"Da visitare","subtype":"archaeological_site","priority":5,"osm_id":"2443264428","tags":{"alt_name":"Osservatorio di Bric Pianarella","historic":"archaeological_site"}},"geometry":{"type":"Point","coordinates":[8.3314887,44.1979977]}},{"type":"Feature","properties":{"name":"Miniera di Rame di Monte Loreto","category":"Sito archeologico","group":"Da visitare","subtype":"archaeological_site","priority":5,"osm_id":"2475819956","tags":{"historic":"archaeological_site"}},"geometry":{"type":"Point","coordinates":[9.48891,44.2670385]}},{"type":"Feature","properties":{"name":"Monastero di S.Maria di Bano","category":"Sito archeologico","group":"Da visitare","subtype":"archaeological_site","priority":5,"osm_id":"1682373652","tags":{"historic":"archaeological_site","ruins":"yes"}},"geometry":{"type":"Point","coordinates":[8.7104439,44.598758]}},{"type":"Feature","properties":{"name":"Mulini del Teiro","category":"Sito archeologico","group":"Da visitare","subtype":"archaeological_site","priority":5,"osm_id":"8323736463","tags":{"description":"Antico Mulino del Teiro di proprietà del signor Tomaso Delfino in buono stato di conservazione con macchinari per la frantumazione dei semi, separazione della crusca dalla farina e successiva insacchettatura","historic":"archaeological_site","website":"https://www.varagine.it/picture.php?/9952/category/177"}},"geometry":{"type":"Point","coordinates":[8.5510238,44.3847378]}},{"type":"Feature","properties":{"name":"Mulini del Teiro","category":"Sito archeologico","group":"Da visitare","subtype":"archaeological_site","priority":5,"osm_id":"9620171155","tags":{"building":"house","historic":"archaeological_site"}},"geometry":{"type":"Point","coordinates":[8.5658457,44.3760144]}},{"type":"Feature","properties":{"name":"Mulino da colore","category":"Sito archeologico","group":"Da visitare","subtype":"archaeological_site","priority":5,"osm_id":"4555499608","tags":{"description":"Ruderi, o edifici trasformati, di mulini datati tra il secolo XVII ed il XIX che, oltre le granaglie, macinavano fritta di vetro per il rivestimento delle ceramiche","historic":"archaeological_site"}},"geometry":{"type":"Point","coordinates":[8.476399,44.3573832]}},{"type":"Feature","properties":{"name":"Mulino da colore","category":"Sito archeologico","group":"Da visitare","subtype":"archaeological_site","priority":5,"osm_id":"4555499609","tags":{"description":"Ruderi, o edifici trasformati, di mulini datati tra il secolo XVII ed il XIX che, oltre le granaglie, macinavano fritta di vetro per il rivestimento delle ceramiche","historic":"archaeological_site"}},"geometry":{"type":"Point","coordinates":[8.4759682,44.3555573]}},{"type":"Feature","properties":{"name":"Mulino da colore","category":"Sito archeologico","group":"Da visitare","subtype":"archaeological_site","priority":5,"osm_id":"4555499610","tags":{"description":"Ruderi, o edifici trasformati, di mulini datati tra il secolo XVII ed il XIX che, oltre le granaglie, macinavano fritta di vetro per il rivestimento delle ceramiche","historic":"archaeological_site"}},"geometry":{"type":"Point","coordinates":[8.4758185,44.3606428]}},{"type":"Feature","properties":{"name":"Mulino da colore","category":"Sito archeologico","group":"Da visitare","subtype":"archaeological_site","priority":5,"osm_id":"4555499611","tags":{"description":"Ruderi, o edifici trasformati, di mulini datati tra il secolo XVII ed il XIX che, oltre le granaglie, macinavano fritta di vetro per il rivestimento delle ceramiche","historic":"archaeological_site"}},"geometry":{"type":"Point","coordinates":[8.4724911,44.3604294]}},{"type":"Feature","properties":{"name":"Mulino da colore","category":"Sito archeologico","group":"Da visitare","subtype":"archaeological_site","priority":5,"osm_id":"4555499612","tags":{"description":"Ruderi, o edifici trasformati, di mulini datati tra il secolo XVII ed il XIX che, oltre le granaglie, macinavano fritta di vetro per il rivestimento delle ceramiche","historic":"archaeological_site"}},"geometry":{"type":"Point","coordinates":[8.4661264,44.3694239]}},{"type":"Feature","properties":{"name":"Mulino da colore","category":"Sito archeologico","group":"Da visitare","subtype":"archaeological_site","priority":5,"osm_id":"4555499613","tags":{"description":"Ruderi, o edifici trasformati, di mulini datati tra il secolo XVII ed il XIX che, oltre le granaglie, macinavano fritta di vetro per il rivestimento delle ceramiche","historic":"archaeological_site"}},"geometry":{"type":"Point","coordinates":[8.4659019,44.3669495]}},{"type":"Feature","properties":{"name":"Mulino da colore","category":"Sito archeologico","group":"Da visitare","subtype":"archaeological_site","priority":5,"osm_id":"4555499614","tags":{"description":"Ruderi, o edifici trasformati, di mulini datati tra il secolo XVII ed il XIX che, oltre le granaglie, macinavano fritta di vetro per il rivestimento delle ceramiche","historic":"archaeological_site"}},"geometry":{"type":"Point","coordinates":[8.4651828,44.3612597]}},{"type":"Feature","properties":{"name":"Mulino da colore","category":"Sito archeologico","group":"Da visitare","subtype":"archaeological_site","priority":5,"osm_id":"4555499615","tags":{"description":"Ruderi, o edifici trasformati, di mulini datati tra il secolo XVII ed il XIX che, oltre le granaglie, macinavano fritta di vetro per il rivestimento delle ceramiche","historic":"archaeological_site"}},"geometry":{"type":"Point","coordinates":[8.4646521,44.372745]}},{"type":"Feature","properties":{"name":"Mulino da colore","category":"Sito archeologico","group":"Da visitare","subtype":"archaeological_site","priority":5,"osm_id":"4555499617","tags":{"description":"Ruderi, o edifici trasformati, di mulini datati tra il secolo XVII ed il XIX che, oltre le granaglie, macinavano fritta di vetro per il rivestimento delle ceramiche","historic":"archaeological_site"}},"geometry":{"type":"Point","coordinates":[8.4647124,44.363605]}},{"type":"Feature","properties":{"name":"Mulino da colore","category":"Sito archeologico","group":"Da visitare","subtype":"archaeological_site","priority":5,"osm_id":"4555499618","tags":{"description":"Ruderi, o edifici trasformati, di mulini datati tra il secolo XVII ed il XIX che, oltre le granaglie, macinavano fritta di vetro per il rivestimento delle ceramiche","historic":"archaeological_site"}},"geometry":{"type":"Point","coordinates":[8.4645062,44.3699565]}},{"type":"Feature","properties":{"name":"Muro di San Sebastiano","category":"Sito archeologico","group":"Da visitare","subtype":"archaeological_site","priority":5,"osm_id":"5212723042","tags":{"historic":"archaeological_site"}},"geometry":{"type":"Point","coordinates":[8.2598291,44.1389479]}},{"type":"Feature","properties":{"name":"Necropoli preromana","category":"Sito archeologico","group":"Da visitare","subtype":"archaeological_site","priority":5,"osm_id":"3999206776","tags":{"archaeological_site":"necropolis","board_type":"history","check_date":"2022-11-16","description":"La necropoli dell'età del Ferro di Albisola Superiore","historic":"archaeological_site","information":"board","tourism":"information"}},"geometry":{"type":"Point","coordinates":[8.510902,44.3341072]}},{"type":"Feature","properties":{"name":"Neviera","category":"Sito archeologico","group":"Da visitare","subtype":"archaeological_site","priority":5,"osm_id":"5981241591","tags":{"description":"Cavità artificiale utilizzata per la raccolta e conservazione della neve poi venduta a Genova per le ghiacciaie casalinghe.","historic":"archaeological_site"}},"geometry":{"type":"Point","coordinates":[9.1707826,44.368532]}},{"type":"Feature","properties":{"name":"Pietra di San Martino","category":"Sito archeologico","group":"Da visitare","subtype":"archaeological_site","priority":5,"osm_id":"8785066123","tags":{"historic":"archaeological_site","local_name":"A’ Pria de San Martin","natural":"stone"}},"geometry":{"type":"Point","coordinates":[8.3739765,44.2929756]}},{"type":"Feature","properties":{"name":"Pietre di Camporotondo","category":"Sito archeologico","group":"Da visitare","subtype":"archaeological_site","priority":5,"osm_id":"3014626576","tags":{"historic":"archaeological_site"}},"geometry":{"type":"Point","coordinates":[8.3440566,44.1966484]}},{"type":"Feature","properties":{"name":"Pietre di Napoleone","category":"Sito archeologico","group":"Da visitare","subtype":"archaeological_site","priority":5,"osm_id":"8032822535","tags":{"archaeological_site":"megalith","historic":"archaeological_site"}},"geometry":{"type":"Point","coordinates":[8.2404543,44.3351372]}},{"type":"Feature","properties":{"name":"Pila Bric le Pile","category":"Sito archeologico","group":"Da visitare","subtype":"archaeological_site","priority":5,"osm_id":"3827263460","tags":{"historic":"archaeological_site"}},"geometry":{"type":"Point","coordinates":[8.3240683,44.2026107]}},{"type":"Feature","properties":{"name":"Pila delle Penne","category":"Sito archeologico","group":"Da visitare","subtype":"archaeological_site","priority":5,"osm_id":"3013257245","tags":{"historic":"archaeological_site"}},"geometry":{"type":"Point","coordinates":[8.3304837,44.192672]}},{"type":"Feature","properties":{"name":"Ponte Medievale di Brugnato","category":"Sito archeologico","group":"Da visitare","subtype":"archaeological_site","priority":5,"osm_id":"1675791706","tags":{"historic":"archaeological_site"}},"geometry":{"type":"Point","coordinates":[9.7151841,44.2322536]}},{"type":"Feature","properties":{"name":"Pozzo","category":"Sito archeologico","group":"Da visitare","subtype":"archaeological_site","priority":5,"osm_id":"3429199305","tags":{"historic":"archaeological_site"}},"geometry":{"type":"Point","coordinates":[8.3512344,44.1950874]}},{"type":"Feature","properties":{"name":"Recinto di Camporotondo","category":"Sito archeologico","group":"Da visitare","subtype":"archaeological_site","priority":5,"osm_id":"3429270212","tags":{"historic":"archaeological_site"}},"geometry":{"type":"Point","coordinates":[8.3451121,44.1966442]}},{"type":"Feature","properties":{"name":"Residui del pilastro del Pons ad Decimum Miliarium","category":"Sito archeologico","group":"Da visitare","subtype":"archaeological_site","priority":5,"osm_id":"12595670852","tags":{"archaeological_site":"bridge_pier","bridge:support":"pier","historic":"archaeological_site","historic:civilization":"ancient_roman","ruins":"yes"}},"geometry":{"type":"Point","coordinates":[8.904526,44.4992013]}},{"type":"Feature","properties":{"name":"Riparo Fascette","category":"Sito archeologico","group":"Da visitare","subtype":"archaeological_site","priority":5,"osm_id":"3646171196","tags":{"historic":"archaeological_site"}},"geometry":{"type":"Point","coordinates":[8.336148,44.2141316]}},{"type":"Feature","properties":{"name":"Roccia dei Fossetti","category":"Sito archeologico","group":"Da visitare","subtype":"archaeological_site","priority":5,"osm_id":"8831446363","tags":{"historic":"archaeological_site","local_name":"Pria d’i Fussetti"}},"geometry":{"type":"Point","coordinates":[8.3669545,44.2844364]}},{"type":"Feature","properties":{"name":"Sant'Antonio del Mesco","category":"Sito archeologico","group":"Da visitare","subtype":"archaeological_site","priority":5,"osm_id":"2939082999","tags":{"historic":"archaeological_site","wikidata":"Q3731357","wikipedia":"it:Eremo di Sant'Antonio del Mesco"}},"geometry":{"type":"Point","coordinates":[9.6349951,44.1384454]}},{"type":"Feature","properties":{"name":"Selle M.te Provenzale","category":"Sito archeologico","group":"Da visitare","subtype":"archaeological_site","priority":5,"osm_id":"3368213011","tags":{"designation":"Selle M.te Provenzale XVIII sec. (Shepherds Buildings)","historic":"archaeological_site"}},"geometry":{"type":"Point","coordinates":[7.6678077,43.9549211]}},{"type":"Feature","properties":{"name":"Sito Archeominerario di Monte Loreto","category":"Sito archeologico","group":"Da visitare","subtype":"archaeological_site","priority":5,"osm_id":"841824002","tags":{"historic":"archaeological_site"}},"geometry":{"type":"Point","coordinates":[9.4946843,44.2704103]}},{"type":"Feature","properties":{"name":"Strada Megalitica","category":"Sito archeologico","group":"Da visitare","subtype":"archaeological_site","priority":5,"osm_id":"1113815620","tags":{"historic":"archaeological_site"}},"geometry":{"type":"Point","coordinates":[8.559674,44.404989]}},{"type":"Feature","properties":{"name":"Tabernae","category":"Sito archeologico","group":"Da visitare","subtype":"archaeological_site","priority":5,"osm_id":"909831067","tags":{"historic":"archaeological_site"}},"geometry":{"type":"Point","coordinates":[10.0172308,44.0631066]}},{"type":"Feature","properties":{"name":"Torre dei Favari","category":"Sito archeologico","group":"Da visitare","subtype":"archaeological_site","priority":5,"osm_id":"4561316184","tags":{"historic":"archaeological_site"}},"geometry":{"type":"Point","coordinates":[8.5595365,44.3598631]}},{"type":"Feature","properties":{"name":"Torre di avvistamento marittimo del secolo XVI","category":"Sito archeologico","group":"Da visitare","subtype":"archaeological_site","priority":5,"osm_id":"4555306628","tags":{"historic":"archaeological_site"}},"geometry":{"type":"Point","coordinates":[8.5242357,44.3311228]}},{"type":"Feature","properties":{"name":"Torre Tasca","category":"Sito archeologico","group":"Da visitare","subtype":"archaeological_site","priority":5,"osm_id":"5058048925","tags":{"historic":"archaeological_site"}},"geometry":{"type":"Point","coordinates":[8.5703605,44.3608838]}},{"type":"Feature","properties":{"name":"Trincee napoleoniche","category":"Sito archeologico","group":"Da visitare","subtype":"archaeological_site","priority":5,"osm_id":"2836630408","tags":{"historic":"archaeological_site"}},"geometry":{"type":"Point","coordinates":[8.3872237,44.3921774]}},{"type":"Feature","properties":{"name":"Trincee napoleoniche","category":"Sito archeologico","group":"Da visitare","subtype":"archaeological_site","priority":5,"osm_id":"2951398972","tags":{"historic":"archaeological_site"}},"geometry":{"type":"Point","coordinates":[8.4240883,44.3657331]}},{"type":"Feature","properties":{"name":"Vecchie cave di argilla per ceramica","category":"Sito archeologico","group":"Da visitare","subtype":"archaeological_site","priority":5,"osm_id":"4555493054","tags":{"historic":"archaeological_site","wheelchair":"no"}},"geometry":{"type":"Point","coordinates":[8.5179226,44.3370391]}},{"type":"Feature","properties":{"name":"Villa Romana di Bocca di Magra","category":"Sito archeologico","group":"Da visitare","subtype":"archaeological_site","priority":5,"osm_id":"1744836593","tags":{"historic":"archaeological_site","website":"http://www.archeoliguria.beniculturali.it/index.php?it/375/luoghi-della-cultura/9/villa-romana-di-bocca-di-magra"}},"geometry":{"type":"Point","coordinates":[9.9848442,44.0459741]}},{"type":"Feature","properties":{"name":"Villaggio delle Anime","category":"Sito archeologico","group":"Da visitare","subtype":"archaeological_site","priority":5,"osm_id":"3467622361","tags":{"historic":"archaeological_site"}},"geometry":{"type":"Point","coordinates":[8.3112263,44.1942216]}},{"type":"Feature","properties":{"name":"Alassio","category":"Stazione ferroviaria","group":"Mobilità e interscambio","subtype":"rail_station","priority":5,"osm_id":"12299676795","tags":{"public_transport":"station","railway":"station","wikidata":"Q3968841","wikipedia":"it:Stazione di Alassio"}},"geometry":{"type":"Point","coordinates":[8.1715211,44.0078559]}},{"type":"Feature","properties":{"name":"Albenga","category":"Stazione ferroviaria","group":"Mobilità e interscambio","subtype":"rail_station","priority":5,"osm_id":"228748617","tags":{"operator":"Rete Ferroviaria Italiana","operator:short":"RFI","operator:wikidata":"Q1060049","public_transport":"stop_position","railway":"station","toilets:wheelchair":"yes","train":"yes","wheelchair":"yes","wikidata":"Q3968850","wikipedia":"it:Stazione di Albenga"}},"geometry":{"type":"Point","coordinates":[8.2215848,44.0472894]}},{"type":"Feature","properties":{"name":"Albisola","category":"Stazione ferroviaria","group":"Mobilità e interscambio","subtype":"rail_station","priority":5,"osm_id":"1139661042","tags":{"operator":"Rete Ferroviaria Italiana","operator:short":"RFI","operator:wikidata":"Q1060049","public_transport":"station","railway":"station","train":"yes","wheelchair":"no","wikidata":"Q3968852","wikipedia":"it:Stazione di Albisola"}},"geometry":{"type":"Point","coordinates":[8.5116214,44.3346849]}},{"type":"Feature","properties":{"name":"Altare","category":"Stazione ferroviaria","group":"Mobilità e interscambio","subtype":"rail_station","priority":5,"osm_id":"2562592860","tags":{"operator":"Rete Ferroviaria Italiana","operator:short":"RFI","operator:wikidata":"Q1060049","public_transport":"station","railway":"station","train":"yes","wheelchair":"limited","wikidata":"Q15207925","wikipedia":"it:Stazione di Altare"}},"geometry":{"type":"Point","coordinates":[8.3327374,44.3361916]}},{"type":"Feature","properties":{"name":"Andora","category":"Stazione ferroviaria","group":"Mobilità e interscambio","subtype":"rail_station","priority":5,"osm_id":"4452204085","tags":{"public_transport":"station","railway":"station","wheelchair":"yes","wikidata":"Q27794887"}},"geometry":{"type":"Point","coordinates":[8.138332,43.9600479]}},{"type":"Feature","properties":{"name":"Arcola","category":"Stazione ferroviaria","group":"Mobilità e interscambio","subtype":"rail_station","priority":5,"osm_id":"10077775923","tags":{"name:en":"Arcola","operator":"Rete Ferroviaria Italiana","operator:short":"RFI","operator:wikidata":"Q1060049","public_transport":"station","railway":"station","train":"yes","wikidata":"Q3968892","wikipedia":"it:Stazione di Arcola"}},"geometry":{"type":"Point","coordinates":[9.9147024,44.1186654]}},{"type":"Feature","properties":{"name":"Arenzano","category":"Stazione ferroviaria","group":"Mobilità e interscambio","subtype":"rail_station","priority":5,"osm_id":"10997758089","tags":{"operator":"Rete Ferroviaria Italiana","operator:short":"RFI","operator:wikidata":"Q1060049","public_transport":"station","railway":"station","train":"yes","website":"https://www.rfi.it/it/stazioni/arenzano.html","wikidata":"Q3968898","wikipedia":"it:Stazione di Arenzano"}},"geometry":{"type":"Point","coordinates":[8.6782867,44.4031235]}},{"type":"Feature","properties":{"name":"Bevera","category":"Stazione ferroviaria","group":"Mobilità e interscambio","subtype":"rail_station","priority":5,"osm_id":"8400652212","tags":{"public_transport":"station","railway":"station","wikidata":"Q3095986","wikipedia":"it:Stazione di Bevera"}},"geometry":{"type":"Point","coordinates":[7.5791468,43.8252241]}},{"type":"Feature","properties":{"name":"Bogliasco","category":"Stazione ferroviaria","group":"Mobilità e interscambio","subtype":"rail_station","priority":5,"osm_id":"2154756447","tags":{"operator":"Rete Ferroviaria Italiana","operator:short":"RFI","operator:wikidata":"Q1060049","public_transport":"station","railway":"station","wikidata":"Q3969058","wikipedia":"it:Stazione di Bogliasco"}},"geometry":{"type":"Point","coordinates":[9.0660399,44.3791254]}},{"type":"Feature","properties":{"name":"Bonassola","category":"Stazione ferroviaria","group":"Mobilità e interscambio","subtype":"rail_station","priority":5,"osm_id":"761247105","tags":{"operator":"Rete Ferroviaria Italiana","operator:short":"RFI","operator:wikidata":"Q1060049","public_transport":"station","railway":"station","wheelchair":"no","wikidata":"Q3969067","wikipedia":"it:Stazione di Bonassola"}},"geometry":{"type":"Point","coordinates":[9.5826557,44.1848314]}},{"type":"Feature","properties":{"name":"Bordighera","category":"Stazione ferroviaria","group":"Mobilità e interscambio","subtype":"rail_station","priority":5,"osm_id":"8399147318","tags":{"operator":"Rete Ferroviaria Italiana","operator:short":"RFI","operator:wikidata":"Q1060049","public_transport":"station","railway":"station","train":"yes","wheelchair":"yes","wikidata":"Q3969077","wikipedia":"it:Stazione di Bordighera"}},"geometry":{"type":"Point","coordinates":[7.6635986,43.7783303]}},{"type":"Feature","properties":{"name":"Bragno","category":"Stazione ferroviaria","group":"Mobilità e interscambio","subtype":"rail_station","priority":5,"osm_id":"8449622892","tags":{"operator":"Rete Ferroviaria Italiana","operator:short":"RFI","operator:wikidata":"Q1060049","public_transport":"station","railway":"station","train":"yes","wikidata":"Q3969111","wikipedia":"it:Stazione di Bragno"}},"geometry":{"type":"Point","coordinates":[8.3047329,44.3719119]}},{"type":"Feature","properties":{"name":"Brignole","category":"Stazione ferroviaria","group":"Mobilità e interscambio","subtype":"rail_station","priority":5,"osm_id":"1747157114","tags":{"official_name":"Brignole-TIM","operator":"AMT","public_transport":"station","railway":"station","station":"subway","subway":"yes","wheelchair":"yes","wikidata":"Q3644765","wikipedia":"it:Brignole (metropolitana di Genova)"}},"geometry":{"type":"Point","coordinates":[8.9485007,44.407269]}},{"type":"Feature","properties":{"name":"Brin","category":"Stazione ferroviaria","group":"Mobilità e interscambio","subtype":"rail_station","priority":5,"osm_id":"9168299527","tags":{"operator":"AMT","public_transport":"station","railway":"station","station":"subway","subway":"yes","wheelchair":"yes","wikidata":"Q3644795","wikipedia":"it:Brin (metropolitana di Genova)"}},"geometry":{"type":"Point","coordinates":[8.895685,44.4279912]}},{"type":"Feature","properties":{"name":"Busalla","category":"Stazione ferroviaria","group":"Mobilità e interscambio","subtype":"rail_station","priority":5,"osm_id":"7448297739","tags":{"public_transport":"station","railway":"station","train":"yes","wikidata":"Q3969138","wikipedia":"it:Stazione di Busalla"}},"geometry":{"type":"Point","coordinates":[8.9436214,44.5755317]}},{"type":"Feature","properties":{"name":"Busalletta","category":"Stazione ferroviaria","group":"Mobilità e interscambio","subtype":"rail_station","priority":5,"osm_id":"183669568","tags":{"network":"AMT Genova","operator":"AMT","public_transport":"station","railway":"station","train":"yes","wikidata":"Q56371013"}},"geometry":{"type":"Point","coordinates":[8.9886943,44.4971273]}},{"type":"Feature","properties":{"name":"Cairo Montenotte","category":"Stazione ferroviaria","group":"Mobilità e interscambio","subtype":"rail_station","priority":5,"osm_id":"5712239031","tags":{"operator":"Rete Ferroviaria Italiana","operator:short":"RFI","operator:wikidata":"Q1060049","public_transport":"station","railway":"station","station":"train","train":"yes","wikidata":"Q3969153","wikipedia":"it:Stazione di Cairo Montenotte"}},"geometry":{"type":"Point","coordinates":[8.278701,44.3947654]}},{"type":"Feature","properties":{"name":"Camogli-San Fruttuoso","category":"Stazione ferroviaria","group":"Mobilità e interscambio","subtype":"rail_station","priority":5,"osm_id":"47141761","tags":{"old_name":"Camogli","operator":"Rete Ferroviaria Italiana","operator:short":"RFI","operator:wikidata":"Q1060049","public_transport":"station","railway":"station","train":"yes","wikidata":"Q3969171","wikipedia":"it:Stazione di Camogli-San Fruttuoso"}},"geometry":{"type":"Point","coordinates":[9.156725,44.3480677]}},{"type":"Feature","properties":{"name":"Campi","category":"Stazione ferroviaria","group":"Mobilità e interscambio","subtype":"rail_station","priority":5,"osm_id":"169674009","tags":{"network":"AMT Genova","operator":"AMT","public_transport":"station","railway":"station","train":"yes","wikidata":"Q56371539"}},"geometry":{"type":"Point","coordinates":[8.9556851,44.4644834]}},{"type":"Feature","properties":{"name":"Cappuccio","category":"Stazione ferroviaria","group":"Mobilità e interscambio","subtype":"rail_station","priority":5,"osm_id":"154754222","tags":{"network":"AMT Genova","operator":"AMT","public_transport":"station","railway":"station","train":"yes","wikidata":"Q56371821"}},"geometry":{"type":"Point","coordinates":[8.9433172,44.4428776]}},{"type":"Feature","properties":{"name":"Casella Deposito","category":"Stazione ferroviaria","group":"Mobilità e interscambio","subtype":"rail_station","priority":5,"osm_id":"615199658","tags":{"network":"AMT Genova","operator":"AMT","public_transport":"station","railway":"station","train":"yes","wikidata":"Q33413299"}},"geometry":{"type":"Point","coordinates":[8.9949073,44.5289012]}},{"type":"Feature","properties":{"name":"Casella Paese","category":"Stazione ferroviaria","group":"Mobilità e interscambio","subtype":"rail_station","priority":5,"osm_id":"615199811","tags":{"internet_access":"no","network":"AMT Genova","operator":"AMT","public_transport":"station","railway":"station","train":"yes","wikidata":"Q3969267","wikipedia":"it:Stazione di Casella"}},"geometry":{"type":"Point","coordinates":[8.9957153,44.5343718]}},{"type":"Feature","properties":{"name":"Celle","category":"Stazione ferroviaria","group":"Mobilità e interscambio","subtype":"rail_station","priority":5,"osm_id":"244416056","tags":{"operator":"Rete Ferroviaria Italiana","operator:short":"RFI","operator:wikidata":"Q1060049","public_transport":"station","railway":"station","railway:position":"31.1","railway:position:exact":"31.134","train":"yes","wheelchair":"yes","wikidata":"Q15207948","wikipedia":"it:Stazione di Celle Ligure"}},"geometry":{"type":"Point","coordinates":[8.5426623,44.342505]}},{"type":"Feature","properties":{"name":"Cengio","category":"Stazione ferroviaria","group":"Mobilità e interscambio","subtype":"rail_station","priority":5,"osm_id":"2052772774","tags":{"railway":"station","wikidata":"Q15207940","wikipedia":"it:Stazione di Cengio"}},"geometry":{"type":"Point","coordinates":[8.1918892,44.3906958]}},{"type":"Feature","properties":{"name":"Chiavari","category":"Stazione ferroviaria","group":"Mobilità e interscambio","subtype":"rail_station","priority":5,"osm_id":"203592307","tags":{"operator":"Rete Ferroviaria Italiana","operator:short":"RFI","operator:wikidata":"Q1060049","public_transport":"station","railway":"station","wikidata":"Q3969401","wikipedia":"it:Stazione di Chiavari"}},"geometry":{"type":"Point","coordinates":[9.3224198,44.315059]}},{"type":"Feature","properties":{"name":"Cogoleto","category":"Stazione ferroviaria","group":"Mobilità e interscambio","subtype":"rail_station","priority":5,"osm_id":"1006137115","tags":{"not:network:wikidata":"Q1060049","operator":"Rete Ferroviaria Italiana","operator:short":"RFI","public_transport":"station","railway":"station","train":"yes","wikidata":"Q3969448","wikipedia":"it:Stazione di Cogoleto"}},"geometry":{"type":"Point","coordinates":[8.6435968,44.3896242]}},{"type":"Feature","properties":{"name":"Corniglia","category":"Stazione ferroviaria","group":"Mobilità e interscambio","subtype":"rail_station","priority":5,"osm_id":"7472159376","tags":{"departures_board":"realtime","departures_board:speech_output":"no","public_transport":"station","railway":"station","wheelchair":"limited","wikidata":"Q3969484","wikipedia":"it:Stazione di Corniglia"}},"geometry":{"type":"Point","coordinates":[9.7163062,44.1185398]}},{"type":"Feature","properties":{"name":"Cà dei Boschetti","category":"Stazione ferroviaria","group":"Mobilità e interscambio","subtype":"rail_station","priority":5,"osm_id":"1262137191","tags":{"alt_name":"CA` DI BOSCHETTI","operator":"Rete Ferroviaria Italiana","operator:short":"RFI","operator:wikidata":"Q1060049","public_transport":"station","railway":"station","wikidata":"Q3969511","wikipedia":"it:Stazione di Cà di Boschetti"}},"geometry":{"type":"Point","coordinates":[9.8640382,44.1183203]}},{"type":"Feature","properties":{"name":"Darsena","category":"Stazione ferroviaria","group":"Mobilità e interscambio","subtype":"rail_station","priority":5,"osm_id":"282709577","tags":{"operator":"AMT","public_transport":"station","railway":"station","station":"subway","subway":"yes","wheelchair":"yes","wikidata":"Q3702849","wikipedia":"it:Darsena (metropolitana di Genova)"}},"geometry":{"type":"Point","coordinates":[8.9266281,44.4130419]}},{"type":"Feature","properties":{"name":"De Ferrari","category":"Stazione ferroviaria","group":"Mobilità e interscambio","subtype":"rail_station","priority":5,"osm_id":"282710955","tags":{"layer":"-2","official_name":"De Ferrari-Hitachi","operator":"AMT","public_transport":"station","railway":"station","station":"subway","subway":"yes","wheelchair":"yes","wikidata":"Q3703954","wikipedia":"it:De Ferrari (metropolitana di Genova)"}},"geometry":{"type":"Point","coordinates":[8.9347649,44.4072126]}},{"type":"Feature","properties":{"name":"Dego","category":"Stazione ferroviaria","group":"Mobilità e interscambio","subtype":"rail_station","priority":5,"osm_id":"1381717179","tags":{"operator":"Rete Ferroviaria Italiana","operator:short":"RFI","operator:wikidata":"Q1060049","railway":"station","wikidata":"Q3969518","wikipedia":"it:Stazione di Dego"}},"geometry":{"type":"Point","coordinates":[8.3084911,44.4480093]}},{"type":"Feature","properties":{"name":"Deiva Marina","category":"Stazione ferroviaria","group":"Mobilità e interscambio","subtype":"rail_station","priority":5,"osm_id":"215994228","tags":{"building":"yes","check_date:wheelchair":"2025-10-01","operator":"Rete Ferroviaria Italiana","operator:short":"RFI","operator:wikidata":"Q1060049","public_transport":"station","railway":"station","wheelchair":"no","wikidata":"Q3969521","wikipedia":"it:Stazione di Deiva Marina"}},"geometry":{"type":"Point","coordinates":[9.5189922,44.2172471]}},{"type":"Feature","properties":{"name":"Dinegro","category":"Stazione ferroviaria","group":"Mobilità e interscambio","subtype":"rail_station","priority":5,"osm_id":"282709553","tags":{"official_name":"Dinegro-Coop Liguria","operator":"AMT","public_transport":"station","railway":"station","station":"subway","subway":"yes","wheelchair":"yes","wikidata":"Q3707866","wikipedia":"it:Dinegro (metropolitana di Genova)"}},"geometry":{"type":"Point","coordinates":[8.9122285,44.4139578]}},{"type":"Feature","properties":{"name":"Ferrania","category":"Stazione ferroviaria","group":"Mobilità e interscambio","subtype":"rail_station","priority":5,"osm_id":"12299676799","tags":{"public_transport":"station","railway":"station","wikidata":"Q3969593","wikipedia":"it:Stazione di Ferrania"}},"geometry":{"type":"Point","coordinates":[8.3256049,44.3654683]}},{"type":"Feature","properties":{"name":"Finale Ligure Marina","category":"Stazione ferroviaria","group":"Mobilità e interscambio","subtype":"rail_station","priority":5,"osm_id":"3524400404","tags":{"operator":"Rete Ferroviaria Italiana","operator:short":"RFI","operator:wikidata":"Q1060049","public_transport":"station","railway":"station","train":"yes","wheelchair":"no","wikidata":"Q405379","wikipedia":"it:Stazione di Finale Ligure Marina"}},"geometry":{"type":"Point","coordinates":[8.3404141,44.1691998]}},{"type":"Feature","properties":{"name":"Framura","category":"Stazione ferroviaria","group":"Mobilità e interscambio","subtype":"rail_station","priority":5,"osm_id":"2257458139","tags":{"operator":"Rete Ferroviaria Italiana","operator:short":"RFI","operator:wikidata":"Q1060049","public_transport":"station","railway":"station","train":"yes","wikidata":"Q3969650","wikipedia":"it:Stazione di Framura"}},"geometry":{"type":"Point","coordinates":[9.5553512,44.2018727]}},{"type":"Feature","properties":{"name":"Genova Acquasanta","category":"Stazione ferroviaria","group":"Mobilità e interscambio","subtype":"rail_station","priority":5,"osm_id":"11868648628","tags":{"public_transport":"station","railway":"station","train":"yes","wikidata":"Q3969698","wikipedia":"it:Stazione di Genova Acquasanta"}},"geometry":{"type":"Point","coordinates":[8.7730782,44.4586935]}},{"type":"Feature","properties":{"name":"Genova Bolzaneto","category":"Stazione ferroviaria","group":"Mobilità e interscambio","subtype":"rail_station","priority":5,"osm_id":"11868681072","tags":{"operator":"Rete Ferroviaria Italiana","operator:short":"RFI","operator:wikidata":"Q1060049","public_transport":"station","railway":"station","train":"yes","wikidata":"Q3969702","wikipedia":"it:Stazione di Genova Bolzaneto"}},"geometry":{"type":"Point","coordinates":[8.9003212,44.4592121]}},{"type":"Feature","properties":{"name":"Genova Borzoli","category":"Stazione ferroviaria","group":"Mobilità e interscambio","subtype":"rail_station","priority":5,"osm_id":"280350303","tags":{"operator":"Rete Ferroviaria Italiana","operator:short":"RFI","operator:wikidata":"Q1060049","public_transport":"station","railway":"station","train":"yes","wheelchair":"yes","wikidata":"Q3969700","wikipedia":"it:Stazione di Genova Borzoli"}},"geometry":{"type":"Point","coordinates":[8.8667168,44.4347392]}},{"type":"Feature","properties":{"name":"Genova Brignole","category":"Stazione ferroviaria","group":"Mobilità e interscambio","subtype":"rail_station","priority":5,"osm_id":"36899984","tags":{"operator":"Rete Ferroviaria Italiana;Grandi Stazioni","public_transport":"station","railway":"station","train":"yes","wheelchair":"yes","wikidata":"Q221313","wikipedia":"it:Stazione di Genova Brignole"}},"geometry":{"type":"Point","coordinates":[8.9469156,44.4066928]}},{"type":"Feature","properties":{"name":"Genova Nervi","category":"Stazione ferroviaria","group":"Mobilità e interscambio","subtype":"rail_station","priority":5,"osm_id":"2034491818","tags":{"check_date:wheelchair":"2026-03-03","operator":"Rete Ferroviaria Italiana","operator:short":"RFI","operator:wikidata":"Q1060049","public_transport":"station","railway":"station","wheelchair":"limited","wikidata":"Q3969707","wikipedia":"it:Stazione di Genova Nervi"}},"geometry":{"type":"Point","coordinates":[9.0399213,44.3812645]}},{"type":"Feature","properties":{"name":"Genova Pegli","category":"Stazione ferroviaria","group":"Mobilità e interscambio","subtype":"rail_station","priority":5,"osm_id":"5704276593","tags":{"operator":"Rete Ferroviaria Italiana","operator:short":"RFI","operator:wikidata":"Q1060049","public_transport":"station","railway":"station","train":"yes","wikidata":"Q3969708","wikipedia":"it:Stazione di Genova Pegli"}},"geometry":{"type":"Point","coordinates":[8.816892,44.4262405]}},{"type":"Feature","properties":{"name":"Genova Piazza Manin","category":"Stazione ferroviaria","group":"Mobilità e interscambio","subtype":"rail_station","priority":5,"osm_id":"173345524","tags":{"network":"AMT Genova","operator":"AMT","public_transport":"station","railway":"station","train":"yes","wikidata":"Q3969706","wikipedia":"it:Stazione di Genova Piazza Manin"}},"geometry":{"type":"Point","coordinates":[8.9486786,44.4146662]}},{"type":"Feature","properties":{"name":"Genova Piazza Principe","category":"Stazione ferroviaria","group":"Mobilità e interscambio","subtype":"rail_station","priority":5,"osm_id":"1777874067","tags":{"alt_name":"Genova Porta Principe","image":"https://upload.wikimedia.org/wikipedia/commons/c/ca/Genova_Stazione_di_Genova_Piazza_Principe_Esterno_01.jpg","operator":"Rete Ferroviaria Italiana;Grandi Stazioni","public_transport":"station","railway":"station","short_name":"Genova P.P.","start_date":"1860","train":"yes","website":"https://www.rfi.it/it/stazioni/genova-piazza-principe.html","website:retail":"https://www.genovapiazzaprincipe.it/","wheelchair":"yes","wikidata":"Q800816","wikipedia":"it:Stazione di Genova Piazza Principe"}},"geometry":{"type":"Point","coordinates":[8.9211296,44.4170197]}},{"type":"Feature","properties":{"name":"Genova Pontedecimo","category":"Stazione ferroviaria","group":"Mobilità e interscambio","subtype":"rail_station","priority":5,"osm_id":"59476367","tags":{"operator":"Rete Ferroviaria Italiana","operator:short":"RFI","operator:wikidata":"Q1060049","public_transport":"station","railway":"station","train":"yes","wikidata":"Q3969709","wikipedia":"it:Stazione di Genova Pontedecimo"}},"geometry":{"type":"Point","coordinates":[8.9056831,44.4941814]}},{"type":"Feature","properties":{"name":"Genova Pra","category":"Stazione ferroviaria","group":"Mobilità e interscambio","subtype":"rail_station","priority":5,"osm_id":"244413642","tags":{"operator":"Rete Ferroviaria Italiana","operator:short":"RFI","operator:wikidata":"Q1060049","public_transport":"station","railway":"station","request_stop":"no","train":"yes","wheelchair":"limited","wikidata":"Q3969710","wikipedia":"it:Stazione di Genova Pra"}},"geometry":{"type":"Point","coordinates":[8.789048,44.4253331]}},{"type":"Feature","properties":{"name":"Genova Quarto dei Mille","category":"Stazione ferroviaria","group":"Mobilità e interscambio","subtype":"rail_station","priority":5,"osm_id":"2034479473","tags":{"operator":"Rete Ferroviaria Italiana","operator:short":"RFI","operator:wikidata":"Q1060049","public_transport":"station","railway":"station","wheelchair":"yes","wikidata":"Q3969711","wikipedia":"it:Stazione di Genova Quarto dei Mille"}},"geometry":{"type":"Point","coordinates":[8.9956859,44.3884978]}},{"type":"Feature","properties":{"name":"Genova Quinto al Mare","category":"Stazione ferroviaria","group":"Mobilità e interscambio","subtype":"rail_station","priority":5,"osm_id":"2034481141","tags":{"operator":"Rete Ferroviaria Italiana","operator:short":"RFI","operator:wikidata":"Q1060049","public_transport":"station","railway":"station","wheelchair":"yes","wikidata":"Q3969712","wikipedia":"it:Stazione di Genova Quinto al Mare"}},"geometry":{"type":"Point","coordinates":[9.0204137,44.38505]}},{"type":"Feature","properties":{"name":"Genova Rivarolo","category":"Stazione ferroviaria","group":"Mobilità e interscambio","subtype":"rail_station","priority":5,"osm_id":"913563023","tags":{"operator":"Rete Ferroviaria Italiana","operator:short":"RFI","operator:wikidata":"Q1060049","public_transport":"station","railway":"station","wheelchair":"limited","wikidata":"Q3969713","wikipedia":"it:Stazione di Genova Rivarolo"}},"geometry":{"type":"Point","coordinates":[8.8910402,44.4361431]}},{"type":"Feature","properties":{"name":"Genova Sampierdarena","category":"Stazione ferroviaria","group":"Mobilità e interscambio","subtype":"rail_station","priority":5,"osm_id":"38929465","tags":{"operator":"Rete Ferroviaria Italiana","operator:short":"RFI","operator:wikidata":"Q1060049","public_transport":"station","railway":"station","wheelchair":"no","wikidata":"Q951386","wikipedia":"it:Stazione di Genova Sampierdarena"}},"geometry":{"type":"Point","coordinates":[8.8870352,44.413035]}},{"type":"Feature","properties":{"name":"Genova Sestri Ponente - Aeroporto","category":"Stazione ferroviaria","group":"Mobilità e interscambio","subtype":"rail_station","priority":5,"osm_id":"1061990568","tags":{"operator":"Rete Ferroviaria Italiana","operator:short":"RFI","operator:wikidata":"Q1060049","public_transport":"station","railway":"station","toilets:wheelchair":"yes","wheelchair":"yes","wikidata":"Q3969716","wikipedia":"it:Stazione di Genova Sestri Ponente Aeroporto"}},"geometry":{"type":"Point","coordinates":[8.848025,44.4224904]}},{"type":"Feature","properties":{"name":"Genova Sturla","category":"Stazione ferroviaria","group":"Mobilità e interscambio","subtype":"rail_station","priority":5,"osm_id":"2034475522","tags":{"addr:city":"Genova","addr:housenumber":"7","addr:postcode":"16131","addr:street":"Viale Massaua","operator":"Rete Ferroviaria Italiana","operator:short":"RFI","operator:wikidata":"Q1060049","public_transport":"station","railway":"station","wikidata":"Q3969717","wikipedia":"it:Stazione di Genova Sturla"}},"geometry":{"type":"Point","coordinates":[8.981369,44.3978477]}},{"type":"Feature","properties":{"name":"Genova Voltri","category":"Stazione ferroviaria","group":"Mobilità e interscambio","subtype":"rail_station","priority":5,"osm_id":"244415566","tags":{"operator":"Rete Ferroviaria Italiana","operator:short":"RFI","operator:wikidata":"Q1060049","public_transport":"station","railway":"station","short_name":"Voltri","train":"yes","wheelchair":"no","wikidata":"Q3969721","wikipedia":"it:Stazione di Genova Voltri"}},"geometry":{"type":"Point","coordinates":[8.7586939,44.428369]}},{"type":"Feature","properties":{"name":"Imperia","category":"Stazione ferroviaria","group":"Mobilità e interscambio","subtype":"rail_station","priority":5,"osm_id":"4427972085","tags":{"public_transport":"station","railway":"station","train":"yes","wheelchair":"yes","wikidata":"Q27794827","wikipedia":"it:Stazione di Imperia"}},"geometry":{"type":"Point","coordinates":[8.0311593,43.8972142]}},{"type":"Feature","properties":{"name":"La Spezia Centrale","category":"Stazione ferroviaria","group":"Mobilità e interscambio","subtype":"rail_station","priority":5,"osm_id":"1262114259","tags":{"internet_access":"no","name:en":"Central Station of La Spezia","operator":"Rete Ferroviaria Italiana","operator:short":"RFI","operator:wikidata":"Q1060049","public_transport":"station","railway":"station","short_name":"La Spezia C.le","train":"yes","wheelchair":"yes","wikidata":"Q3969899"}},"geometry":{"type":"Point","coordinates":[9.81358,44.111564]}},{"type":"Feature","properties":{"name":"La Spezia Migliarina","category":"Stazione ferroviaria","group":"Mobilità e interscambio","subtype":"rail_station","priority":5,"osm_id":"5834005944","tags":{"building":"yes","name:en":"La Spezia Migliarina","operator":"Rete Ferroviaria Italiana","operator:short":"RFI","operator:wikidata":"Q1060049","public_transport":"station","railway":"station","train":"yes","wikidata":"Q3969896","wikipedia":"it:Stazione di La Spezia Migliarina"}},"geometry":{"type":"Point","coordinates":[9.8395537,44.1231378]}},{"type":"Feature","properties":{"name":"Levanto","category":"Stazione ferroviaria","group":"Mobilità e interscambio","subtype":"rail_station","priority":5,"osm_id":"7472007553","tags":{"public_transport":"station","railway":"station","wheelchair":"limited","wikidata":"Q3969952","wikipedia":"it:Stazione di Levanto"}},"geometry":{"type":"Point","coordinates":[9.6160653,44.1741911]}},{"type":"Feature","properties":{"name":"Loano","category":"Stazione ferroviaria","group":"Mobilità e interscambio","subtype":"rail_station","priority":5,"osm_id":"5704341020","tags":{"public_transport":"station","railway":"station","station":"train","train":"yes","wikidata":"Q3969975","wikipedia":"it:Stazione di Loano"}},"geometry":{"type":"Point","coordinates":[8.2544231,44.1223709]}},{"type":"Feature","properties":{"name":"Manarola","category":"Stazione ferroviaria","group":"Mobilità e interscambio","subtype":"rail_station","priority":5,"osm_id":"305994253","tags":{"operator":"Rete Ferroviaria Italiana","operator:short":"RFI","operator:wikidata":"Q1060049","public_transport":"station","railway":"station","wheelchair":"no","wikidata":"Q3970025","wikipedia":"it:Stazione di Manarola"}},"geometry":{"type":"Point","coordinates":[9.7292049,44.1049216]}},{"type":"Feature","properties":{"name":"Martinez","category":"Stazione ferroviaria","group":"Mobilità e interscambio","subtype":"rail_station","priority":5,"osm_id":"13328812179","tags":{"construction":"station","operator":"AMT","public_transport":"station","railway":"station","station":"subway","subway":"yes"}},"geometry":{"type":"Point","coordinates":[8.9561189,44.4055397]}},{"type":"Feature","properties":{"name":"Mele","category":"Stazione ferroviaria","group":"Mobilità e interscambio","subtype":"rail_station","priority":5,"osm_id":"169477145","tags":{"operator":"Rete Ferroviaria Italiana","operator:short":"RFI","operator:wikidata":"Q1060049","railway":"station","wikidata":"Q2460876","wikipedia":"it:Stazione di Mele"}},"geometry":{"type":"Point","coordinates":[8.7339369,44.47275]}},{"type":"Feature","properties":{"name":"Mignanego","category":"Stazione ferroviaria","group":"Mobilità e interscambio","subtype":"rail_station","priority":5,"osm_id":"6617325069","tags":{"public_transport":"station","railway":"station","train":"yes","wikidata":"Q16609424","wikipedia":"it:Stazione di Mignanego"}},"geometry":{"type":"Point","coordinates":[8.9300371,44.5389505]}},{"type":"Feature","properties":{"name":"Moneglia","category":"Stazione ferroviaria","group":"Mobilità e interscambio","subtype":"rail_station","priority":5,"osm_id":"4763086005","tags":{"operator":"Rete Ferroviaria Italiana","operator:short":"RFI","operator:wikidata":"Q1060049","public_transport":"station","railway":"station","wheelchair":"no","wikidata":"Q3970177","wikipedia":"it:Stazione di Moneglia"}},"geometry":{"type":"Point","coordinates":[9.4869565,44.2424183]}},{"type":"Feature","properties":{"name":"Monterosso","category":"Stazione ferroviaria","group":"Mobilità e interscambio","subtype":"rail_station","priority":5,"osm_id":"7472143593","tags":{"operator":"Rete Ferroviaria Italiana","operator:short":"RFI","operator:wikidata":"Q1060049","public_transport":"station","railway":"station","train":"yes","wikidata":"Q3970216","wikimedia_commons":"Category:Monterosso train station","wikipedia":"it:Stazione di Monterosso"}},"geometry":{"type":"Point","coordinates":[9.6489881,44.1458899]}},{"type":"Feature","properties":{"name":"Mulinetti","category":"Stazione ferroviaria","group":"Mobilità e interscambio","subtype":"rail_station","priority":5,"osm_id":"96082187","tags":{"operator":"Rete Ferroviaria Italiana","operator:short":"RFI","operator:wikidata":"Q1060049","public_transport":"station","railway":"station","train":"yes","wikidata":"Q3970246","wikipedia":"it:Stazione di Mulinetti"}},"geometry":{"type":"Point","coordinates":[9.1303039,44.3622439]}},{"type":"Feature","properties":{"name":"Olivetta San Michele","category":"Stazione ferroviaria","group":"Mobilità e interscambio","subtype":"rail_station","priority":5,"osm_id":"8402787427","tags":{"public_transport":"station","railway":"station","train":"yes","wikidata":"Q3095820","wikipedia":"it:Stazione di Olivetta San Michele"}},"geometry":{"type":"Point","coordinates":[7.5350972,43.8784011]}},{"type":"Feature","properties":{"name":"Piana","category":"Stazione ferroviaria","group":"Mobilità e interscambio","subtype":"rail_station","priority":5,"osm_id":"1381717142","tags":{"operator":"Rete Ferroviaria Italiana","operator:short":"RFI","operator:wikidata":"Q1060049","public_transport":"station","railway":"station","train":"yes","wikidata":"Q3970461","wikipedia":"it:Stazione di Piana"}},"geometry":{"type":"Point","coordinates":[8.3087876,44.4863995]}},{"type":"Feature","properties":{"name":"Piano Orizzontale dei Giovi","category":"Stazione ferroviaria","group":"Mobilità e interscambio","subtype":"rail_station","priority":5,"osm_id":"3947638432","tags":{"operator":"Rete Ferroviaria Italiana","operator:short":"RFI","operator:wikidata":"Q1060049","public_transport":"stop_position","railway":"station","train":"yes","wikidata":"Q3970466","wikipedia":"it:Stazione di Piano Orizzontale dei Giovi"}},"geometry":{"type":"Point","coordinates":[8.9192542,44.5309709]}},{"type":"Feature","properties":{"name":"Pietra Ligure","category":"Stazione ferroviaria","group":"Mobilità e interscambio","subtype":"rail_station","priority":5,"osm_id":"4272948124","tags":{"public_transport":"station","railway":"station","wikidata":"Q3970481","wikipedia":"it:Stazione di Pietra Ligure"}},"geometry":{"type":"Point","coordinates":[8.2773071,44.1452523]}},{"type":"Feature","properties":{"name":"Pieve Ligure","category":"Stazione ferroviaria","group":"Mobilità e interscambio","subtype":"rail_station","priority":5,"osm_id":"2154756451","tags":{"operator":"Rete Ferroviaria Italiana","operator:short":"RFI","operator:wikidata":"Q1060049","public_transport":"station","railway":"station","train":"yes","wikidata":"Q3970487","wikipedia":"it:Stazione di Pieve Ligure"}},"geometry":{"type":"Point","coordinates":[9.0909049,44.3725553]}},{"type":"Feature","properties":{"name":"Pino","category":"Stazione ferroviaria","group":"Mobilità e interscambio","subtype":"rail_station","priority":5,"osm_id":"180719988","tags":{"network":"AMT Genova","operator":"AMT","public_transport":"station","railway":"station","train":"yes","wikidata":"Q60325294"}},"geometry":{"type":"Point","coordinates":[8.9595434,44.4684363]}},{"type":"Feature","properties":{"name":"Pontetto","category":"Stazione ferroviaria","group":"Mobilità e interscambio","subtype":"rail_station","priority":5,"osm_id":"2154756452","tags":{"operator":"Rete Ferroviaria Italiana","operator:short":"RFI","operator:wikidata":"Q1060049","public_transport":"station","railway":"station","wikidata":"Q3970546","wikipedia":"it:Stazione di Pontetto"}},"geometry":{"type":"Point","coordinates":[9.0768558,44.3772742]}},{"type":"Feature","properties":{"name":"Principe","category":"Stazione ferroviaria","group":"Mobilità e interscambio","subtype":"rail_station","priority":5,"osm_id":"205364724","tags":{"public_transport":"station","railway":"station","station":"subway","subway":"yes","wheelchair":"yes"}},"geometry":{"type":"Point","coordinates":[8.9189952,44.4162834]}},{"type":"Feature","properties":{"name":"Rapallo","category":"Stazione ferroviaria","group":"Mobilità e interscambio","subtype":"rail_station","priority":5,"osm_id":"82739131","tags":{"operator":"Rete Ferroviaria Italiana","operator:short":"RFI","operator:wikidata":"Q1060049","public_transport":"station","railway":"station","train":"yes","wheelchair":"yes","wikidata":"Q3970646","wikipedia":"it:Stazione di Rapallo"}},"geometry":{"type":"Point","coordinates":[9.2313476,44.3512719]}},{"type":"Feature","properties":{"name":"Recco","category":"Stazione ferroviaria","group":"Mobilità e interscambio","subtype":"rail_station","priority":5,"osm_id":"47137986","tags":{"operator":"Rete Ferroviaria Italiana","operator:short":"RFI","operator:wikidata":"Q1060049","public_transport":"station","railway":"station","wikidata":"Q3970645","wikipedia":"it:Stazione di Recco"}},"geometry":{"type":"Point","coordinates":[9.1467632,44.3611062]}},{"type":"Feature","properties":{"name":"Riomaggiore","category":"Stazione ferroviaria","group":"Mobilità e interscambio","subtype":"rail_station","priority":5,"osm_id":"7472186134","tags":{"public_transport":"station","railway":"station","wheelchair":"yes","wikidata":"Q3097415","wikipedia":"it:Stazione di Riomaggiore"}},"geometry":{"type":"Point","coordinates":[9.7361425,44.1006168]}},{"type":"Feature","properties":{"name":"Riva Trigoso","category":"Stazione ferroviaria","group":"Mobilità e interscambio","subtype":"rail_station","priority":5,"osm_id":"2515903548","tags":{"operator":"Rete Ferroviaria Italiana","operator:short":"RFI","operator:wikidata":"Q1060049","public_transport":"station","railway":"station","wikidata":"Q608570","wikipedia":"it:Stazione di Riva Trigoso"}},"geometry":{"type":"Point","coordinates":[9.4292305,44.263878]}},{"type":"Feature","properties":{"name":"Ronco Scrivia","category":"Stazione ferroviaria","group":"Mobilità e interscambio","subtype":"rail_station","priority":5,"osm_id":"7448297738","tags":{"operator":"Rete Ferroviaria Italiana","operator:short":"RFI","operator:wikidata":"Q1060049","public_transport":"station","railway":"station","train":"yes","wikidata":"Q3970717","wikipedia":"it:Stazione di Ronco Scrivia"}},"geometry":{"type":"Point","coordinates":[8.9485654,44.6155063]}},{"type":"Feature","properties":{"name":"Rossiglione","category":"Stazione ferroviaria","group":"Mobilità e interscambio","subtype":"rail_station","priority":5,"osm_id":"317405389","tags":{"operator":"Rete Ferroviaria Italiana","operator:short":"RFI","operator:wikidata":"Q1060049","public_transport":"station","railway":"station","train":"yes","wikidata":"Q3970724","wikipedia":"it:Stazione di Rossiglione"}},"geometry":{"type":"Point","coordinates":[8.6678743,44.5677279]}},{"type":"Feature","properties":{"name":"San Giorgio","category":"Stazione ferroviaria","group":"Mobilità e interscambio","subtype":"rail_station","priority":5,"osm_id":"610676938","tags":{"official_name":"San Giorgio-My Sport","operator":"AMT","public_transport":"station","railway":"station","station":"subway","subway":"yes","wheelchair":"yes","wikidata":"Q3947212","wikipedia":"it:San Giorgio (metropolitana di Genova)"}},"geometry":{"type":"Point","coordinates":[8.9286002,44.4087815]}},{"type":"Feature","properties":{"name":"San Giuseppe di Cairo","category":"Stazione ferroviaria","group":"Mobilità e interscambio","subtype":"rail_station","priority":5,"osm_id":"1381717181","tags":{"public_transport":"station","railway":"station","train":"yes","wheelchair":"limited","wikidata":"Q3970816","wikipedia":"it:Stazione di San Giuseppe di Cairo"}},"geometry":{"type":"Point","coordinates":[8.2883769,44.3701572]}},{"type":"Feature","properties":{"name":"Santa Margherita Ligure - Portofino","category":"Stazione ferroviaria","group":"Mobilità e interscambio","subtype":"rail_station","priority":5,"osm_id":"5704453372","tags":{"alt_name":"S. Margherita Ligure - Portofino","operator":"Rete Ferroviaria Italiana","operator:short":"RFI","operator:wikidata":"Q1060049","public_transport":"station","railway":"station","station":"train","train":"yes","wheelchair":"yes","wikidata":"Q3970884","wikipedia":"it:Stazione di Santa Margherita Ligure-Portofino"}},"geometry":{"type":"Point","coordinates":[9.2168622,44.336637]}},{"type":"Feature","properties":{"name":"Santo Stefano di Magra","category":"Stazione ferroviaria","group":"Mobilità e interscambio","subtype":"rail_station","priority":5,"osm_id":"5834276087","tags":{"operator":"Rete Ferroviaria Italiana","operator:short":"RFI","operator:wikidata":"Q1060049","public_transport":"station","railway":"station","train":"yes"}},"geometry":{"type":"Point","coordinates":[9.9152872,44.1558579]}},{"type":"Feature","properties":{"name":"Santuario","category":"Stazione ferroviaria","group":"Mobilità e interscambio","subtype":"rail_station","priority":5,"osm_id":"12291596713","tags":{"operator":"Rete Ferroviaria Italiana","operator:short":"RFI","operator:wikidata":"Q1060049","public_transport":"station","railway":"station","wikidata":"Q3970900","wikipedia":"it:Stazione di Santuario"}},"geometry":{"type":"Point","coordinates":[8.4357593,44.3460101]}},{"type":"Feature","properties":{"name":"Sardorella","category":"Stazione ferroviaria","group":"Mobilità e interscambio","subtype":"rail_station","priority":5,"osm_id":"4199198745","tags":{"network":"AMT Genova","operator":"AMT","public_transport":"station","railway":"station","train":"yes","wikidata":"Q60325333"}},"geometry":{"type":"Point","coordinates":[8.975743,44.4803183]}},{"type":"Feature","properties":{"name":"Sarzana","category":"Stazione ferroviaria","group":"Mobilità e interscambio","subtype":"rail_station","priority":5,"osm_id":"1265732350","tags":{"operator":"Rete Ferroviaria Italiana","operator:short":"RFI","operator:wikidata":"Q1060049","public_transport":"station","railway":"station","train":"yes","wikidata":"Q3970908","wikipedia":"it:Stazione di Sarzana"}},"geometry":{"type":"Point","coordinates":[9.9604626,44.109103]}},{"type":"Feature","properties":{"name":"Sarzano/Sant'Agostino","category":"Stazione ferroviaria","group":"Mobilità e interscambio","subtype":"rail_station","priority":5,"osm_id":"9168299528","tags":{"official_name":"Sarzano/Sant'Agostino-Terna","operator":"AMT","public_transport":"station","railway":"station","station":"subway","subway":"yes","wheelchair":"yes","wikidata":"Q3950608","wikipedia":"it:Sarzano/Sant'Agostino"}},"geometry":{"type":"Point","coordinates":[8.9317254,44.4043074]}},{"type":"Feature","properties":{"name":"Savona","category":"Stazione ferroviaria","group":"Mobilità e interscambio","subtype":"rail_station","priority":5,"osm_id":"12299676794","tags":{"addr:street":"Piazza Aldo Moro","operator":"Rete Ferroviaria Italiana","operator:short":"RFI","operator:wikidata":"Q1060049","public_transport":"station","railway":"station","wheelchair":"yes","wikidata":"Q3970921","wikipedia":"it:Stazione di Savona"}},"geometry":{"type":"Point","coordinates":[8.4710865,44.3069809]}},{"type":"Feature","properties":{"name":"Sestri Levante","category":"Stazione ferroviaria","group":"Mobilità e interscambio","subtype":"rail_station","priority":5,"osm_id":"216004495","tags":{"operator":"Rete Ferroviaria Italiana","operator:short":"RFI","operator:wikidata":"Q1060049","public_transport":"station","railway":"station","train":"yes","wheelchair":"no","wikidata":"Q3970961","wikipedia":"it:Stazione di Sestri Levante"}},"geometry":{"type":"Point","coordinates":[9.3975793,44.2762305]}},{"type":"Feature","properties":{"name":"Sori","category":"Stazione ferroviaria","group":"Mobilità e interscambio","subtype":"rail_station","priority":5,"osm_id":"4350090825","tags":{"public_transport":"station","railway":"station","train":"yes","wheelchair":"no","wikidata":"Q3971021","wikipedia":"it:Stazione di Sori"}},"geometry":{"type":"Point","coordinates":[9.105985,44.3696967]}},{"type":"Feature","properties":{"name":"Spotorno-Noli","category":"Stazione ferroviaria","group":"Mobilità e interscambio","subtype":"rail_station","priority":5,"osm_id":"4350072947","tags":{"operator":"Rete Ferroviaria Italiana","operator:short":"RFI","operator:wikidata":"Q1060049","public_transport":"station","railway":"station"}},"geometry":{"type":"Point","coordinates":[8.4111802,44.2264968]}},{"type":"Feature","properties":{"name":"Taggia-Arma","category":"Stazione ferroviaria","group":"Mobilità e interscambio","subtype":"rail_station","priority":5,"osm_id":"8399108836","tags":{"public_transport":"station","railway":"station","wikidata":"Q3971067","wikipedia":"it:Stazione di Taggia-Arma"}},"geometry":{"type":"Point","coordinates":[7.8553346,43.8445501]}},{"type":"Feature","properties":{"name":"Torrazza","category":"Stazione ferroviaria","group":"Mobilità e interscambio","subtype":"rail_station","priority":5,"osm_id":"180720002","tags":{"network":"AMT Genova","operator":"AMT","public_transport":"station","railway":"station","train":"yes","wikidata":"Q56371385"}},"geometry":{"type":"Point","coordinates":[8.9619132,44.4742077]}},{"type":"Feature","properties":{"name":"Varazze","category":"Stazione ferroviaria","group":"Mobilità e interscambio","subtype":"rail_station","priority":5,"osm_id":"5704317007","tags":{"operator":"Rete Ferroviaria Italiana","operator:short":"RFI","operator:wikidata":"Q1060049","public_transport":"station","railway":"station","train":"yes","wheelchair":"no","wikidata":"Q15859281","wikipedia":"it:Stazione di Varazze"}},"geometry":{"type":"Point","coordinates":[8.5665287,44.3567647]}},{"type":"Feature","properties":{"name":"Ventimiglia","category":"Stazione ferroviaria","group":"Mobilità e interscambio","subtype":"rail_station","priority":5,"osm_id":"2052772794","tags":{"name:fr":"Vintimille","operator":"Rete Ferroviaria Italiana","operator:short":"RFI","operator:wikidata":"Q1060049","public_transport":"station","railway":"station","train":"yes","uic_ref":"8304501","wheelchair":"no","wikidata":"Q1141602","wikipedia":"it:Stazione di Ventimiglia"}},"geometry":{"type":"Point","coordinates":[7.6098824,43.7926874]}},{"type":"Feature","properties":{"name":"Vernazza","category":"Stazione ferroviaria","group":"Mobilità e interscambio","subtype":"rail_station","priority":5,"osm_id":"7472143603","tags":{"departures_board":"realtime","public_transport":"station","railway":"station","train":"yes","wikidata":"Q3971270","wikipedia":"it:Stazione di Vernazza"}},"geometry":{"type":"Point","coordinates":[9.6845448,44.1350299]}},{"type":"Feature","properties":{"name":"Vezzano Ligure","category":"Stazione ferroviaria","group":"Mobilità e interscambio","subtype":"rail_station","priority":5,"osm_id":"5833462598","tags":{"operator":"Rete Ferroviaria Italiana","operator:short":"RFI","operator:wikidata":"Q1060049","public_transport":"station","railway":"station","train":"yes","wikidata":"Q3971281","wikipedia":"it:Stazione di Vezzano Ligure"}},"geometry":{"type":"Point","coordinates":[9.8893555,44.12713]}},{"type":"Feature","properties":{"name":"Vicomorasso","category":"Stazione ferroviaria","group":"Mobilità e interscambio","subtype":"rail_station","priority":5,"osm_id":"180720113","tags":{"network":"AMT Genova","operator":"AMT","public_transport":"station","railway":"station","train":"yes","wikidata":"Q60325357"}},"geometry":{"type":"Point","coordinates":[8.9772369,44.4858851]}},{"type":"Feature","properties":{"name":"Zoagli","category":"Stazione ferroviaria","group":"Mobilità e interscambio","subtype":"rail_station","priority":5,"osm_id":"130004035","tags":{"operator":"Rete Ferroviaria Italiana","operator:short":"RFI","operator:wikidata":"Q1060049","public_transport":"station","railway":"station","train":"yes","wikidata":"Q3971385","wikipedia":"it:Stazione di Zoagli"}},"geometry":{"type":"Point","coordinates":[9.2692073,44.3353768]}},{"type":"Feature","properties":{"name":"Porta delle Chiappe","category":"Luogo storico","group":"Da visitare","subtype":"city_gate","priority":4,"osm_id":"7012215127","tags":{"historic":"city_gate"}},"geometry":{"type":"Point","coordinates":[8.9355444,44.4255351]}},{"type":"Feature","properties":{"name":"Acquedotto storico in pietra","category":"Monumento","group":"Da visitare","subtype":"monument","priority":4,"osm_id":"11662295150","tags":{"historic":"monument"}},"geometry":{"type":"Point","coordinates":[9.4707067,44.3430519]}},{"type":"Feature","properties":{"name":"Aereo Guardia Costiera","category":"Monumento","group":"Da visitare","subtype":"monument","priority":4,"osm_id":"12230455211","tags":{"historic":"monument"}},"geometry":{"type":"Point","coordinates":[9.3211806,44.3142799]}},{"type":"Feature","properties":{"name":"Ai Caduti Partigiani e Civili","category":"Monumento","group":"Da visitare","subtype":"monument","priority":4,"osm_id":"8526281701","tags":{"access":"yes","historic":"monument","inscription":"Qui il 23.11.1944 sotto il piombo nazifascista caddero da eroi partigiani e civili in difesa della Libertà - Per non dimenticare 29.11.1968"}},"geometry":{"type":"Point","coordinates":[10.0440439,44.0962992]}},{"type":"Feature","properties":{"name":"Aldo Acquarone","category":"Monumento","group":"Da visitare","subtype":"monument","priority":4,"osm_id":"5390832422","tags":{"historic":"monument"}},"geometry":{"type":"Point","coordinates":[8.9378328,44.4145282]}},{"type":"Feature","properties":{"name":"Alla Resistenza","category":"Monumento","group":"Da visitare","subtype":"monument","priority":4,"osm_id":"11809917809","tags":{"access":"yes","historic":"monument","inscription":"Ad imperitura memoria di combattenti e deportati che nel nome della libertà e della democrazia sacrificarono la vita.\nI cittadini di Santo Stefano nel 40° della costituzione  1948-1988","material":"marble"}},"geometry":{"type":"Point","coordinates":[9.9156255,44.1622582]}},{"type":"Feature","properties":{"name":"antico riparo","category":"Monumento","group":"Da visitare","subtype":"monument","priority":4,"osm_id":"13711504591","tags":{"historic":"monument"}},"geometry":{"type":"Point","coordinates":[9.4876091,44.3774007]}},{"type":"Feature","properties":{"name":"Arco trionfale di Carlo Alberto","category":"Monumento","group":"Da visitare","subtype":"monument","priority":4,"osm_id":"3055312957","tags":{"historic":"monument"}},"geometry":{"type":"Point","coordinates":[8.3492188,44.1704404]}},{"type":"Feature","properties":{"name":"Armatore Messina Cantieri Navali","category":"Monumento","group":"Da visitare","subtype":"monument","priority":4,"osm_id":"4713354311","tags":{"historic":"monument"}},"geometry":{"type":"Point","coordinates":[8.2803748,44.1477118]}},{"type":"Feature","properties":{"name":"Barca \"Focaccia\"","category":"Monumento","group":"Da visitare","subtype":"monument","priority":4,"osm_id":"10102824383","tags":{"historic":"monument"}},"geometry":{"type":"Point","coordinates":[9.1436872,44.3613613]}},{"type":"Feature","properties":{"name":"Bassorilievo in onore della Dea Diana","category":"Monumento","group":"Da visitare","subtype":"monument","priority":4,"osm_id":"8444956350","tags":{"historic":"monument"}},"geometry":{"type":"Point","coordinates":[8.0778763,43.9041879]}},{"type":"Feature","properties":{"name":"Busto commemorativo a Pietro Sbarbaro","category":"Monumento","group":"Da visitare","subtype":"monument","priority":4,"osm_id":"5817979806","tags":{"historic":"monument"}},"geometry":{"type":"Point","coordinates":[8.4817071,44.3040065]}},{"type":"Feature","properties":{"name":"Busto di Elena di Montenegro","category":"Monumento","group":"Da visitare","subtype":"monument","priority":4,"osm_id":"5535312598","tags":{"historic":"monument","start_date":"1989","subject:wikidata":"Q181530","wikimedia_commons":"File:San Remo023.jpg"}},"geometry":{"type":"Point","coordinates":[7.7699799,43.8144889]}},{"type":"Feature","properties":{"name":"Busto di Vittorio Emanuele III","category":"Monumento","group":"Da visitare","subtype":"monument","priority":4,"osm_id":"5535312599","tags":{"historic":"monument","start_date":"1989","subject:wikidata":"Q168691","wikimedia_commons":"File:Vittorio Emanuele III a Sanremo.jpg"}},"geometry":{"type":"Point","coordinates":[7.769947,43.8144943]}},{"type":"Feature","properties":{"name":"Caduti del mare","category":"Monumento","group":"Da visitare","subtype":"monument","priority":4,"osm_id":"12451683393","tags":{"historic":"monument"}},"geometry":{"type":"Point","coordinates":[8.2641828,44.1278447]}},{"type":"Feature","properties":{"name":"Caduti guerra","category":"Monumento","group":"Da visitare","subtype":"monument","priority":4,"osm_id":"6722844555","tags":{"historic":"monument"}},"geometry":{"type":"Point","coordinates":[8.3446136,44.222117]}},{"type":"Feature","properties":{"name":"caduti sul lavoro","category":"Monumento","group":"Da visitare","subtype":"monument","priority":4,"osm_id":"7489879293","tags":{"historic":"monument"}},"geometry":{"type":"Point","coordinates":[8.5686122,44.3566252]}},{"type":"Feature","properties":{"name":"Camillo Benso Conte di Cavour","category":"Monumento","group":"Da visitare","subtype":"monument","priority":4,"osm_id":"4703736724","tags":{"historic":"monument"}},"geometry":{"type":"Point","coordinates":[9.6120567,44.1700618]}},{"type":"Feature","properties":{"name":"Campanassa","category":"Monumento","group":"Da visitare","subtype":"monument","priority":4,"osm_id":"807646330","tags":{"historic":"monument"}},"geometry":{"type":"Point","coordinates":[8.4842953,44.3070282]}},{"type":"Feature","properties":{"name":"canale storico","category":"Monumento","group":"Da visitare","subtype":"monument","priority":4,"osm_id":"11950864643","tags":{"historic":"monument"}},"geometry":{"type":"Point","coordinates":[9.4910086,44.3469195]}},{"type":"Feature","properties":{"name":"Carabinieri","category":"Monumento","group":"Da visitare","subtype":"monument","priority":4,"osm_id":"7072476015","tags":{"historic":"monument"}},"geometry":{"type":"Point","coordinates":[8.2195755,44.0503245]}},{"type":"Feature","properties":{"name":"Carità","category":"Monumento","group":"Da visitare","subtype":"monument","priority":4,"osm_id":"3090355163","tags":{"artist_name":"Giovanni Battista Cevasco","artwork_type":"statue","historic":"monument","image":"http://it.wikipedia.org/wiki/File:Genova_-_Cimitero_di_Staglieno_-_Statua_della_Fede_e_Pantheon-3.jpg","start_date":"1878","tourism":"artwork","wikidata":"Q56641513"}},"geometry":{"type":"Point","coordinates":[8.9502125,44.4300439]}},{"type":"Feature","properties":{"name":"Case storiche in pietra","category":"Monumento","group":"Da visitare","subtype":"monument","priority":4,"osm_id":"11950855740","tags":{"historic":"monument"}},"geometry":{"type":"Point","coordinates":[9.4604785,44.3408536]}},{"type":"Feature","properties":{"name":"Charles Garnier","category":"Monumento","group":"Da visitare","subtype":"monument","priority":4,"osm_id":"909409652","tags":{"historic":"monument"}},"geometry":{"type":"Point","coordinates":[7.6741518,43.7785581]}},{"type":"Feature","properties":{"name":"Chiosco della musica","category":"Monumento","group":"Da visitare","subtype":"monument","priority":4,"osm_id":"1721977074","tags":{"historic":"monument"}},"geometry":{"type":"Point","coordinates":[9.2317873,44.3488506]}},{"type":"Feature","properties":{"name":"Cippo a Guido Rossa","category":"Monumento","group":"Da visitare","subtype":"monument","priority":4,"osm_id":"6642562480","tags":{"historic":"monument"}},"geometry":{"type":"Point","coordinates":[8.9224312,44.4236121]}},{"type":"Feature","properties":{"name":"Colonna Infame","category":"Monumento","group":"Da visitare","subtype":"monument","priority":4,"osm_id":"2387852123","tags":{"historic":"monument","wikidata":"Q13484749","wikipedia":"it:Colonna infame (Genova)"}},"geometry":{"type":"Point","coordinates":[8.9281928,44.4125135]}},{"type":"Feature","properties":{"name":"Cristoforo Colombo","category":"Monumento","group":"Da visitare","subtype":"monument","priority":4,"osm_id":"727780799","tags":{"amenity":"fountain","historic":"monument","start_date":"1892"}},"geometry":{"type":"Point","coordinates":[9.2136681,44.333998]}},{"type":"Feature","properties":{"name":"Croce di ferro","category":"Monumento","group":"Da visitare","subtype":"monument","priority":4,"osm_id":"2600472664","tags":{"historic":"monument"}},"geometry":{"type":"Point","coordinates":[8.6285453,44.5341632]}},{"type":"Feature","properties":{"name":"Culonna di Ciampanü","category":"Monumento","group":"Da visitare","subtype":"monument","priority":4,"osm_id":"12732992898","tags":{"historic":"monument"}},"geometry":{"type":"Point","coordinates":[7.9457674,43.9090748]}},{"type":"Feature","properties":{"name":"Ex rifugio storico","category":"Monumento","group":"Da visitare","subtype":"monument","priority":4,"osm_id":"11950855742","tags":{"historic":"monument"}},"geometry":{"type":"Point","coordinates":[9.4571765,44.3357778]}},{"type":"Feature","properties":{"name":"Faro Portus Lunea","category":"Monumento","group":"Da visitare","subtype":"monument","priority":4,"osm_id":"7331738079","tags":{"historic":"monument"}},"geometry":{"type":"Point","coordinates":[10.0105341,44.059864]}},{"type":"Feature","properties":{"name":"Geremia","category":"Monumento","group":"Da visitare","subtype":"monument","priority":4,"osm_id":"3090355164","tags":{"artist_name":"Giuseppe Benetti","artwork_type":"statue","historic":"monument","start_date":"1872","tourism":"artwork","wikidata":"Q56641514"}},"geometry":{"type":"Point","coordinates":[8.9506043,44.4298957]}},{"type":"Feature","properties":{"name":"Giobbe","category":"Monumento","group":"Da visitare","subtype":"monument","priority":4,"osm_id":"3090358465","tags":{"artist_name":"Giuseppe Benetti","artwork_type":"statue","historic":"monument","image":"http://it.wikipedia.org/wiki/File:Genova_-_Cimitero_di_Staglieno_-_Statua_della_Fede_e_Pantheon-3.jpg","start_date":"1872","tourism":"artwork","wikidata":"Q56641515"}},"geometry":{"type":"Point","coordinates":[8.9503787,44.4298518]}},{"type":"Feature","properties":{"name":"Giuseppe Garibaldi","category":"Monumento","group":"Da visitare","subtype":"monument","priority":4,"osm_id":"10067470740","tags":{"historic":"monument"}},"geometry":{"type":"Point","coordinates":[9.3273941,44.3165483]}},{"type":"Feature","properties":{"name":"Grotta del Principe","category":"Monumento","group":"Da visitare","subtype":"monument","priority":4,"osm_id":"3854968665","tags":{"historic":"monument","layer":"-2"}},"geometry":{"type":"Point","coordinates":[8.9150367,44.4169159]}},{"type":"Feature","properties":{"name":"Hansel e Gretel","category":"Monumento","group":"Da visitare","subtype":"monument","priority":4,"osm_id":"4273030061","tags":{"historic":"monument"}},"geometry":{"type":"Point","coordinates":[8.2306484,44.093876]}},{"type":"Feature","properties":{"name":"Il Globo","category":"Monumento","group":"Da visitare","subtype":"monument","priority":4,"osm_id":"8437762224","tags":{"historic":"monument"}},"geometry":{"type":"Point","coordinates":[8.0843334,43.9097607]}},{"type":"Feature","properties":{"name":"INNO ALLA VITA","category":"Monumento","group":"Da visitare","subtype":"monument","priority":4,"osm_id":"13495242678","tags":{"access":"yes","historic":"monument","inscription":"INNO ALLA VITA SANT'OLCESE AI SUOI CADUTI"}},"geometry":{"type":"Point","coordinates":[8.9229807,44.477446]}},{"type":"Feature","properties":{"name":"La Lanterna de Genova","category":"Monumento","group":"Da visitare","subtype":"monument","priority":4,"osm_id":"13317746407","tags":{"historic":"monument","inscription":"la Lanterna, con i suoi 77 metri di altezza è il faro più alto del Mediterraneo. Secondo alcune fonti, la sua fondazione risale al 1128: raggiunse poi il suo aspetto definitivo nel 1543.","wikidata":"Q776666","wikipedia":"it:Lanterna di Genova"}},"geometry":{"type":"Point","coordinates":[8.904638,44.4045464]}},{"type":"Feature","properties":{"name":"La Pressa","category":"Monumento","group":"Da visitare","subtype":"monument","priority":4,"osm_id":"935187057","tags":{"historic":"monument"}},"geometry":{"type":"Point","coordinates":[8.8817383,44.4216908]}},{"type":"Feature","properties":{"name":"La Strega","category":"Monumento","group":"Da visitare","subtype":"monument","priority":4,"osm_id":"455060434","tags":{"historic":"monument"}},"geometry":{"type":"Point","coordinates":[7.7657697,43.9927093]}},{"type":"Feature","properties":{"name":"Lapide commemorativa eccidio partigiani","category":"Monumento","group":"Da visitare","subtype":"monument","priority":4,"osm_id":"6291759256","tags":{"historic":"monument"}},"geometry":{"type":"Point","coordinates":[9.36012,44.471329]}},{"type":"Feature","properties":{"name":"maestà","category":"Monumento","group":"Da visitare","subtype":"monument","priority":4,"osm_id":"12051752766","tags":{"historic":"monument"}},"geometry":{"type":"Point","coordinates":[9.4939696,44.4819378]}},{"type":"Feature","properties":{"name":"Margherita di Savoia","category":"Monumento","group":"Da visitare","subtype":"monument","priority":4,"osm_id":"909407127","tags":{"artist:wikidata":"Q3804412","artist_name":"Italo Griselli","historic":"monument","monument":"statue","subject:wikidata":"Q135631","wikipedia":"it:Margherita di Savoia"}},"geometry":{"type":"Point","coordinates":[7.6739727,43.7781191]}},{"type":"Feature","properties":{"name":"Marinai D'Italia","category":"Monumento","group":"Da visitare","subtype":"monument","priority":4,"osm_id":"4713366935","tags":{"historic":"monument"}},"geometry":{"type":"Point","coordinates":[8.2865854,44.1494669]}},{"type":"Feature","properties":{"name":"Mausoleo","category":"Monumento","group":"Da visitare","subtype":"monument","priority":4,"osm_id":"3359545825","tags":{"historic":"monument"}},"geometry":{"type":"Point","coordinates":[10.0208661,44.061581]}},{"type":"Feature","properties":{"name":"Menhir","category":"Monumento","group":"Da visitare","subtype":"monument","priority":4,"osm_id":"6440838951","tags":{"historic":"monument","natural":"stone"}},"geometry":{"type":"Point","coordinates":[9.746123,44.1227268]}},{"type":"Feature","properties":{"name":"Meridiana","category":"Monumento","group":"Da visitare","subtype":"monument","priority":4,"osm_id":"6116359120","tags":{"historic":"monument"}},"geometry":{"type":"Point","coordinates":[9.5769305,44.1983248]}},{"type":"Feature","properties":{"name":"monumento a Carlo Fabbricotti","category":"Monumento","group":"Da visitare","subtype":"monument","priority":4,"osm_id":"1476827640","tags":{"historic":"monument"}},"geometry":{"type":"Point","coordinates":[10.0103044,44.0501785]}},{"type":"Feature","properties":{"name":"Monumento a Cristoforo Colombo","category":"Monumento","group":"Da visitare","subtype":"monument","priority":4,"osm_id":"728851576","tags":{"access":"yes","historic":"monument"}},"geometry":{"type":"Point","coordinates":[9.2288789,44.3469311]}},{"type":"Feature","properties":{"name":"Monumento a Cristoforo Colombo","category":"Monumento","group":"Da visitare","subtype":"monument","priority":4,"osm_id":"2452954333","tags":{"artist_name":"Ghersi","historic":"monument","tourism":"artwork"}},"geometry":{"type":"Point","coordinates":[8.084562,43.9074684]}},{"type":"Feature","properties":{"name":"Monumento a Don Luigi Orione","category":"Monumento","group":"Da visitare","subtype":"monument","priority":4,"osm_id":"9238170943","tags":{"historic":"monument"}},"geometry":{"type":"Point","coordinates":[10.0531092,44.0871978]}},{"type":"Feature","properties":{"name":"Monumento a Giovanni Lerda","category":"Monumento","group":"Da visitare","subtype":"monument","priority":4,"osm_id":"1378754640","tags":{"historic":"monument"}},"geometry":{"type":"Point","coordinates":[8.7540044,44.4284877]}},{"type":"Feature","properties":{"name":"Monumento a Giuseppe Garibaldi","category":"Monumento","group":"Da visitare","subtype":"monument","priority":4,"osm_id":"1972142385","tags":{"historic":"monument","subject:wikidata":"Q539","subject:wikipedia":"it:Giuseppe Garibaldi"}},"geometry":{"type":"Point","coordinates":[8.889246,44.410339]}},{"type":"Feature","properties":{"name":"Monumento a Nicolò Barabino","category":"Monumento","group":"Da visitare","subtype":"monument","priority":4,"osm_id":"3479701052","tags":{"historic":"monument"}},"geometry":{"type":"Point","coordinates":[8.8967521,44.4087357]}},{"type":"Feature","properties":{"name":"Monumento agli Alpini","category":"Monumento","group":"Da visitare","subtype":"monument","priority":4,"osm_id":"9780065094","tags":{"access":"yes","historic":"monument","material":"marble"}},"geometry":{"type":"Point","coordinates":[9.964544,44.1103366]}},{"type":"Feature","properties":{"name":"Monumento agli Alpini","category":"Monumento","group":"Da visitare","subtype":"monument","priority":4,"osm_id":"12861676421","tags":{"access":"yes","description":"Monumento agli Alpini costruito dal Gruppo Alpini Cogoleto in memoria di tutti gli Alpini \\","historic":"monument","inscription":"Per non dimenticare","material":"pietra"}},"geometry":{"type":"Point","coordinates":[8.6471921,44.3892877]}},{"type":"Feature","properties":{"name":"Monumento ai caduti","category":"Monumento","group":"Da visitare","subtype":"monument","priority":4,"osm_id":"1739668358","tags":{"historic":"monument"}},"geometry":{"type":"Point","coordinates":[8.9014407,44.4586308]}},{"type":"Feature","properties":{"name":"Monumento ai Caduti","category":"Monumento","group":"Da visitare","subtype":"monument","priority":4,"osm_id":"2148245661","tags":{"historic":"monument"}},"geometry":{"type":"Point","coordinates":[9.2134588,44.3318419]}},{"type":"Feature","properties":{"name":"Monumento ai Caduti","category":"Monumento","group":"Da visitare","subtype":"monument","priority":4,"osm_id":"2332906426","tags":{"historic":"monument"}},"geometry":{"type":"Point","coordinates":[8.7845238,44.4273746]}},{"type":"Feature","properties":{"name":"Monumento ai Caduti","category":"Monumento","group":"Da visitare","subtype":"monument","priority":4,"osm_id":"3554096782","tags":{"historic":"monument"}},"geometry":{"type":"Point","coordinates":[9.7234536,44.1781821]}},{"type":"Feature","properties":{"name":"Monumento ai Caduti","category":"Monumento","group":"Da visitare","subtype":"monument","priority":4,"osm_id":"3969503019","tags":{"historic":"monument"}},"geometry":{"type":"Point","coordinates":[8.074971,43.9194568]}},{"type":"Feature","properties":{"name":"Monumento ai caduti","category":"Monumento","group":"Da visitare","subtype":"monument","priority":4,"osm_id":"4232356289","tags":{"historic":"monument"}},"geometry":{"type":"Point","coordinates":[9.697387,44.3584343]}},{"type":"Feature","properties":{"name":"Monumento ai caduti","category":"Monumento","group":"Da visitare","subtype":"monument","priority":4,"osm_id":"4456095440","tags":{"historic":"monument"}},"geometry":{"type":"Point","coordinates":[8.4437842,44.3452814]}},{"type":"Feature","properties":{"name":"Monumento ai Caduti","category":"Monumento","group":"Da visitare","subtype":"monument","priority":4,"osm_id":"4705271120","tags":{"historic":"monument"}},"geometry":{"type":"Point","coordinates":[8.8669367,44.4334626]}},{"type":"Feature","properties":{"name":"Monumento ai Caduti","category":"Monumento","group":"Da visitare","subtype":"monument","priority":4,"osm_id":"8366717082","tags":{"historic":"monument"}},"geometry":{"type":"Point","coordinates":[8.9719328,44.4222728]}},{"type":"Feature","properties":{"name":"Monumento ai Caduti","category":"Monumento","group":"Da visitare","subtype":"monument","priority":4,"osm_id":"8454130134","tags":{"historic":"monument","wikidata":"Q126258877"}},"geometry":{"type":"Point","coordinates":[8.0816535,43.9098741]}},{"type":"Feature","properties":{"name":"Monumento ai Caduti","category":"Monumento","group":"Da visitare","subtype":"monument","priority":4,"osm_id":"10239834180","tags":{"historic":"monument"}},"geometry":{"type":"Point","coordinates":[9.2087355,44.4105733]}},{"type":"Feature","properties":{"name":"Monumento ai caduti","category":"Monumento","group":"Da visitare","subtype":"monument","priority":4,"osm_id":"10648331428","tags":{"access":"yes","historic":"monument"}},"geometry":{"type":"Point","coordinates":[8.2684092,44.1765004]}},{"type":"Feature","properties":{"name":"Monumento ai Caduti","category":"Monumento","group":"Da visitare","subtype":"monument","priority":4,"osm_id":"10915625547","tags":{"access":"yes","historic":"monument"}},"geometry":{"type":"Point","coordinates":[8.2708374,44.1870896]}},{"type":"Feature","properties":{"name":"Monumento ai Caduti","category":"Monumento","group":"Da visitare","subtype":"monument","priority":4,"osm_id":"10915625548","tags":{"historic":"monument"}},"geometry":{"type":"Point","coordinates":[8.2609226,44.190293]}},{"type":"Feature","properties":{"name":"Monumento ai caduti","category":"Monumento","group":"Da visitare","subtype":"monument","priority":4,"osm_id":"11270411274","tags":{"historic":"monument"}},"geometry":{"type":"Point","coordinates":[9.8358015,44.241987]}},{"type":"Feature","properties":{"name":"Monumento ai caduti","category":"Monumento","group":"Da visitare","subtype":"monument","priority":4,"osm_id":"12382156892","tags":{"access":"yes","historic":"monument"}},"geometry":{"type":"Point","coordinates":[9.9114236,44.1159872]}},{"type":"Feature","properties":{"name":"Monumento ai Caduti","category":"Monumento","group":"Da visitare","subtype":"monument","priority":4,"osm_id":"13730463865","tags":{"access":"yes","historic":"monument","inscription":"CARPE\nAI SUOI CADUTI\nPER LA PATRIA","material":"marble","name:lij":"Munümentu ai Cadüti"}},"geometry":{"type":"Point","coordinates":[8.163966,44.1428988]}},{"type":"Feature","properties":{"name":"Monumento ai caduti 1915-18","category":"Monumento","group":"Da visitare","subtype":"monument","priority":4,"osm_id":"1378776002","tags":{"historic":"monument"}},"geometry":{"type":"Point","coordinates":[8.7515007,44.4281558]}},{"type":"Feature","properties":{"name":"Monumento ai caduti del mare","category":"Monumento","group":"Da visitare","subtype":"monument","priority":4,"osm_id":"1718419514","tags":{"historic":"monument"}},"geometry":{"type":"Point","coordinates":[8.8161853,44.4247358]}},{"type":"Feature","properties":{"name":"Monumento ai Caduti del Mare","category":"Monumento","group":"Da visitare","subtype":"monument","priority":4,"osm_id":"2292637277","tags":{"historic":"monument"}},"geometry":{"type":"Point","coordinates":[9.1013447,44.3713422]}},{"type":"Feature","properties":{"name":"MOnumento ai Caduti della Resistenza","category":"Monumento","group":"Da visitare","subtype":"monument","priority":4,"osm_id":"2917360451","tags":{"historic":"monument"}},"geometry":{"type":"Point","coordinates":[8.9878374,44.5637408]}},{"type":"Feature","properties":{"name":"Monumento ai Caduti delle Guerre Mondiali","category":"Monumento","group":"Da visitare","subtype":"monument","priority":4,"osm_id":"8437729867","tags":{"historic":"monument"}},"geometry":{"type":"Point","coordinates":[8.0831726,43.9088963]}},{"type":"Feature","properties":{"name":"Monumento ai Caduti delle Missioni Umanitarie","category":"Monumento","group":"Da visitare","subtype":"monument","priority":4,"osm_id":"8437729204","tags":{"historic":"monument"}},"geometry":{"type":"Point","coordinates":[8.0838405,43.9090942]}},{"type":"Feature","properties":{"name":"Monumento ai Caduti di Andora","category":"Monumento","group":"Da visitare","subtype":"monument","priority":4,"osm_id":"12919097583","tags":{"historic":"monument"}},"geometry":{"type":"Point","coordinates":[8.130241,43.9832742]}},{"type":"Feature","properties":{"name":"Monumento ai caduti di San Vincenzo Alto","category":"Monumento","group":"Da visitare","subtype":"monument","priority":4,"osm_id":"5132843170","tags":{"historic":"monument","wikidata":"Q27991094"}},"geometry":{"type":"Point","coordinates":[8.9338029,44.4142713]}},{"type":"Feature","properties":{"name":"Monumento ai caduti di Teglia","category":"Monumento","group":"Da visitare","subtype":"monument","priority":4,"osm_id":"9162409899","tags":{"historic":"monument","material":"metal","memorial":"statue"}},"geometry":{"type":"Point","coordinates":[8.8943128,44.4502139]}},{"type":"Feature","properties":{"name":"Monumento ai caduti francesi della Prima Guerra Mondiale","category":"Monumento","group":"Da visitare","subtype":"monument","priority":4,"osm_id":"3091352921","tags":{"historic":"monument"}},"geometry":{"type":"Point","coordinates":[8.954061,44.4313315]}},{"type":"Feature","properties":{"name":"Monumento ai Mille","category":"Monumento","group":"Da visitare","subtype":"monument","priority":4,"osm_id":"1148120671","tags":{"historic":"monument","wikidata":"Q28669542","wikipedia":"it:Monumento ai Mille (Genova)"}},"geometry":{"type":"Point","coordinates":[8.9943309,44.3881963]}},{"type":"Feature","properties":{"name":"Monumento ai partigiani","category":"Monumento","group":"Da visitare","subtype":"monument","priority":4,"osm_id":"3702509540","tags":{"historic":"monument"}},"geometry":{"type":"Point","coordinates":[9.2230667,44.582626]}},{"type":"Feature","properties":{"name":"Monumento ai partigiani \"Divisione Cento Croci\"","category":"Monumento","group":"Da visitare","subtype":"monument","priority":4,"osm_id":"11127159274","tags":{"historic":"monument"}},"geometry":{"type":"Point","coordinates":[9.6236517,44.4213012]}},{"type":"Feature","properties":{"name":"Monumento al Partigiano","category":"Monumento","group":"Da visitare","subtype":"monument","priority":4,"osm_id":"4280619366","tags":{"historic":"monument"}},"geometry":{"type":"Point","coordinates":[7.8478339,43.9151758]}},{"type":"Feature","properties":{"name":"Monumento alle Lavandaie di Lavagnola","category":"Monumento","group":"Da visitare","subtype":"monument","priority":4,"osm_id":"5518103337","tags":{"historic":"monument"}},"geometry":{"type":"Point","coordinates":[8.4645701,44.3232532]}},{"type":"Feature","properties":{"name":"Monumento caduti","category":"Monumento","group":"Da visitare","subtype":"monument","priority":4,"osm_id":"3665799156","tags":{"historic":"monument"}},"geometry":{"type":"Point","coordinates":[8.5736584,44.3582745]}},{"type":"Feature","properties":{"name":"Monumento caduti","category":"Monumento","group":"Da visitare","subtype":"monument","priority":4,"osm_id":"3731650937","tags":{"historic":"monument"}},"geometry":{"type":"Point","coordinates":[8.5346496,44.4034873]}},{"type":"Feature","properties":{"name":"Monumento caduti","category":"Monumento","group":"Da visitare","subtype":"monument","priority":4,"osm_id":"3843476662","tags":{"historic":"monument"}},"geometry":{"type":"Point","coordinates":[8.5093944,44.3393722]}},{"type":"Feature","properties":{"name":"Monumento caduti prima guerra mondiale","category":"Monumento","group":"Da visitare","subtype":"monument","priority":4,"osm_id":"4440306634","tags":{"historic":"monument"}},"geometry":{"type":"Point","coordinates":[7.8477391,43.9155869]}},{"type":"Feature","properties":{"name":"Monumento CAI Altare","category":"Monumento","group":"Da visitare","subtype":"monument","priority":4,"osm_id":"1479564702","tags":{"access":"yes","historic":"monument","inscription":"L'Associazione Alpinistica Altarese sezione del Club Alpino Italiano a ricordo del 50° anniversario della sua fondazione 1945-1995"}},"geometry":{"type":"Point","coordinates":[8.3490787,44.3342351]}},{"type":"Feature","properties":{"name":"Monumento dei Mille","category":"Monumento","group":"Da visitare","subtype":"monument","priority":4,"osm_id":"3080083176","tags":{"historic":"monument"}},"geometry":{"type":"Point","coordinates":[8.9928249,44.3895949]}},{"type":"Feature","properties":{"name":"Monumento Madonna","category":"Monumento","group":"Da visitare","subtype":"monument","priority":4,"osm_id":"4942378742","tags":{"historic":"monument"}},"geometry":{"type":"Point","coordinates":[7.7568016,44.0551891]}},{"type":"Feature","properties":{"name":"Muri a secco","category":"Monumento","group":"Da visitare","subtype":"monument","priority":4,"osm_id":"11950855736","tags":{"historic":"monument"}},"geometry":{"type":"Point","coordinates":[9.4717962,44.3417886]}},{"type":"Feature","properties":{"name":"Muri a secco storici","category":"Monumento","group":"Da visitare","subtype":"monument","priority":4,"osm_id":"11662306420","tags":{"historic":"monument"}},"geometry":{"type":"Point","coordinates":[9.4690575,44.3405549]}},{"type":"Feature","properties":{"name":"Muri a secco storici","category":"Monumento","group":"Da visitare","subtype":"monument","priority":4,"osm_id":"11950855737","tags":{"historic":"monument"}},"geometry":{"type":"Point","coordinates":[9.4851862,44.3466115]}},{"type":"Feature","properties":{"name":"muri storici","category":"Monumento","group":"Da visitare","subtype":"monument","priority":4,"osm_id":"11950864642","tags":{"historic":"monument"}},"geometry":{"type":"Point","coordinates":[9.4884593,44.3473125]}},{"type":"Feature","properties":{"name":"muri storici","category":"Monumento","group":"Da visitare","subtype":"monument","priority":4,"osm_id":"13794069044","tags":{"historic":"monument"}},"geometry":{"type":"Point","coordinates":[9.4896876,44.3471872]}},{"type":"Feature","properties":{"name":"Muri storici a secco","category":"Monumento","group":"Da visitare","subtype":"monument","priority":4,"osm_id":"11950855741","tags":{"historic":"monument"}},"geometry":{"type":"Point","coordinates":[9.4580471,44.3368865]}},{"type":"Feature","properties":{"name":"Orecchione di S. Caterina 1542-1545","category":"Monumento","group":"Da visitare","subtype":"monument","priority":4,"osm_id":"5817979808","tags":{"historic":"monument"}},"geometry":{"type":"Point","coordinates":[8.4831249,44.3043233]}},{"type":"Feature","properties":{"name":"Palazzo Borea d'Olmo","category":"Monumento","group":"Da visitare","subtype":"monument","priority":4,"osm_id":"6602794674","tags":{"historic":"monument","wikipedia":"it:Giovanni Battista Borea d'Olmo"}},"geometry":{"type":"Point","coordinates":[7.776737,43.8171791]}},{"type":"Feature","properties":{"name":"Parco Shelley","category":"Monumento","group":"Da visitare","subtype":"monument","priority":4,"osm_id":"5224910064","tags":{"historic":"monument"}},"geometry":{"type":"Point","coordinates":[9.9001753,44.0834494]}},{"type":"Feature","properties":{"name":"Pietra Borghese - roccia più antica d'Italia","category":"Monumento","group":"Da visitare","subtype":"monument","priority":4,"osm_id":"12051684756","tags":{"historic":"monument"}},"geometry":{"type":"Point","coordinates":[9.4562022,44.4699587]}},{"type":"Feature","properties":{"name":"Ponte monumentale della Gaietta","category":"Monumento","group":"Da visitare","subtype":"monument","priority":4,"osm_id":"11104807545","tags":{"access":"yes","historic":"monument"}},"geometry":{"type":"Point","coordinates":[8.2052098,44.3633147]}},{"type":"Feature","properties":{"name":"ponte storico","category":"Monumento","group":"Da visitare","subtype":"monument","priority":4,"osm_id":"10933931805","tags":{"historic":"monument","name:nl":"Historische brug"}},"geometry":{"type":"Point","coordinates":[7.7112308,43.912019]}},{"type":"Feature","properties":{"name":"Ponte storico Cambiaso - anno 1766","category":"Monumento","group":"Da visitare","subtype":"monument","priority":4,"osm_id":"11871523856","tags":{"historic":"monument"}},"geometry":{"type":"Point","coordinates":[9.4640803,44.3395765]}},{"type":"Feature","properties":{"name":"Ponte storico in pietra","category":"Monumento","group":"Da visitare","subtype":"monument","priority":4,"osm_id":"11662275198","tags":{"historic":"monument"}},"geometry":{"type":"Point","coordinates":[9.4905195,44.3473443]}},{"type":"Feature","properties":{"name":"Ponte tardo medievale","category":"Monumento","group":"Da visitare","subtype":"monument","priority":4,"osm_id":"5217141752","tags":{"historic":"monument","name:en":"Late Medival Bridge"}},"geometry":{"type":"Point","coordinates":[8.9726454,44.5020004]}},{"type":"Feature","properties":{"name":"Porta Pila","category":"Monumento","group":"Da visitare","subtype":"monument","priority":4,"osm_id":"420551858","tags":{"historic":"monument","url":"http://it.wikipedia.org/wiki/File:Porta_pila_genova.JPG"}},"geometry":{"type":"Point","coordinates":[8.9467337,44.4082005]}},{"type":"Feature","properties":{"name":"Redentore","category":"Monumento","group":"Da visitare","subtype":"monument","priority":4,"osm_id":"332621144","tags":{"historic":"monument","monument":"statue","wikimedia_commons":"File:Redentore_Saccarello.jpg"}},"geometry":{"type":"Point","coordinates":[7.7184764,44.0608902]}},{"type":"Feature","properties":{"name":"Rosa dei venti","category":"Monumento","group":"Da visitare","subtype":"monument","priority":4,"osm_id":"11252923320","tags":{"historic":"monument"}},"geometry":{"type":"Point","coordinates":[9.6104843,44.1677919]}},{"type":"Feature","properties":{"name":"Rovine storiche","category":"Monumento","group":"Da visitare","subtype":"monument","priority":4,"osm_id":"11950855743","tags":{"historic":"monument"}},"geometry":{"type":"Point","coordinates":[9.4568084,44.3349272]}},{"type":"Feature","properties":{"name":"Sagrato artistico","category":"Monumento","group":"Da visitare","subtype":"monument","priority":4,"osm_id":"11871523857","tags":{"historic":"monument"}},"geometry":{"type":"Point","coordinates":[9.4605449,44.3416546]}},{"type":"Feature","properties":{"name":"San Francesco d'Assisi","category":"Monumento","group":"Da visitare","subtype":"monument","priority":4,"osm_id":"3161427221","tags":{"historic":"monument","wikimedia_commons":"Category:Convento dei Frati Cappuccini, statua San Francesco (Monterosso al Mare)"}},"geometry":{"type":"Point","coordinates":[9.6542545,44.1452316]}},{"type":"Feature","properties":{"name":"San Giovanni","category":"Monumento","group":"Da visitare","subtype":"monument","priority":4,"osm_id":"12331216325","tags":{"historic":"monument","material":"marble"}},"geometry":{"type":"Point","coordinates":[9.2629458,44.5851718]}},{"type":"Feature","properties":{"name":"San Pietro","category":"Monumento","group":"Da visitare","subtype":"monument","priority":4,"osm_id":"4942087118","tags":{"historic":"monument","inscription":"La società di Mutuo Soccorso fra armatori marinai pescatori di Genova PRa' celebrando le sue nozze d'oro col mare vuole eternare nel marmo la fausta ricorrenza di sua fondazione a ricordo per le future generazioni \n1919-1969"}},"geometry":{"type":"Point","coordinates":[8.7901898,44.4261667]}},{"type":"Feature","properties":{"name":"scala in pietra storica","category":"Monumento","group":"Da visitare","subtype":"monument","priority":4,"osm_id":"11950855744","tags":{"historic":"monument"}},"geometry":{"type":"Point","coordinates":[9.4553458,44.335347]}},{"type":"Feature","properties":{"name":"Sentinella della Pace di Rainer Kriester","category":"Monumento","group":"Da visitare","subtype":"monument","priority":4,"osm_id":"2326541879","tags":{"historic":"monument","wikidata":"Q51332797","wikipedia":"it:Sentinella della Pace - stele di Rainer Kriester"}},"geometry":{"type":"Point","coordinates":[8.0425324,44.0400852]}},{"type":"Feature","properties":{"name":"Sori ai suoi Caduti","category":"Monumento","group":"Da visitare","subtype":"monument","priority":4,"osm_id":"10869037107","tags":{"historic":"monument"}},"geometry":{"type":"Point","coordinates":[9.1045428,44.3733715]}},{"type":"Feature","properties":{"name":"Speranza","category":"Monumento","group":"Da visitare","subtype":"monument","priority":4,"osm_id":"3090358466","tags":{"artist_name":"Giovanni Battista Cevasco","artwork_type":"statue","historic":"monument","start_date":"1878","tourism":"artwork","wikidata":"Q56641516","wikimedia_commons":"File:Genova_-_Cimitero_di_Staglieno_-_Statua_della_Fede_e_Pantheon-3.jpg"}},"geometry":{"type":"Point","coordinates":[8.9506088,44.4301136]}},{"type":"Feature","properties":{"name":"Statua a Maria","category":"Monumento","group":"Da visitare","subtype":"monument","priority":4,"osm_id":"11030719758","tags":{"historic":"monument"}},"geometry":{"type":"Point","coordinates":[8.4664166,44.3235549]}},{"type":"Feature","properties":{"name":"Statua ai caduti sul lavoro","category":"Monumento","group":"Da visitare","subtype":"monument","priority":4,"osm_id":"5817979811","tags":{"historic":"monument"}},"geometry":{"type":"Point","coordinates":[8.484486,44.3058761]}},{"type":"Feature","properties":{"name":"statua d'angelo","category":"Monumento","group":"Da visitare","subtype":"monument","priority":4,"osm_id":"6248256907","tags":{"access":"yes","historic":"monument"}},"geometry":{"type":"Point","coordinates":[8.5673012,44.3594865]}},{"type":"Feature","properties":{"name":"Statua dell'Angelo","category":"Monumento","group":"Da visitare","subtype":"monument","priority":4,"osm_id":"4352263881","tags":{"historic":"monument"}},"geometry":{"type":"Point","coordinates":[8.1910859,44.3308254]}},{"type":"Feature","properties":{"name":"Statua della Fede","category":"Monumento","group":"Da visitare","subtype":"monument","priority":4,"osm_id":"658317379","tags":{"artist_name":"Santo Varni","artwork_type":"statue","historic":"monument","image":"http://it.wikipedia.org/wiki/File:Genova_-_Cimitero_di_Staglieno_-_Statua_della_Fede_e_Pantheon-3.jpg","tourism":"artwork","wheelchair":"yes"}},"geometry":{"type":"Point","coordinates":[8.9507799,44.4291741]}},{"type":"Feature","properties":{"name":"Statua della Madonna di Guadalupe","category":"Monumento","group":"Da visitare","subtype":"monument","priority":4,"osm_id":"448010233","tags":{"amenity":"place_of_worship","denomination":"catholic","historic":"monument","religion":"christian"}},"geometry":{"type":"Point","coordinates":[9.4884936,44.5499679]}},{"type":"Feature","properties":{"name":"Statua di Cavour","category":"Monumento","group":"Da visitare","subtype":"monument","priority":4,"osm_id":"6165838520","tags":{"historic":"monument"}},"geometry":{"type":"Point","coordinates":[9.2124248,44.3297353]}},{"type":"Feature","properties":{"name":"Statua di Enea e Anchise","category":"Monumento","group":"Da visitare","subtype":"monument","priority":4,"osm_id":"2154077871","tags":{"historic":"monument","layer":"2"}},"geometry":{"type":"Point","coordinates":[8.9287615,44.4144013]}},{"type":"Feature","properties":{"name":"Statua di Garibaldi","category":"Monumento","group":"Da visitare","subtype":"monument","priority":4,"osm_id":"5392790756","tags":{"historic":"monument"}},"geometry":{"type":"Point","coordinates":[8.8123481,44.4247286]}},{"type":"Feature","properties":{"name":"Statua di Giuseppe Mazzini","category":"Monumento","group":"Da visitare","subtype":"monument","priority":4,"osm_id":"3610446820","tags":{"historic":"monument"}},"geometry":{"type":"Point","coordinates":[9.3245384,44.3173049]}},{"type":"Feature","properties":{"name":"Statua di Nino Bixio","category":"Monumento","group":"Da visitare","subtype":"monument","priority":4,"osm_id":"841737348","tags":{"historic":"monument","wikidata":"Q125809248"}},"geometry":{"type":"Point","coordinates":[8.9372692,44.4009064]}},{"type":"Feature","properties":{"name":"Statua di Pietro Giuria","category":"Monumento","group":"Da visitare","subtype":"monument","priority":4,"osm_id":"2390587852","tags":{"historic":"monument","survey:date":"2013-07-20"}},"geometry":{"type":"Point","coordinates":[8.4813414,44.3046286]}},{"type":"Feature","properties":{"name":"Tempietto Boselli","category":"Monumento","group":"Da visitare","subtype":"monument","priority":4,"osm_id":"3709209591","tags":{"historic":"monument","wikidata":"Q56419054"}},"geometry":{"type":"Point","coordinates":[8.4815349,44.3043927]}},{"type":"Feature","properties":{"name":"Torre campanaria del XII secolo","category":"Monumento","group":"Da visitare","subtype":"monument","priority":4,"osm_id":"415391795","tags":{"historic":"monument","tower:type":"bell_tower"}},"geometry":{"type":"Point","coordinates":[8.9879614,44.4438004]}},{"type":"Feature","properties":{"name":"Torre Paponi ricorda","category":"Monumento","group":"Da visitare","subtype":"monument","priority":4,"osm_id":"12804576621","tags":{"historic":"monument","start_date":"1984-12-16","wikipedia":"it:Eccidio di Torre Paponi"}},"geometry":{"type":"Point","coordinates":[7.9317078,43.8838707]}},{"type":"Feature","properties":{"name":"Torre Saracena","category":"Monumento","group":"Da visitare","subtype":"monument","priority":4,"osm_id":"12733261181","tags":{"historic":"monument"}},"geometry":{"type":"Point","coordinates":[7.9517245,43.9075338]}},{"type":"Feature","properties":{"name":"Tubi Ghisa","category":"Monumento","group":"Da visitare","subtype":"monument","priority":4,"osm_id":"1724559172","tags":{"historic":"monument"}},"geometry":{"type":"Point","coordinates":[8.6361999,44.38327]}},{"type":"Feature","properties":{"name":"Umberto Primo","category":"Monumento","group":"Da visitare","subtype":"monument","priority":4,"osm_id":"4683974607","tags":{"historic":"monument"}},"geometry":{"type":"Point","coordinates":[9.2148913,44.3288268]}},{"type":"Feature","properties":{"name":"Villa Grock","category":"Monumento","group":"Da visitare","subtype":"monument","priority":4,"osm_id":"441530541","tags":{"historic":"monument","website":"http://www.museodelclown.it","wikidata":"Q2525201","wikipedia":"it:Villa Grock"}},"geometry":{"type":"Point","coordinates":[8.0446272,43.894492]}},{"type":"Feature","properties":{"name":"Vittorio Emanuele","category":"Monumento","group":"Da visitare","subtype":"monument","priority":4,"osm_id":"727780609","tags":{"historic":"monument","start_date":"1894"}},"geometry":{"type":"Point","coordinates":[9.2135651,44.3336679]}},{"type":"Feature","properties":{"name":"Zanellati Antonio \"Ferrara\"","category":"Monumento","group":"Da visitare","subtype":"monument","priority":4,"osm_id":"12125197554","tags":{"historic":"monument"}},"geometry":{"type":"Point","coordinates":[8.9503672,44.612128]}},{"type":"Feature","properties":{"name":"All About Apple Museum","category":"Museo","group":"Da visitare","subtype":"museum","priority":4,"osm_id":"3870833271","tags":{"addr:city":"Savona","addr:housenumber":"12r-14r","addr:postcode":"17100","addr:street":"Piazza Fabrizio De Andrè","fee":"yes","opening_hours":"Sa 09:30-12:30,14:30-17:30; Su 09:30-13:30","phone":"+39 019 9380100","tourism":"museum","website":"https://www.allaboutapple.com/","wheelchair":"yes","wikidata":"Q3867572"}},"geometry":{"type":"Point","coordinates":[8.487288,44.3092525]}},{"type":"Feature","properties":{"name":"Antiche Carceri","category":"Museo","group":"Da visitare","subtype":"museum","priority":4,"osm_id":"3313128687","tags":{"tourism":"museum"}},"geometry":{"type":"Point","coordinates":[7.8688637,43.8633393]}},{"type":"Feature","properties":{"name":"Antiquarium di Albintimilium","category":"Museo","group":"Da visitare","subtype":"museum","priority":4,"osm_id":"1824107632","tags":{"addr:city":"Ventimiglia","addr:housenumber":"134","addr:postcode":"18034","addr:street":"Corso Genova","check_date":"2026-04-05","email":"pm-lig.albintimilium@beniculturali.it","opening_hours":"Sep 16-Jun 15: Tu-Fr,Sa,Su[1,3] 09:00-14:00; Jun 16-Sep 15: Sa,Su[1,3] 13:00-19:00; Mo off, Su[2,4] off","operator":"Soprintendenza Archeologia della Liguria","phone":"+39 0184 252320","tourism":"museum","wikidata":"Q3608794","wikipedia":"it:Antiquarium di Ventimiglia"}},"geometry":{"type":"Point","coordinates":[7.6252604,43.7889211]}},{"type":"Feature","properties":{"name":"Biblioteca Ferraioni","category":"Museo","group":"Da visitare","subtype":"museum","priority":4,"osm_id":"849602140","tags":{"tourism":"museum"}},"geometry":{"type":"Point","coordinates":[7.7670119,43.9918944]}},{"type":"Feature","properties":{"name":"Casa contadina","category":"Museo","group":"Da visitare","subtype":"museum","priority":4,"osm_id":"4339050757","tags":{"contact:phone":"+39 333 1547258","description":"Per poterla visitare contattare il Sig. Stefano, 3331547258","description:en":"By appointment please contact miste Stefano see contact:phone","fee":"no","name:en":"Country house Museum","opening_hours":"\\","tourism":"museum"}},"geometry":{"type":"Point","coordinates":[8.6185223,44.4024954]}},{"type":"Feature","properties":{"name":"Casa del Mutilato di Genova - Fondazione A.N.M.I.G.","category":"Museo","group":"Da visitare","subtype":"museum","priority":4,"osm_id":"12959186531","tags":{"addr:city":"Genova","addr:housenumber":"1","addr:street":"Corso Aurelio Saffi","air_conditioning":"yes","fee":"no","internet_access":"wlan","level":"3","museum":"art","opening_hours":"dal martedì al venerdì (9:30-12:00)","operator":"Fondazione A.N.M.I.G.","operator:type":"private","toilets":"yes","tourism":"museum","wheelchair":"yes"}},"geometry":{"type":"Point","coordinates":[8.943974,44.399318]}},{"type":"Feature","properties":{"name":"Casa della Resistenza","category":"Museo","group":"Da visitare","subtype":"museum","priority":4,"osm_id":"9686520152","tags":{"indoor":"yes","operator":"Municipio V Valpolcevera","tourism":"museum"}},"geometry":{"type":"Point","coordinates":[8.9012702,44.4590514]}},{"type":"Feature","properties":{"name":"Casa Luzzati","category":"Museo","group":"Da visitare","subtype":"museum","priority":4,"osm_id":"9182023055","tags":{"tourism":"museum","website":"https://casaluzzati.it/"}},"geometry":{"type":"Point","coordinates":[8.9326765,44.407573]}},{"type":"Feature","properties":{"name":"Casa museo Asger Jorn","category":"Museo","group":"Da visitare","subtype":"museum","priority":4,"osm_id":"3820653380","tags":{"addr:housenumber":"6","addr:street":"Via Gabriele D'Annunzio","fee":"no","opening_hours":"Tu,Th,Sa,Su 10:00-17:00","operator":"Comune di Albissola Marina","tourism":"museum","wheelchair":"no"}},"geometry":{"type":"Point","coordinates":[8.4961384,44.329225]}},{"type":"Feature","properties":{"name":"Centro Esposizioni del MuDA","category":"Museo","group":"Da visitare","subtype":"museum","priority":4,"osm_id":"3820547207","tags":{"fee":"no","tourism":"museum","wheelchair":"yes","wikidata":"Q113030301"}},"geometry":{"type":"Point","coordinates":[8.5019248,44.3278107]}},{"type":"Feature","properties":{"name":"Centro multimediale \"Riserva Isola Gallinara\"","category":"Museo","group":"Da visitare","subtype":"museum","priority":4,"osm_id":"3653878090","tags":{"addr:city":"Albenga","addr:postcode":"17031","addr:street":"Fortino cinquecentesco - Piazza Europa","alt_name":"Museo del mare","phone":"+39 0182 571443","tourism":"museum"}},"geometry":{"type":"Point","coordinates":[8.2236171,44.0462206]}},{"type":"Feature","properties":{"name":"Cimitero","category":"Museo","group":"Da visitare","subtype":"museum","priority":4,"osm_id":"644619948","tags":{"addr:street":"Lungomare Federico da Pagana","opening_hours":"Jun-Sep: Mo-Su,PH 08:00-19:00; Oct-May: Mo-Su,PH 08:00-17:00","tourism":"museum"}},"geometry":{"type":"Point","coordinates":[9.2067189,44.3318377]}},{"type":"Feature","properties":{"name":"Città dei Bambini e dei Ragazzi","category":"Museo","group":"Da visitare","subtype":"museum","priority":4,"osm_id":"10304140976","tags":{"addr:housenumber":"4","addr:street":"Ponte degli Spìnola","check_date":"2023-06-21","fee":"yes","tourism":"museum","website":"https://www.cittadeibambini.net/"}},"geometry":{"type":"Point","coordinates":[8.9267091,44.4101537]}},{"type":"Feature","properties":{"name":"Collezione d'arte Sandro Pertini","category":"Museo","group":"Da visitare","subtype":"museum","priority":4,"osm_id":"4442370138","tags":{"tourism":"museum"}},"geometry":{"type":"Point","coordinates":[8.4846551,44.3043789]}},{"type":"Feature","properties":{"name":"Collezione del Centro Internazionale di Sperimentazioni Artistiche Marie Louise Jeanneret","category":"Museo","group":"Da visitare","subtype":"museum","priority":4,"osm_id":"4442358016","tags":{"description":"apertura su richiesta","tourism":"museum"}},"geometry":{"type":"Point","coordinates":[8.2171638,44.1334249]}},{"type":"Feature","properties":{"name":"Collezione Eredi Arturo Martini","category":"Museo","group":"Da visitare","subtype":"museum","priority":4,"osm_id":"4442358015","tags":{"tourism":"museum"}},"geometry":{"type":"Point","coordinates":[8.4392268,44.2741608]}},{"type":"Feature","properties":{"name":"Collezione Fogliarini","category":"Museo","group":"Da visitare","subtype":"museum","priority":4,"osm_id":"4696352037","tags":{"layer":"-1","tourism":"museum"}},"geometry":{"type":"Point","coordinates":[7.6937536,43.8259576]}},{"type":"Feature","properties":{"name":"Collezione Guatelli","category":"Museo","group":"Da visitare","subtype":"museum","priority":4,"osm_id":"9240361702","tags":{"addr:city":"Chiusanico","addr:postcode":"18027","contact:city":"Chiusanico","contact:postcode":"18027","contact:street":"SS28","description":"La collezione di lattine di olio della famiglia Guatelli di Imperia è unica e originale: seimila pezzi raccontano la storia del boom dell'industria olearia imperiese nel mondo tra metà '800 e metà '900.","mobile":"+39 375 5124430","museum":"local","opening_hours":"\\","operator":"Associazione Culturale Guatelli","operator:type":"private","phone":"+39 375 5124430","tourism":"museum"}},"geometry":{"type":"Point","coordinates":[7.9946844,43.9574562]}},{"type":"Feature","properties":{"name":"Collezioni di Arte Banca Carige","category":"Museo","group":"Da visitare","subtype":"museum","priority":4,"osm_id":"4405712552","tags":{"addr:city":"Genova","addr:housenumber":"15","addr:street":"Via Cassa di Risparmio","tourism":"museum"}},"geometry":{"type":"Point","coordinates":[8.9339627,44.4087333]}},{"type":"Feature","properties":{"name":"Comune di Propata","category":"Museo","group":"Da visitare","subtype":"museum","priority":4,"osm_id":"14024154774","tags":{"amenity":"townhall","contact:email":"segreteria@comune.propata.ge.it","contact:email:pec":"protocollo@pec.comune.propata.ge.it","contact:phone":"+39 010 945910","contact:website":"https://comune.propata.ge.it","tourism":"museum"}},"geometry":{"type":"Point","coordinates":[9.1848472,44.5647423]}},{"type":"Feature","properties":{"name":"Contemporary Culture Center","category":"Museo","group":"Da visitare","subtype":"museum","priority":4,"osm_id":"5696113591","tags":{"check_date":"2025-06-25","opening_hours":"Sa-Su 18:00-23:00","tourism":"museum","website":"https://palazzotagliaferro.it/"}},"geometry":{"type":"Point","coordinates":[8.1410153,43.9494577]}},{"type":"Feature","properties":{"name":"Ecomuseo dell'Ardesia - La Via della Pietra Nera","category":"Museo","group":"Da visitare","subtype":"museum","priority":4,"osm_id":"4442381208","tags":{"tourism":"museum"}},"geometry":{"type":"Point","coordinates":[9.2364536,44.4085081]}},{"type":"Feature","properties":{"name":"Esposizione sole e tempo","category":"Museo","group":"Da visitare","subtype":"museum","priority":4,"osm_id":"12848675554","tags":{"level":"1","tourism":"museum"}},"geometry":{"type":"Point","coordinates":[7.6676584,43.8679714]}},{"type":"Feature","properties":{"name":"FantaCinema","category":"Museo","group":"Da visitare","subtype":"museum","priority":4,"osm_id":"9314464667","tags":{"check_date":"2025-09-06","fee":"yes","operator":"Associazione \\","phone":"+39 339 4637510","tourism":"museum","website":"https://www.museointernazionaledelcinema.it/","wheelchair":"yes"}},"geometry":{"type":"Point","coordinates":[8.9235007,44.4087047]}},{"type":"Feature","properties":{"name":"Ferrania Film Museum","category":"Museo","group":"Da visitare","subtype":"museum","priority":4,"osm_id":"6789843322","tags":{"addr:city":"Cairo Montenotte","addr:housenumber":"28","addr:postcode":"17014","addr:street":"Via Ospedale Luigi Baccino","opening_hours":"Th-Sa 09:00-12:00,14:30-18:00","tourism":"museum","wikipedia":"it:Ferrania Film Museum"}},"geometry":{"type":"Point","coordinates":[8.2751191,44.3977308]}},{"type":"Feature","properties":{"name":"Galleria d'Arte Moderna","category":"Museo","group":"Da visitare","subtype":"museum","priority":4,"osm_id":"3747823361","tags":{"fee":"yes","tourism":"museum","website":"https://www.museidigenova.it/it/gam-galleria-darte-moderna","wikidata":"Q3757718","wikipedia":"it:Galleria d'arte moderna (Genova)"}},"geometry":{"type":"Point","coordinates":[9.0456947,44.3821984]}},{"type":"Feature","properties":{"name":"Galleria Nazionale di Palazzo Spinola","category":"Museo","group":"Da visitare","subtype":"museum","priority":4,"osm_id":"2990114658","tags":{"addr:city":"Genova","addr:housenumber":"1","addr:postcode":"16123","addr:street":"Piazza Inferiore di Pellicceria","baby_feeding":"no","changing_table":"no","check_date":"2025-06-21","email":"palazzospinola@beniculturali.it","fee":"yes","kids_area":"no","museum":"art","museum_type":"national","opening_hours":"Tu-Sa 08:30-19:30; Mo off; Su, PH off","payment:mastercard":"yes","payment:visa":"yes","phone":"+39 010 270 5300","toilets":"yes","toilets:access":"customers","toilets:wheelchair":"designated","tourism":"museum","website":"https://www.palazzospinola.beniculturali.it","wheelchair":"yes","wikidata":"Q3757770","wikipedia":"it:Galleria nazionale di palazzo Spinola"}},"geometry":{"type":"Point","coordinates":[8.9302399,44.4107756]}},{"type":"Feature","properties":{"name":"Galleria Rizzi","category":"Museo","group":"Da visitare","subtype":"museum","priority":4,"osm_id":"2481427021","tags":{"fee":"yes","tourism":"museum","wikidata":"Q55348684"}},"geometry":{"type":"Point","coordinates":[9.3945551,44.2696422]}},{"type":"Feature","properties":{"name":"Giardino Monumentale Fabbrica Pacetti Ernan","category":"Museo","group":"Da visitare","subtype":"museum","priority":4,"osm_id":"3820479008","tags":{"tourism":"museum","wheelchair":"no","wikidata":"Q29886150"}},"geometry":{"type":"Point","coordinates":[8.5102997,44.3360737]}},{"type":"Feature","properties":{"name":"Herbarium Mortolense","category":"Museo","group":"Da visitare","subtype":"museum","priority":4,"osm_id":"3653559131","tags":{"addr:city":"Ventimiglia","addr:postcode":"18039","tourism":"museum"}},"geometry":{"type":"Point","coordinates":[7.5550253,43.7845611]}},{"type":"Feature","properties":{"name":"La Mecca del Videogioco","category":"Museo","group":"Da visitare","subtype":"museum","priority":4,"osm_id":"4187189906","tags":{"addr:city":"Gattorna","addr:housenumber":"4","addr:street":"Via Terzonasca","tourism":"museum"}},"geometry":{"type":"Point","coordinates":[9.1822746,44.4309632]}},{"type":"Feature","properties":{"name":"La Stella Collezione permanente di Arte Contemporanea","category":"Museo","group":"Da visitare","subtype":"museum","priority":4,"osm_id":"3820540206","tags":{"tourism":"museum","wheelchair":"yes"}},"geometry":{"type":"Point","coordinates":[8.514351,44.3297187]}},{"type":"Feature","properties":{"name":"Laboratorio Didattico e Laboratorio Semi","category":"Museo","group":"Da visitare","subtype":"museum","priority":4,"osm_id":"3653559477","tags":{"addr:city":"Ventimiglia","addr:postcode":"18039","tourism":"museum"}},"geometry":{"type":"Point","coordinates":[7.5549279,43.7845266]}},{"type":"Feature","properties":{"name":"Louisiana Jazz Club","category":"Museo","group":"Da visitare","subtype":"museum","priority":4,"osm_id":"310450475","tags":{"addr:housenumber":"34 rosso","addr:street":"Via Tommaso Reggio","amenity":"nightclub","tourism":"museum","wikidata":"Q18785499","wikipedia":"it:Museo del jazz di Genova"}},"geometry":{"type":"Point","coordinates":[8.9322588,44.407406]}},{"type":"Feature","properties":{"name":"Magiche Trasparenze","category":"Museo","group":"Da visitare","subtype":"museum","priority":4,"osm_id":"10610414452","tags":{"level":"1","operator":"Fondazione Gian Maria Oddi","tourism":"museum","wheelchair":"yes","wikidata":"Q54855377"}},"geometry":{"type":"Point","coordinates":[8.2133562,44.0482236]}},{"type":"Feature","properties":{"name":"Mastodonte dei Giovi","category":"Museo","group":"Da visitare","subtype":"museum","priority":4,"osm_id":"11390858895","tags":{"tourism":"museum"}},"geometry":{"type":"Point","coordinates":[8.9510776,44.612834]}},{"type":"Feature","properties":{"name":"Monteghirfo: il museo etnografico","category":"Museo","group":"Da visitare","subtype":"museum","priority":4,"osm_id":"4442381209","tags":{"tourism":"museum"}},"geometry":{"type":"Point","coordinates":[9.2509529,44.4409489]}},{"type":"Feature","properties":{"name":"Mostra delle Illusioni","category":"Museo","group":"Da visitare","subtype":"museum","priority":4,"osm_id":"11097056554","tags":{"fee":"yes","tourism":"museum"}},"geometry":{"type":"Point","coordinates":[8.9234619,44.4086812]}},{"type":"Feature","properties":{"name":"Mostra Permanente della Cultura materiale","category":"Museo","group":"Da visitare","subtype":"museum","priority":4,"osm_id":"4728186055","tags":{"addr:housenumber":"1","addr:street":"Via San Nicolò","contact:phone":"+39 0187 817776","tourism":"museum","website":"https://www.levanto.com/1princip/mpcm.htm"}},"geometry":{"type":"Point","coordinates":[9.6135699,44.1671304]}},{"type":"Feature","properties":{"name":"Mostra Permanente Storico Archeologica","category":"Museo","group":"Da visitare","subtype":"museum","priority":4,"osm_id":"4442381210","tags":{"tourism":"museum"}},"geometry":{"type":"Point","coordinates":[9.7446764,44.2777852]}},{"type":"Feature","properties":{"name":"Musei di","category":"Museo","group":"Da visitare","subtype":"museum","priority":4,"osm_id":"9673742217","tags":{"addr:street":"Via Giuseppe Garibaldi","fee":"yes","name:en":"Strada Nuova Musems","tourism":"museum"}},"geometry":{"type":"Point","coordinates":[8.9320479,44.4111311]}},{"type":"Feature","properties":{"name":"Museo Agostiniano di Arte Sacra","category":"Museo","group":"Da visitare","subtype":"museum","priority":4,"osm_id":"10678192329","tags":{"addr:city":"Genova","addr:postcode":"16121","addr:street":"Via della Consolazione","check_date":"2026-07-23","tourism":"museum"}},"geometry":{"type":"Point","coordinates":[8.941333,44.4061988]}},{"type":"Feature","properties":{"name":"Museo Archeologico","category":"Museo","group":"Da visitare","subtype":"museum","priority":4,"osm_id":"1971565981","tags":{"tourism":"museum","wikidata":"Q636940"}},"geometry":{"type":"Point","coordinates":[7.5956637,43.7905204]}},{"type":"Feature","properties":{"name":"Museo Archeologico del Finale","category":"Museo","group":"Da visitare","subtype":"museum","priority":4,"osm_id":"1686489622","tags":{"addr:city":"Finale Ligure","addr:postcode":"17024","email":"info@museoarcheofinale.it","fee":"yes","opening_hours":"Jun 15-Sep 19: Tu-Su 10:00-13:00,16:00-19:00; Sep 20-Jun 14: Tu-Su 09:00-12:00,14:30-17:00","phone":"+39 019 690020","tourism":"museum","website":"http://www.museoarcheofinale.it/","wikidata":"Q55350141"}},"geometry":{"type":"Point","coordinates":[8.3263351,44.1758618]}},{"type":"Feature","properties":{"name":"Museo Archeologico di Chiavari","category":"Museo","group":"Da visitare","subtype":"museum","priority":4,"osm_id":"3298106659","tags":{"addr:city":"Chiavari","addr:housenumber":"4","addr:postcode":"16043","addr:street":"Via Costaguta","email":"pm-lig.museochiavari@beniculturali.it","fee":"yes","opening_hours":"Tu-Sa 09:00-14:00; Su [1,3,5] 09:00-14:00; Mo off; Su [2,4] off","operator":"Soprintendenza Archeologia della Liguria","phone":"+39 0185 320829","tourism":"museum","website":"https://www.musei.liguria.beniculturali.it/musei?mid=187&nome=museo-archeologico-di-chiavari-palazzo-rocca","wheelchair":"limited","wikidata":"Q3867722","wikipedia":"it:Museo archeologico di Chiavari"}},"geometry":{"type":"Point","coordinates":[9.3273119,44.3168505]}},{"type":"Feature","properties":{"name":"Museo Archeologico Don Cesare Queirolo","category":"Museo","group":"Da visitare","subtype":"museum","priority":4,"osm_id":"3902149433","tags":{"opening_hours":"\\","tourism":"museum","wikidata":"Q66054535"}},"geometry":{"type":"Point","coordinates":[8.4356396,44.2695657]}},{"type":"Feature","properties":{"name":"Museo Archeologico e della Città","category":"Museo","group":"Da visitare","subtype":"museum","priority":4,"osm_id":"11777766644","tags":{"addr:housename":"Palazzo Fascie Rossi","check_date":"2025-07-31","tourism":"museum"}},"geometry":{"type":"Point","coordinates":[9.3959126,44.2723289]}},{"type":"Feature","properties":{"name":"Museo Archeologico Mario Fenoglio","category":"Museo","group":"Da visitare","subtype":"museum","priority":4,"osm_id":"3731066767","tags":{"tourism":"museum","wikidata":"Q54873677"}},"geometry":{"type":"Point","coordinates":[8.5342911,44.4032043]}},{"type":"Feature","properties":{"name":"Museo archeominerario","category":"Museo","group":"Da visitare","subtype":"museum","priority":4,"osm_id":"2475817865","tags":{"description":"Visitabile con prenotazione","phone":"+39 0185 469139","tourism":"museum","wikidata":"Q34191455"}},"geometry":{"type":"Point","coordinates":[9.4926946,44.2682044]}},{"type":"Feature","properties":{"name":"Museo Attilio e Cleofe Gaffoglio","category":"Museo","group":"Da visitare","subtype":"museum","priority":4,"osm_id":"956009817","tags":{"addr:street":"Piazzale San Josemaría Escrivá","short_name":"Museo Gaffoglio","tourism":"museum","wikidata":"Q55348595"}},"geometry":{"type":"Point","coordinates":[9.2355317,44.3481661]}},{"type":"Feature","properties":{"name":"Museo Casa Giannini o Museo dell'Emigrante","category":"Museo","group":"Da visitare","subtype":"museum","priority":4,"osm_id":"4442381211","tags":{"addr:housenumber":"16","addr:street":"Località Acereto","tourism":"museum"}},"geometry":{"type":"Point","coordinates":[9.2605219,44.4499394]}},{"type":"Feature","properties":{"name":"Museo Cassiniano","category":"Museo","group":"Da visitare","subtype":"museum","priority":4,"osm_id":"2109222543","tags":{"addr:city":"Perinaldo","addr:housenumber":"1","addr:postcode":"18032","addr:street":"Piazza Monsignor Antonio Rossi","email":"info@perinaldo.org","internet_access":"wlan","internet_access:ssid":"Liguria WiFi","museum":"history","operator":"Comune di Perinaldo","operator:type":"public","tourism":"museum","wheelchair":"limited"}},"geometry":{"type":"Point","coordinates":[7.6738516,43.8667548]}},{"type":"Feature","properties":{"name":"Museo Certosa di Genova","category":"Museo","group":"Da visitare","subtype":"museum","priority":4,"osm_id":"11928819612","tags":{"addr:city":"Genova","addr:housenumber":"8","addr:postcode":"16159","addr:street":"Via Ludovico Ariosto","museum":"local","official_name":"MUCE Museo Certosa di Genova","opening_hours":"May-Sep: Mo-Su \\","operator":"Comune di Genova","operator:type":"public","phone":"+39 010 5579081","short_name":"MUCE","tourism":"museum","website":"https://www.museidigenova.it/it/muce-museo-certosa-di-genova"}},"geometry":{"type":"Point","coordinates":[8.8951089,44.4299854]}},{"type":"Feature","properties":{"name":"Museo civico Andrea Tubino","category":"Museo","group":"Da visitare","subtype":"museum","priority":4,"osm_id":"6203379270","tags":{"tourism":"museum","wikidata":"Q55348552"}},"geometry":{"type":"Point","coordinates":[8.709792,44.5035636]}},{"type":"Feature","properties":{"name":"Museo Civico Archeologico di Diano Marina","category":"Museo","group":"Da visitare","subtype":"museum","priority":4,"osm_id":"8454130133","tags":{"addr:city":"Diano Marina","addr:housenumber":"60","addr:postcode":"18013","addr:street":"Corso Giuseppe Garibaldi","check_date":"2025-11-12","tourism":"museum"}},"geometry":{"type":"Point","coordinates":[8.0801782,43.907232]}},{"type":"Feature","properties":{"name":"Museo Civico Archeologico di Savignone","category":"Museo","group":"Da visitare","subtype":"museum","priority":4,"osm_id":"4442370139","tags":{"tourism":"museum"}},"geometry":{"type":"Point","coordinates":[8.977567,44.5466247]}},{"type":"Feature","properties":{"name":"Museo civico della Filigrana Pietro Carlo Bosio","category":"Museo","group":"Da visitare","subtype":"museum","priority":4,"osm_id":"691922233","tags":{"addr:housenumber":"20","addr:street":"Via della Giustina","contact:phone":"+39 010 920099","tourism":"museum","website":"http://www.museofiligrana.org/","wikidata":"Q55377567"}},"geometry":{"type":"Point","coordinates":[8.6987293,44.5374125]}},{"type":"Feature","properties":{"name":"Museo Civico di Archeologia Ligure","category":"Museo","group":"Da visitare","subtype":"museum","priority":4,"osm_id":"4523406529","tags":{"addr:city":"Genova","addr:housenumber":"11","addr:postcode":"16155","addr:street":"Viale Durazzo Pallavicini","email":"archligure@comune.genova.it","museum":"archaeological","opening_hours":"Mar 26-Oct 06: Tu-Fr 09:00-19:00; Sa,Su 10:00-19:30; Mo off; Oct 08-Mar 25: Tu-Fr 09:30-18:30; Sa,Su 09:30-18:30; Mo off","operator":"Comune di Genova","operator:type":"public","phone":"+39 010 6981048","tourism":"museum","wikidata":"Q2644208","wikipedia":"it:Museo di archeologia ligure"}},"geometry":{"type":"Point","coordinates":[8.8173016,44.4294607]}},{"type":"Feature","properties":{"name":"Museo Civico di Sanremo","category":"Museo","group":"Da visitare","subtype":"museum","priority":4,"osm_id":"7603243540","tags":{"addr:city":"Sanremo","addr:housenumber":"2","addr:street":"Piazza Alberto Nota","fee":"yes","museum":"history","museum_type":"municipal","operator":"Comune di Sanremo","operator:type":"government","tourism":"museum","wikidata":"Q54855312"}},"geometry":{"type":"Point","coordinates":[7.7758289,43.8177603]}},{"type":"Feature","properties":{"name":"Museo Civico Ingauno","category":"Museo","group":"Da visitare","subtype":"museum","priority":4,"osm_id":"12378381663","tags":{"addr:city":"Albenga","addr:housenumber":"24","addr:postcode":"17031","addr:street":"Via Bernardo Ricci","air_conditioning":"no","alt_name":"Civico museo ingauno","fee":"no","museum":"history","tourism":"museum","wikidata":"Q3678772","wikipedia":"it:Civico museo ingauno"}},"geometry":{"type":"Point","coordinates":[8.212942,44.0493598]}},{"type":"Feature","properties":{"name":"Museo Contadino","category":"Museo","group":"Da visitare","subtype":"museum","priority":4,"osm_id":"4442381212","tags":{"addr:city":"Varese Ligure","addr:postcode":"19028","addr:street":"Loc Costa, Cassego","opening_hours":"\\","tourism":"museum"}},"geometry":{"type":"Point","coordinates":[9.5096418,44.4072913]}},{"type":"Feature","properties":{"name":"Museo Convento dei Domenicani di Taggia","category":"Museo","group":"Da visitare","subtype":"museum","priority":4,"osm_id":"4442358021","tags":{"fee":"yes","tourism":"museum","wikimedia_commons":"Category:San Domenico (Taggia) - Convent interior"}},"geometry":{"type":"Point","coordinates":[7.8515677,43.8562953]}},{"type":"Feature","properties":{"name":"Museo d'Arte Contemporanea Remo Pastori","category":"Museo","group":"Da visitare","subtype":"museum","priority":4,"osm_id":"4442358028","tags":{"tourism":"museum"}},"geometry":{"type":"Point","coordinates":[8.2964257,44.2031331]}},{"type":"Feature","properties":{"name":"Museo d'arte di Palazzo Gavotti","category":"Museo","group":"Da visitare","subtype":"museum","priority":4,"osm_id":"2505042849","tags":{"addr:city":"Savona","addr:housename":"Palazzo Gavotti","addr:housenumber":"1;2","addr:postcode":"17100","addr:street":"Piazza Gilbert Chabrol","fee":"yes","tourism":"museum","wikidata":"Q23807320"}},"geometry":{"type":"Point","coordinates":[8.4825129,44.3086881]}},{"type":"Feature","properties":{"name":"Museo degli Alpini","category":"Museo","group":"Da visitare","subtype":"museum","priority":4,"osm_id":"3450444309","tags":{"addr:city":"Savignone","addr:housenumber":"12","addr:postcode":"16010","addr:street":"Via Angelo Caprile","operator":"Grupo Alpini Savignone","phone":"+39 010 9360103","tourism":"museum","website":"http://www.museoalpini.com","wikidata":"Q55348676"}},"geometry":{"type":"Point","coordinates":[8.9879465,44.5636691]}},{"type":"Feature","properties":{"name":"Museo degli orologi da torre Roberto Trebino","category":"Museo","group":"Da visitare","subtype":"museum","priority":4,"osm_id":"1273655066","tags":{"tourism":"museum","website":"https://www.trebino.it/museo/","wikidata":"Q20009254"}},"geometry":{"type":"Point","coordinates":[9.1599447,44.4143997]}},{"type":"Feature","properties":{"name":"Museo del Castello della Lucertola","category":"Museo","group":"Da visitare","subtype":"museum","priority":4,"osm_id":"4442358029","tags":{"tourism":"museum"}},"geometry":{"type":"Point","coordinates":[7.6597979,43.8804029]}},{"type":"Feature","properties":{"name":"Museo del Cibo dell’Alta Val Nervia","category":"Museo","group":"Da visitare","subtype":"museum","priority":4,"osm_id":"8936350331","tags":{"addr:city":"Pigna","addr:postcode":"18037","addr:street":"Via Piazza Castello","email":"iatpigna@gmail.com","museum":"ethnography","operator":"Comune di Pigna","operator:type":"public","start_date":"2021-07-24","tourism":"museum"}},"geometry":{"type":"Point","coordinates":[7.6636618,43.9329951]}},{"type":"Feature","properties":{"name":"Museo del contadino","category":"Museo","group":"Da visitare","subtype":"museum","priority":4,"osm_id":"4208100297","tags":{"tourism":"museum"}},"geometry":{"type":"Point","coordinates":[9.2478443,44.5241651]}},{"type":"Feature","properties":{"name":"Museo del Jazz Gianni Dagnino - Italian Jazz Institute","category":"Museo","group":"Da visitare","subtype":"museum","priority":4,"osm_id":"4405714625","tags":{"addr:street":"Via Tommaso Reggio 34 r","tourism":"museum"}},"geometry":{"type":"Point","coordinates":[8.9323805,44.4078451]}},{"type":"Feature","properties":{"name":"Museo del Legno – La Casa Rustica","category":"Museo","group":"Da visitare","subtype":"museum","priority":4,"osm_id":"3653560150","tags":{"addr:city":"Ventimiglia","addr:postcode":"18039","addr:street":"Corso Montecarlo","opening_hours":"Mo-Su 09:30-17:00","phone":"+39 0184 229507","tourism":"museum"}},"geometry":{"type":"Point","coordinates":[7.5538043,43.7838329]}},{"type":"Feature","properties":{"name":"Museo del lupo","category":"Museo","group":"Da visitare","subtype":"museum","priority":4,"osm_id":"4208087610","tags":{"tourism":"museum","website":"https://www.parcoantola.it/dettaglio.php?id=32549"}},"geometry":{"type":"Point","coordinates":[9.2182267,44.5634232]}},{"type":"Feature","properties":{"name":"Museo del Mare","category":"Museo","group":"Da visitare","subtype":"museum","priority":4,"osm_id":"13462503410","tags":{"fee":"no","tourism":"museum"}},"geometry":{"type":"Point","coordinates":[8.2620867,44.1282016]}},{"type":"Feature","properties":{"name":"Museo del Merletto","category":"Museo","group":"Da visitare","subtype":"museum","priority":4,"osm_id":"304978993","tags":{"tourism":"museum","url":"http://www.comune.rapallo.ge.it/interna_AT.asp?menu=316&id=319","wikidata":"Q3867961","wikipedia":"it:Museo del merletto (Rapallo)"}},"geometry":{"type":"Point","coordinates":[9.2387897,44.3459735]}},{"type":"Feature","properties":{"name":"Museo del presepe e pinacoteca","category":"Museo","group":"Da visitare","subtype":"museum","priority":4,"osm_id":"9855217476","tags":{"tourism":"museum","wikidata":"Q3867966","wikipedia":"it:Museo del presepe e pinacoteca civica di Imperia"}},"geometry":{"type":"Point","coordinates":[8.0142666,43.8752845]}},{"type":"Feature","properties":{"name":"Museo del Relitto Romano","category":"Museo","group":"Da visitare","subtype":"museum","priority":4,"osm_id":"13246627892","tags":{"contact:facebook":"https://www.facebook.com/MuseoMURR","tourism":"museum"}},"geometry":{"type":"Point","coordinates":[7.8920782,43.8385297]}},{"type":"Feature","properties":{"name":"Museo del Santuario","category":"Museo","group":"Da visitare","subtype":"museum","priority":4,"osm_id":"602510995","tags":{"tourism":"museum","wikidata":"Q55351380"}},"geometry":{"type":"Point","coordinates":[8.4344795,44.3450084]}},{"type":"Feature","properties":{"name":"Museo del Sigillo","category":"Museo","group":"Da visitare","subtype":"museum","priority":4,"osm_id":"11403837607","tags":{"addr:city":"La Spezia","addr:country":"IT","addr:housenumber":"234","addr:postcode":"19121","addr:province":"SP","addr:state":"Liguria","addr:street":"Via del Prione","description":"Palazzina delle Arti, edificio neogotico. Dal 10/11/2023 trecento sigilli inediti.","email":"museo.sigillo@comune.sp.it","museum":"ethnography","opening_hours":"Tu-Su 10:00-18:00; Jan 01, Aug 15, Dec 25, Mo off","operator":"Comune di La Spezia","operator:type":"public","phone":"+39 0187 727220","tourism":"museum","website":"http://sigillo.museilaspezia.it/","wikidata":"Q3889484"}},"geometry":{"type":"Point","coordinates":[9.8183217,44.1070995]}},{"type":"Feature","properties":{"name":"Museo del Sorriso","category":"Museo","group":"Da visitare","subtype":"museum","priority":4,"osm_id":"4442358030","tags":{"tourism":"museum"}},"geometry":{"type":"Point","coordinates":[7.7193705,43.9035488]}},{"type":"Feature","properties":{"name":"Museo del Territorio dell'Alta Valle Scrivia","category":"Museo","group":"Da visitare","subtype":"museum","priority":4,"osm_id":"4442370144","tags":{"tourism":"museum"}},"geometry":{"type":"Point","coordinates":[8.9406895,44.5779338]}},{"type":"Feature","properties":{"name":"Museo del Territorio: I Maestri della Pietra","category":"Museo","group":"Da visitare","subtype":"museum","priority":4,"osm_id":"4442358032","tags":{"tourism":"museum"}},"geometry":{"type":"Point","coordinates":[7.8960365,44.0308429]}},{"type":"Feature","properties":{"name":"Museo del Territorio: Il Bosco Naturale","category":"Museo","group":"Da visitare","subtype":"museum","priority":4,"osm_id":"4442358033","tags":{"tourism":"museum"}},"geometry":{"type":"Point","coordinates":[7.8721361,44.0202961]}},{"type":"Feature","properties":{"name":"Museo del Territorio: L'Alta Valle tra contese di frontiera e quotidianità della vita nelle Malghe","category":"Museo","group":"Da visitare","subtype":"museum","priority":4,"osm_id":"4442358034","tags":{"tourism":"museum"}},"geometry":{"type":"Point","coordinates":[7.7846739,44.0850103]}},{"type":"Feature","properties":{"name":"Museo del Tesoro della Cattedrale","category":"Museo","group":"Da visitare","subtype":"museum","priority":4,"osm_id":"4442370145","tags":{"tourism":"museum"}},"geometry":{"type":"Point","coordinates":[8.4821413,44.3073339]}},{"type":"Feature","properties":{"name":"Museo dell'Accademia Ligustica di Belle Arti","category":"Museo","group":"Da visitare","subtype":"museum","priority":4,"osm_id":"253489497","tags":{"check_date":"2025-04-09","tourism":"museum","wikidata":"Q42810756"}},"geometry":{"type":"Point","coordinates":[8.934801,44.4075798]}},{"type":"Feature","properties":{"name":"Museo dell'Acqua e del Gas","category":"Museo","group":"Da visitare","subtype":"museum","priority":4,"osm_id":"5115952356","tags":{"opening_hours":"\\","tourism":"museum","wikidata":"Q3868006","wikipedia":"it:Museo dell'acqua e del gas"}},"geometry":{"type":"Point","coordinates":[8.9609036,44.4345479]}},{"type":"Feature","properties":{"name":"Museo dell'Arte Vetraria","category":"Museo","group":"Da visitare","subtype":"museum","priority":4,"osm_id":"972240047","tags":{"addr:city":"Altare","addr:housenumber":"4","addr:postcode":"17041","addr:street":"Piazza del Consolato","email":"info@museodelvetro.org","fax":"+39 019 5899384","fee":"yes","opening_hours":"Tu-Su 15:00-19:00; Mo off; Jan 01 off; easter off, Dec 25-26 off","phone":"+39 019 584734","tourism":"museum","website":"https://www.museodelvetro.org/","wikidata":"Q37870367"}},"geometry":{"type":"Point","coordinates":[8.3420769,44.3361191]}},{"type":"Feature","properties":{"name":"Museo dell'artiglieria contraerea della Regia Marina Italiana","category":"Museo","group":"Da visitare","subtype":"museum","priority":4,"osm_id":"13140897565","tags":{"museum":"history","operator":"AAS","operator:type":"government","tourism":"museum"}},"geometry":{"type":"Point","coordinates":[9.7905312,44.1324307]}},{"type":"Feature","properties":{"name":"Museo dell'Olivo","category":"Museo","group":"Da visitare","subtype":"museum","priority":4,"osm_id":"472445652","tags":{"addr:city":"Imperia","addr:housenumber":"13","addr:postcode":"18100","addr:street":"Via Garessio","email":"info@museodellolivo.com","museum":"agriculture","name:de":"Olivenmuseum","name:en":"Olive Museum","name:fr":"Musée de l'Olive","opening_hours":"Tu-Sa 10:00-13:00,15:00-18:00","phone":"+39 0183 295762","tourism":"museum","website":"http://www.museodellolivo.com/","wikidata":"Q55348773","wikipedia":"it:Museo dell'olivo Carlo Carli"}},"geometry":{"type":"Point","coordinates":[8.0380315,43.8932611]}},{"type":"Feature","properties":{"name":"Museo dell'Olivo e della civiltà contadina","category":"Museo","group":"Da visitare","subtype":"museum","priority":4,"osm_id":"4442358036","tags":{"tourism":"museum"}},"geometry":{"type":"Point","coordinates":[8.1057669,44.077862]}},{"type":"Feature","properties":{"name":"Museo della Canzone e della Riproduzione Sonora","category":"Museo","group":"Da visitare","subtype":"museum","priority":4,"osm_id":"4442358037","tags":{"contact:website":"http://www.museodellacanzone.it/","image":"https://commons.m.wikimedia.org/wiki/File:Locomotive_%22Cirilla%22_in_the_Erio_restaurant.jpg#mw-jump-to-license","tourism":"museum","wikimedia_commons":"Category:Museo della Canzone e della Riproduzione Sonora"}},"geometry":{"type":"Point","coordinates":[7.6466975,43.7893213]}},{"type":"Feature","properties":{"name":"Museo della Canzone Italiana","category":"Museo","group":"Da visitare","subtype":"museum","priority":4,"osm_id":"8284372176","tags":{"addr:city":"Sanremo","addr:postcode":"18038","addr:street":"Via Giacomo Matteotti","museum":"art","operator":"Comune di Sanremo","operator:type":"public","start_date":"2021-03","tourism":"museum"}},"geometry":{"type":"Point","coordinates":[7.7768414,43.8172514]}},{"type":"Feature","properties":{"name":"Museo della Ceramica Giuseppe Mazzotti","category":"Museo","group":"Da visitare","subtype":"museum","priority":4,"osm_id":"3741493558","tags":{"addr:city":"Albissola Marina","addr:housenumber":"29","addr:postcode":"17012","addr:street":"Viale Giacomo Matteotti","craft":"pottery","fee":"no","operator":"Tullio Mazzotti","start_date":"1903","tourism":"museum","website":"https://www.gmazzotti1903.it/","wheelchair":"limited","wikidata":"Q3770979","wikipedia":"it:Giuseppe Mazzotti Manifattura Ceramiche"}},"geometry":{"type":"Point","coordinates":[8.5079992,44.3290391]}},{"type":"Feature","properties":{"name":"Museo della Ceramica Manlio Trucco","category":"Museo","group":"Da visitare","subtype":"museum","priority":4,"osm_id":"3820290850","tags":{"level":"1","operator":"Comune di Albisola Superiore","toilets:wheelchair":"yes","tourism":"museum","wheelchair":"yes","wikidata":"Q38372952"}},"geometry":{"type":"Point","coordinates":[8.5178418,44.3319347]}},{"type":"Feature","properties":{"name":"Museo della Civiltà Contadina","category":"Museo","group":"Da visitare","subtype":"museum","priority":4,"osm_id":"4442358038","tags":{"tourism":"museum"}},"geometry":{"type":"Point","coordinates":[8.2636213,44.2265911]}},{"type":"Feature","properties":{"name":"Museo della civiltà dell'olivo","category":"Museo","group":"Da visitare","subtype":"museum","priority":4,"osm_id":"7072414725","tags":{"addr:city":"Albenga","contact:housenumber":"7","contact:postcode":"17031","contact:street":"Via Goffredo Mameli","fee":"no","opening_hours":"Mo-Sa 08:30-12:30,15:00-18:00; PH off","reservation":"no","tourism":"museum","wheelchair":"no"}},"geometry":{"type":"Point","coordinates":[8.2114937,44.0502725]}},{"type":"Feature","properties":{"name":"Museo della Fionda","category":"Museo","group":"Da visitare","subtype":"museum","priority":4,"osm_id":"1671174481","tags":{"toilets:wheelchair":"yes","tourism":"museum","wheelchair":"yes"}},"geometry":{"type":"Point","coordinates":[8.2134103,44.0479095]}},{"type":"Feature","properties":{"name":"Museo della Lavanda di Carpasio","category":"Museo","group":"Da visitare","subtype":"museum","priority":4,"osm_id":"10878626723","tags":{"addr:city":"Carpasio","addr:housenumber":"3","addr:postcode":"18010","addr:street":"Via Castello","museum":"local","tourism":"museum"}},"geometry":{"type":"Point","coordinates":[7.8667668,43.9604661]}},{"type":"Feature","properties":{"name":"Museo della Montagna","category":"Museo","group":"Da visitare","subtype":"museum","priority":4,"osm_id":"4468747324","tags":{"indoor":"yes","operator":"Municipio V - Val Polcevera","tourism":"museum"}},"geometry":{"type":"Point","coordinates":[8.9013514,44.4591878]}},{"type":"Feature","properties":{"name":"Museo della Musica","category":"Museo","group":"Da visitare","subtype":"museum","priority":4,"osm_id":"6597416060","tags":{"tourism":"museum"}},"geometry":{"type":"Point","coordinates":[7.7718982,43.8140052]}},{"type":"Feature","properties":{"name":"Museo della resistenza","category":"Museo","group":"Da visitare","subtype":"museum","priority":4,"osm_id":"12798255801","tags":{"tourism":"museum"}},"geometry":{"type":"Point","coordinates":[7.8915625,43.9106089]}},{"type":"Feature","properties":{"name":"Museo della Storia del Genoa","category":"Museo","group":"Da visitare","subtype":"museum","priority":4,"osm_id":"664525961","tags":{"check_date":"2023-06-22","tourism":"museum","website":"https://www.fondazionegenoa.com/","wikidata":"Q3868112","wikipedia":"it:Genoa Museum and Store"}},"geometry":{"type":"Point","coordinates":[8.9278294,44.4085329]}},{"type":"Feature","properties":{"name":"Museo delle Confraternite","category":"Museo","group":"Da visitare","subtype":"museum","priority":4,"osm_id":"13424189250","tags":{"level":"1","tourism":"museum","website":"https://www.museodelleconfraternite.it/","wheelchair":"no","wikidata":"Q113028576"}},"geometry":{"type":"Point","coordinates":[8.0050461,43.8737785]}},{"type":"Feature","properties":{"name":"Museo delle Cose Dimenticate","category":"Museo","group":"Da visitare","subtype":"museum","priority":4,"osm_id":"4442358039","tags":{"phone":"+39 0183 282396","tourism":"museum"}},"geometry":{"type":"Point","coordinates":[7.9214686,43.927217]}},{"type":"Feature","properties":{"name":"Museo delle culture del mondo","category":"Museo","group":"Da visitare","subtype":"museum","priority":4,"osm_id":"187098366","tags":{"addr:city":"Genova","addr:housenumber":"18","addr:postcode":"16136","addr:street":"Corso Dogali","email":"castellodalbertis@comune.genova.it","fee":"yes","museum":"ethnography","opening_hours":"Apr-Sep Tu-Su 10:00-18:00; Oct-Mar Tu-Su 10:00-17:00; Mo off","operator":"Comune di Genova","operator:type":"public","phone":"+39 010 2723820","tourism":"museum","wikidata":"Q3868144","wikipedia":"it:Museo delle culture del mondo"}},"geometry":{"type":"Point","coordinates":[8.9245283,44.4184435]}},{"type":"Feature","properties":{"name":"Museo delle erbe","category":"Museo","group":"Da visitare","subtype":"museum","priority":4,"osm_id":"4442358031","tags":{"museum":"nature","tourism":"museum","wikidata":"Q55348740"}},"geometry":{"type":"Point","coordinates":[7.8314744,44.0767387]}},{"type":"Feature","properties":{"name":"Museo delle Marionette","category":"Museo","group":"Da visitare","subtype":"museum","priority":4,"osm_id":"9366047744","tags":{"addr:city":"Campomorone","addr:postcode":"16014","addr:street":"Via Antonio Gavino","museum":"children","operator":"Comune di Campomorone","operator:type":"public","phone":"+39 010 7224312","tourism":"museum"}},"geometry":{"type":"Point","coordinates":[8.8926307,44.5067732]}},{"type":"Feature","properties":{"name":"Museo di Paleontologia e Mineralogia","category":"Museo","group":"Da visitare","subtype":"museum","priority":4,"osm_id":"9366051767","tags":{"addr:city":"Campomorone","addr:postcode":"16014","addr:street":"Via Antonio Gavino","fee":"no","museum":"nature","opening_hours":"Mo-Fr 09:00-12:00; Tu, Th 14:30-17:30; Sa, Su, PH off","operator":"Comune di Campomorone","operator:type":"public","phone":"+39 010 7224314","tourism":"museum"}},"geometry":{"type":"Point","coordinates":[8.8927269,44.506727]}},{"type":"Feature","properties":{"name":"Museo di San Leonardo","category":"Museo","group":"Da visitare","subtype":"museum","priority":4,"osm_id":"12650817201","tags":{"addr:city":"Imperia","addr:housenumber":"19","addr:postcode":"18100","addr:street":"Via Santa Caterina","mobile":"+39 335 7183232","museum":"person","phone":"+39 0183 61901","tourism":"museum"}},"geometry":{"type":"Point","coordinates":[8.0158726,43.8735498]}},{"type":"Feature","properties":{"name":"Museo di Sant'Agostino","category":"Museo","group":"Da visitare","subtype":"museum","priority":4,"osm_id":"252630595","tags":{"addr:housenumber":"35 rosso","addr:street":"Piazza Sarzano","fee":"yes","tourism":"museum","url":"http://www.museidigenova.it/spip.php?rubrique27","wheelchair":"yes","wikidata":"Q18613378"}},"geometry":{"type":"Point","coordinates":[8.9319129,44.4043725]}},{"type":"Feature","properties":{"name":"Museo di Santa Maria di Castello","category":"Museo","group":"Da visitare","subtype":"museum","priority":4,"osm_id":"1759651300","tags":{"tourism":"museum"}},"geometry":{"type":"Point","coordinates":[8.929126,44.4053983]}},{"type":"Feature","properties":{"name":"Museo diocesano","category":"Museo","group":"Da visitare","subtype":"museum","priority":4,"osm_id":"7072671098","tags":{"fee":"yes","tourism":"museum","wikidata":"Q3868253","wikipedia":"it:Museo diocesano (Albenga)"}},"geometry":{"type":"Point","coordinates":[8.2129467,44.049615]}},{"type":"Feature","properties":{"name":"Museo Diocesano di Arte Sacra","category":"Museo","group":"Da visitare","subtype":"museum","priority":4,"osm_id":"5155327717","tags":{"addr:housenumber":"7","addr:street":"Piazza Nostra Signora dell'Orto","fee":"yes","opening_hours":"Th,Fr 10:00-13:00,15:00-18:00; Sa 10:00-18:00","tourism":"museum","wikidata":"Q3868309"}},"geometry":{"type":"Point","coordinates":[9.3235798,44.3157653]}},{"type":"Feature","properties":{"name":"Museo Diocesano di Brugnato","category":"Museo","group":"Da visitare","subtype":"museum","priority":4,"osm_id":"4442381213","tags":{"tourism":"museum","wikidata":"Q3868263","wikipedia":"it:Museo diocesano (Brugnato)"}},"geometry":{"type":"Point","coordinates":[9.7238056,44.2371629]}},{"type":"Feature","properties":{"name":"Museo Diocesano Sezione dell’Alta Valle Arroscia","category":"Museo","group":"Da visitare","subtype":"museum","priority":4,"osm_id":"4442358035","tags":{"addr:city":"Pieve di Teco","addr:postcode":"18026","addr:street":"Via Madonna della Ripa","email":"museodiocesano@diocesidialbengaimperia.it","museum":"art","opening_hours":"Sa, Su 09:30-13:00, 14:30-18:30; Mo-Fr off","operator":"Diocesi di Albenga","operator:type":"religious","phone":"+39 0182 579310","tourism":"museum","website":"https://www.formaelucis.com/museo-diocesano/onde-barocche-biglietti-orari-albenga-pieve-di-tec","wikidata":"Q55672092"}},"geometry":{"type":"Point","coordinates":[7.9152034,44.0462395]}},{"type":"Feature","properties":{"name":"Museo e Miniera Gambatesa","category":"Museo","group":"Da visitare","subtype":"museum","priority":4,"osm_id":"860373594","tags":{"tourism":"museum","wikidata":"Q55348577"}},"geometry":{"type":"Point","coordinates":[9.4509555,44.3605016]}},{"type":"Feature","properties":{"name":"Museo Emanuele Luzzati","category":"Museo","group":"Da visitare","subtype":"museum","priority":4,"osm_id":"254372356","tags":{"access":"no","tourism":"museum","wheelchair":"yes","wikidata":"Q20008344","wikipedia":"it:Museo Emanuele Luzzati di Genova"}},"geometry":{"type":"Point","coordinates":[8.9248654,44.4079822]}},{"type":"Feature","properties":{"name":"Museo Etnografico del Ponente ligure","category":"Museo","group":"Da visitare","subtype":"museum","priority":4,"osm_id":"4442358022","tags":{"fee":"yes","opening_hours":"Jun-Sep Tu-Su 09:00-13:00,16:00-20:00; Oct-May Tu-Su 10:00-13:00,15:00-17:00","tourism":"museum","wheelchair":"no","wikidata":"Q55377717"}},"geometry":{"type":"Point","coordinates":[8.1151142,43.9271128]}},{"type":"Feature","properties":{"name":"Museo Etnografico di Ortonovo","category":"Museo","group":"Da visitare","subtype":"museum","priority":4,"osm_id":"4442381214","tags":{"loc_name":"Museo Etnografico della Colombara - Ex Frantoio","tourism":"museum","wikidata":"Q55349996"}},"geometry":{"type":"Point","coordinates":[10.0372562,44.082391]}},{"type":"Feature","properties":{"name":"Museo Ferroviario Ligure di Arma di Taggia","category":"Museo","group":"Da visitare","subtype":"museum","priority":4,"osm_id":"4442358023","tags":{"tourism":"museum","wikidata":"Q55348844"}},"geometry":{"type":"Point","coordinates":[7.8550578,43.8443078]}},{"type":"Feature","properties":{"name":"Museo Fondazione Terruzzi - Villa Regina Margherita","category":"Museo","group":"Da visitare","subtype":"museum","priority":4,"osm_id":"3204396920","tags":{"addr:city":"Bordighera","addr:country":"IT","addr:housenumber":"34/36","addr:postcode":"18012","addr:street":"Via Romana","tourism":"museum","wikipedia":"it:Villa_Margherita_(Bordighera)"}},"geometry":{"type":"Point","coordinates":[7.6683549,43.7824587]}},{"type":"Feature","properties":{"name":"museo frantoio panizzi","category":"Museo","group":"Da visitare","subtype":"museum","priority":4,"osm_id":"4440345732","tags":{"tourism":"museum"}},"geometry":{"type":"Point","coordinates":[7.8476698,43.9167453]}},{"type":"Feature","properties":{"name":"Museo Geopaleontologico","category":"Museo","group":"Da visitare","subtype":"museum","priority":4,"osm_id":"815524905","tags":{"tourism":"museum","wikidata":"Q3868382","wikipedia":"it:Museo geopaleontologico di Lerici"}},"geometry":{"type":"Point","coordinates":[9.9072609,44.0729163]}},{"type":"Feature","properties":{"name":"Museo Giannettino Luxoro","category":"Museo","group":"Da visitare","subtype":"museum","priority":4,"osm_id":"3747823362","tags":{"tourism":"museum","wikidata":"Q3867605","wikipedia":"it:Museo Giannettino Luxoro"}},"geometry":{"type":"Point","coordinates":[9.0545837,44.3801028]}},{"type":"Feature","properties":{"name":"Museo Grotte Valdemino","category":"Museo","group":"Da visitare","subtype":"museum","priority":4,"osm_id":"4442358024","tags":{"tourism":"museum"}},"geometry":{"type":"Point","coordinates":[8.3042196,44.1625957]}},{"type":"Feature","properties":{"name":"Museo La Terra e la Memoria","category":"Museo","group":"Da visitare","subtype":"museum","priority":4,"osm_id":"3653767962","tags":{"phone":"+39 0184 241016","tourism":"museum"}},"geometry":{"type":"Point","coordinates":[7.6637495,43.933241]}},{"type":"Feature","properties":{"name":"Museo Lazzaro Acquarone","category":"Museo","group":"Da visitare","subtype":"museum","priority":4,"osm_id":"4442358025","tags":{"tourism":"museum","wikidata":"Q113044413"}},"geometry":{"type":"Point","coordinates":[7.9639738,43.9684706]}},{"type":"Feature","properties":{"name":"Museo Marinaro Gio Bono Ferrari","category":"Museo","group":"Da visitare","subtype":"museum","priority":4,"osm_id":"3942491058","tags":{"addr:city":"Camogli","addr:housenumber":"42","addr:postcode":"16032","addr:street":"Via Gio Bono Ferrari","check_date":"2024-10-17","tourism":"museum","website":"https://www.museomarinaro.it/","wheelchair":"no","wikidata":"Q3868402","wikipedia":"it:Museo marinaro di Camogli"}},"geometry":{"type":"Point","coordinates":[9.1567075,44.347535]}},{"type":"Feature","properties":{"name":"Museo mineralogico della Val di Vara","category":"Museo","group":"Da visitare","subtype":"museum","priority":4,"osm_id":"11375096994","tags":{"operator":"City Council","tourism":"museum"}},"geometry":{"type":"Point","coordinates":[9.6088938,44.2722441]}},{"type":"Feature","properties":{"name":"Museo mineralogico Luciano Dabroi","category":"Museo","group":"Da visitare","subtype":"museum","priority":4,"osm_id":"5312474144","tags":{"fee":"no","opening_hours":"Sa-Su 18:00-23:00","phone":"+39 328 3815744","tourism":"museum"}},"geometry":{"type":"Point","coordinates":[8.141065,43.9494099]}},{"type":"Feature","properties":{"name":"Museo Navale","category":"Museo","group":"Da visitare","subtype":"museum","priority":4,"osm_id":"628745865","tags":{"tourism":"museum","wikidata":"Q3868414","wikipedia":"it:Museo navale di Pegli"}},"geometry":{"type":"Point","coordinates":[8.8151205,44.4284259]}},{"type":"Feature","properties":{"name":"Museo navale romano","category":"Museo","group":"Da visitare","subtype":"museum","priority":4,"osm_id":"1671174485","tags":{"addr:city":"Albenga","tourism":"museum","wheelchair":"yes","wikidata":"Q3330748","wikipedia":"it:Museo navale romano"}},"geometry":{"type":"Point","coordinates":[8.2126653,44.0487544]}},{"type":"Feature","properties":{"name":"Museo nazionale dell’emigrazione italiana","category":"Museo","group":"Da visitare","subtype":"museum","priority":4,"osm_id":"8406157941","tags":{"addr:city":"Genova","addr:housenumber":"1","addr:postcode":"16126","addr:street":"Piazza della Commenda","description":"Il MEI racconta l’emigrazione italiana dall’Unità d’Italia al Novecento.","indoor":"yes","museum":"ethnography","short_name":"MEI","tourism":"museum"}},"geometry":{"type":"Point","coordinates":[8.9220513,44.4157514]}},{"type":"Feature","properties":{"name":"Museo Paleontologico","category":"Museo","group":"Da visitare","subtype":"museum","priority":4,"osm_id":"4442370140","tags":{"addr:street":"Via alla Chiesa","contact:phone":"+39 347 8436982","tourism":"museum"}},"geometry":{"type":"Point","coordinates":[9.0222995,44.5855968]}},{"type":"Feature","properties":{"name":"Museo paleontologico Silvio Lai","category":"Museo","group":"Da visitare","subtype":"museum","priority":4,"osm_id":"3653878091","tags":{"addr:hamlet":"Peagna","addr:housenumber":"209","addr:postcode":"17023","addr:street":"Via Nuova di Peagna","email":"ufficiomanifestazioni@comune.ceriale.sv.it","operator":"Arcadia cooperativa sociale di solidarietà a r.l.","phone":"+39 0182 990208","tourism":"museum","wikidata":"Q3868436","wikipedia":"it:Museo paleontologico Silvio Lai"}},"geometry":{"type":"Point","coordinates":[8.2046362,44.0972116]}},{"type":"Feature","properties":{"name":"Museo Passatempo","category":"Museo","group":"Da visitare","subtype":"museum","priority":4,"osm_id":"11881272247","tags":{"tourism":"museum","website":"https://www.museopassatempo.it/"}},"geometry":{"type":"Point","coordinates":[8.6753509,44.5590079]}},{"type":"Feature","properties":{"name":"Museo Passatempo - Moto Cicli Oggetti del 900 Collezione privata Minetti & Pizzorno","category":"Museo","group":"Da visitare","subtype":"museum","priority":4,"osm_id":"4442370141","tags":{"email":"segreteria@museopassatempo.it","phone":"+39 3428322843","tourism":"museum","website":"https://www.museopassatempo.it/"}},"geometry":{"type":"Point","coordinates":[8.6701831,44.5623764]}},{"type":"Feature","properties":{"name":"Museo Preistorico della Valle Varatella","category":"Museo","group":"Da visitare","subtype":"museum","priority":4,"osm_id":"11749016644","tags":{"museum":"archaeological","operator":"Comune di Toirano","operator:type":"public","tourism":"museum"}},"geometry":{"type":"Point","coordinates":[8.2002913,44.1359247]}},{"type":"Feature","properties":{"name":"Museo Radio e Trasmissioni A.N.G.E.T. - Raccolta Cartoline d'epoca del mondo","category":"Museo","group":"Da visitare","subtype":"museum","priority":4,"osm_id":"4442358026","tags":{"tourism":"museum","wikidata":"Q55377766"}},"geometry":{"type":"Point","coordinates":[7.6153667,43.7886776]}},{"type":"Feature","properties":{"name":"Museo Renata Cuneo","category":"Museo","group":"Da visitare","subtype":"museum","priority":4,"osm_id":"4442370142","tags":{"tourism":"museum","website":"https://musa.savona.it/musa/museo-cuneo-pertini/"}},"geometry":{"type":"Point","coordinates":[8.484462,44.3044768]}},{"type":"Feature","properties":{"name":"Museo Risorgimento - Casa Mazzini","category":"Museo","group":"Da visitare","subtype":"museum","priority":4,"osm_id":"247849985","tags":{"addr:city":"Genova","addr:housenumber":"11","addr:postcode":"16124","addr:street":"Via Lomellini","air_conditioning":"no","alt_name":"Casa natale di Giuseppe Mazzini","baby_feeding":"no","changing_table":"no","email":"museorisorgimento@comune.genova.it","fee":"yes","kids_area":"no","museum":"history","museum_type":"national","opening_hours":"Mar 26-Oct 06: Tu, Fr 09:00-14:00; We 09:00-19:00; Sa 10:00-19:30; Su[1] 10:00-19:30; Mo,Th off; Oct 08-Mar 25: Tu,Fr 09:00-14:00; We 09:00-18:30; Sa 09:30-18:30; Su[1] 09:30-18:30; Mo,Th off; Dec 25 off","operator":"Comune di Genova","operator:type":"public","phone":"+39 010 557 6430","toilets":"yes","toilets:access":"customers","toilets:wheelchair":"designated","tourism":"museum","website":"http://www.musei.it/liguria/genova/museo-del-risorgimento---casa-mazzini.asp","wheelchair":"yes","wikidata":"Q3867926","wikipedia":"it:Museo del Risorgimento e istituto mazziniano"}},"geometry":{"type":"Point","coordinates":[8.9294189,44.412561]}},{"type":"Feature","properties":{"name":"Museo Rurale e degli Antichi Mestieri","category":"Museo","group":"Da visitare","subtype":"museum","priority":4,"osm_id":"6356589641","tags":{"tourism":"museum"}},"geometry":{"type":"Point","coordinates":[8.0278063,44.0055713]}},{"type":"Feature","properties":{"name":"Museo speleologico del Monte Gazzo","category":"Museo","group":"Da visitare","subtype":"museum","priority":4,"osm_id":"5747829963","tags":{"tourism":"museum","wikidata":"Q3868462","wikipedia":"it:Museo speleologico del Monte Gazzo"}},"geometry":{"type":"Point","coordinates":[8.847886,44.4425228]}},{"type":"Feature","properties":{"name":"Museo Storico Archeologico di Savona","category":"Museo","group":"Da visitare","subtype":"museum","priority":4,"osm_id":"4442370143","tags":{"fee":"yes","tourism":"museum","wikidata":"Q16580536"}},"geometry":{"type":"Point","coordinates":[8.484855,44.3050401]}},{"type":"Feature","properties":{"name":"Museo storico Batteria Giorgio Mameli","category":"Museo","group":"Da visitare","subtype":"museum","priority":4,"osm_id":"4378844942","tags":{"addr:city":"Genova","addr:postcode":"16156","addr:street":"Viale Giorgio Modugno","opening_hours":"Sa,Su 14:00-18:00","operator":"Coordinamento Ligure Studi Militari","tourism":"museum"}},"geometry":{"type":"Point","coordinates":[8.8061812,44.4278758]}},{"type":"Feature","properties":{"name":"Museo Storico Cartografico","category":"Museo","group":"Da visitare","subtype":"museum","priority":4,"osm_id":"4922612204","tags":{"tourism":"museum"}},"geometry":{"type":"Point","coordinates":[7.8060597,44.0782847]}},{"type":"Feature","properties":{"name":"Museo storico Croce Bianca","category":"Museo","group":"Da visitare","subtype":"museum","priority":4,"osm_id":"7072399579","tags":{"tourism":"museum"}},"geometry":{"type":"Point","coordinates":[8.2144975,44.0474533]}},{"type":"Feature","properties":{"name":"Museo Storico del Risorgimento","category":"Museo","group":"Da visitare","subtype":"museum","priority":4,"osm_id":"5155328475","tags":{"addr:housenumber":"15","addr:street":"Via Ravaschieri","tourism":"museum","wikidata":"Q3868474"}},"geometry":{"type":"Point","coordinates":[9.3251221,44.3180029]}},{"type":"Feature","properties":{"name":"Museo storico della Croce Rossa","category":"Museo","group":"Da visitare","subtype":"museum","priority":4,"osm_id":"7154494032","tags":{"contact:city":"Campomorone","contact:housenumber":"14 rosso","contact:postcode":"16014","contact:street":"Via Primo Cavallieri","museum":"history","operator":"Croce Rossa Italiana","operator:wikidata":"Q913903","operator:wikipedia":"it:Croce Rossa Italiana","tourism":"museum","wikidata":"Q55348183"}},"geometry":{"type":"Point","coordinates":[8.8915854,44.507491]}},{"type":"Feature","properties":{"name":"Museo Suor Leonarda Ranixe","category":"Museo","group":"Da visitare","subtype":"museum","priority":4,"osm_id":"4442358027","tags":{"addr:city":"Diano Castello","addr:housenumber":"2","addr:postcode":"18013","addr:street":"Piazza Giacomo Matteotti","museum":"history","opening_hours":"Mo-Su 16:00-18:00","tourism":"museum","website":"https://www.visitdianocastello.it/convento-delle-clarisse/"}},"geometry":{"type":"Point","coordinates":[8.0660532,43.9237158]}},{"type":"Feature","properties":{"name":"Museo Tecnico Navale","category":"Museo","group":"Da visitare","subtype":"museum","priority":4,"osm_id":"3471197512","tags":{"museum":"maritime","name:ru":"Музей морского флота","opening_hours":"Mo-Su 08:30-19:30","tourism":"museum","website":"https://www.marina.difesa.it/EN/history/museums/Pagine/museotecniconavale.aspx#","wikidata":"Q1954321"}},"geometry":{"type":"Point","coordinates":[9.8205714,44.1014873]}},{"type":"Feature","properties":{"name":"Museo vecchio Preistorico dei Balzi Rossi","category":"Museo","group":"Da visitare","subtype":"museum","priority":4,"osm_id":"2947450138","tags":{"charge":"4 EUR","contact:facebook":"https://www.facebook.com/museobalzirossi/","contact:instagram":"https://www.instagram.com/museobalzirossi/","email":"drm-lig.museobalzirossi@cultura.gov.it","fee":"yes","opening_hours":"Tu-Su 08:30-19:00","phone":"+39 0184 38113","start_date":"1898","tourism":"museum","website":"https://cultura.gov.it/luogo/museo-preistorico-dei-balzi-rossi-e-zona-archeologica","wheelchair":"limited"}},"geometry":{"type":"Point","coordinates":[7.5352857,43.78352]}},{"type":"Feature","properties":{"name":"Nuovo Polo Museale Perrando","category":"Museo","group":"Da visitare","subtype":"museum","priority":4,"osm_id":"4923560703","tags":{"addr:housenumber":"33","addr:street":"Via dei Perrando","operator":"Associazione Amici del Sassell","phone":"+39 019 724100","tourism":"museum"}},"geometry":{"type":"Point","coordinates":[8.4918986,44.4784381]}},{"type":"Feature","properties":{"name":"Parco del Basilico di Pra'","category":"Museo","group":"Da visitare","subtype":"museum","priority":4,"osm_id":"9209500242","tags":{"description":"Il mortaio","museum":"local","tourism":"museum"}},"geometry":{"type":"Point","coordinates":[8.7651606,44.4283818]}},{"type":"Feature","properties":{"name":"Pinacoteca Civica","category":"Museo","group":"Da visitare","subtype":"museum","priority":4,"osm_id":"3423366550","tags":{"tourism":"museum","wikidata":"Q18812377"}},"geometry":{"type":"Point","coordinates":[8.4841124,44.3090329]}},{"type":"Feature","properties":{"name":"Pinacoteca David Beghé","category":"Museo","group":"Da visitare","subtype":"museum","priority":4,"osm_id":"4442381215","tags":{"tourism":"museum"}},"geometry":{"type":"Point","coordinates":[9.8408789,44.2130068]}},{"type":"Feature","properties":{"name":"Pinacoteca Rambaldi","category":"Museo","group":"Da visitare","subtype":"museum","priority":4,"osm_id":"4442358040","tags":{"contact:mobile":"+39 320 0375820","contact:phone":"+39 0184 670398","opening_hours":"Fr 09:00-12:00; Sa 09:00-12:00,15:00-18:00; Su 15:00-18:00","tourism":"museum","wikidata":"Q16337920"}},"geometry":{"type":"Point","coordinates":[7.7294534,43.8125224]}},{"type":"Feature","properties":{"name":"Raccolta etnografica di Bestagno","category":"Museo","group":"Da visitare","subtype":"museum","priority":4,"osm_id":"4442358041","tags":{"tourism":"museum"}},"geometry":{"type":"Point","coordinates":[8.0002328,43.9339418]}},{"type":"Feature","properties":{"name":"Raccolte di Fisica del Liceo G.D. Cassini","category":"Museo","group":"Da visitare","subtype":"museum","priority":4,"osm_id":"4442358042","tags":{"tourism":"museum"}},"geometry":{"type":"Point","coordinates":[7.7859836,43.822647]}},{"type":"Feature","properties":{"name":"Raccolte Frugone","category":"Museo","group":"Da visitare","subtype":"museum","priority":4,"osm_id":"3747823363","tags":{"tourism":"museum","website":"https://www.museidigenova.it/it/raccolte-frugone","wikidata":"Q2217376","wikipedia":"it:Raccolte Frugone"}},"geometry":{"type":"Point","coordinates":[9.0477439,44.3813514]}},{"type":"Feature","properties":{"name":"Sala archeologica","category":"Museo","group":"Da visitare","subtype":"museum","priority":4,"osm_id":"3942501175","tags":{"addr:city":"Camogli","addr:housenumber":"41","addr:postcode":"16032","addr:street":"Via Gio Bono Ferrari","contact:phone":"+39 0185 729048","tourism":"museum","website":"https://www.comune.camogli.ge.it/c010007/zf/index.php/musei-monumenti/index/dettaglio-museo/museo/6","wheelchair":"no","wikidata":"Q54873227"}},"geometry":{"type":"Point","coordinates":[9.1566767,44.3475254]}},{"type":"Feature","properties":{"name":"SEM Spazio Espositivo Multimediale","category":"Museo","group":"Da visitare","subtype":"museum","priority":4,"osm_id":"10207171899","tags":{"addr:housenumber":"15","addr:street":"Via Nino Bixio","museum":"history","opening_hours":"Mo-Sa 09:30-12:30; PH closed; Tu,Th 16:30-19:00","operator":"Comune di Riva Ligure","operator:type":"public","tourism":"museum"}},"geometry":{"type":"Point","coordinates":[7.8819188,43.8375713]}},{"type":"Feature","properties":{"name":"Sezione Etnologica \"La stalla\"","category":"Museo","group":"Da visitare","subtype":"museum","priority":4,"osm_id":"5646318317","tags":{"operator":"Museo Storico Alta Valle Scrivia","tourism":"museum"}},"geometry":{"type":"Point","coordinates":[9.119575,44.5563989]}},{"type":"Feature","properties":{"name":"U Gumbu de Nuccio","category":"Museo","group":"Da visitare","subtype":"museum","priority":4,"osm_id":"12830266445","tags":{"opening_hours":"Su 16:00-18:00","tourism":"museum"}},"geometry":{"type":"Point","coordinates":[8.100697,43.9640002]}},{"type":"Feature","properties":{"name":"Via del Campo 29 Rosso","category":"Museo","group":"Da visitare","subtype":"museum","priority":4,"osm_id":"2387852143","tags":{"addr:housenumber":"29 rosso","addr:street":"Via del Campo","fee":"no","operator":"Solidarietà e lavoro","phone":"+39 010 2474064","tourism":"museum","wikidata":"Q18670434"}},"geometry":{"type":"Point","coordinates":[8.9283184,44.4124217]}},{"type":"Feature","properties":{"name":"Villa Faraggiana","category":"Museo","group":"Da visitare","subtype":"museum","priority":4,"osm_id":"3820637457","tags":{"addr:city":"Albissola Marina","addr:postcode":"17012","addr:street":"Viale Faraggiana","email":"villafaraggiana@albezzanosrl.191.it","museum":"art","phone":"+39 019 480622","tourism":"museum","website":"https://www.villafaraggiana.it/","wikidata":"Q4011980","wikipedia":"it:Villa Faraggiana"}},"geometry":{"type":"Point","coordinates":[8.5025691,44.3313276]}},{"type":"Feature","properties":{"name":"Villa Faravelli","category":"Museo","group":"Da visitare","subtype":"museum","priority":4,"osm_id":"12645391059","tags":{"fee":"yes","museum":"art","tourism":"museum","website":"https://www.imperiaexperience.it/it/cultura/poi.html?id=24285:villa-faravelli-m-a-c-i","wikidata":"Q55672206"}},"geometry":{"type":"Point","coordinates":[8.0258561,43.8842951]}},{"type":"Feature","properties":{"name":"Villa Hanbury","category":"Museo","group":"Da visitare","subtype":"museum","priority":4,"osm_id":"3653705263","tags":{"tourism":"museum","wikidata":"Q124342010"}},"geometry":{"type":"Point","coordinates":[7.5556316,43.7822906]}},{"type":"Feature","properties":{"name":"Villa Nobel","category":"Museo","group":"Da visitare","subtype":"museum","priority":4,"osm_id":"12952526192","tags":{"fee":"yes","museum":"person","opening_hours":"Mo-Fr 09:30-12:30","subject:wikidata":"Q23810","tourism":"museum","wikidata":"Q2525526"}},"geometry":{"type":"Point","coordinates":[7.7927559,43.8212641]}},{"type":"Feature","properties":{"name":"Voci nell'etere","category":"Museo","group":"Da visitare","subtype":"museum","priority":4,"osm_id":"12400635512","tags":{"description":"by reservation","mobile":"+39 347 4317611","museum":"communication","tourism":"museum","website":"https://www.imperiaexperience.it/it/cultura/poi.html?id=24458:museo-della-comunicazione-voci-nell%E2%80%99etere","wikidata":"Q113030300"}},"geometry":{"type":"Point","coordinates":[8.0384624,43.9044203]}},{"type":"Feature","properties":{"name":"\"Farfalla di luce\"","category":"Rovine","group":"Da visitare","subtype":"ruins","priority":4,"osm_id":"11335491555","tags":{"access":"yes","historic":"ruins","historic:civilization":"prehistoric","inscription":"Sito megalitico","ruins":"temple"}},"geometry":{"type":"Point","coordinates":[9.9317782,44.0898196]}},{"type":"Feature","properties":{"name":"Antica fornace da calce","category":"Rovine","group":"Da visitare","subtype":"ruins","priority":4,"osm_id":"5177910468","tags":{"historic":"ruins"}},"geometry":{"type":"Point","coordinates":[9.0846194,44.5627184]}},{"type":"Feature","properties":{"name":"Antico Mulino \"Staiolo\"","category":"Rovine","group":"Da visitare","subtype":"ruins","priority":4,"osm_id":"5177901799","tags":{"historic":"ruins","inscription":"Mulino ad acqua"}},"geometry":{"type":"Point","coordinates":[9.0886751,44.5626731]}},{"type":"Feature","properties":{"name":"Antico Ponte di Magnone","category":"Rovine","group":"Da visitare","subtype":"ruins","priority":4,"osm_id":"10674060023","tags":{"historic":"ruins"}},"geometry":{"type":"Point","coordinates":[8.3740336,44.2262915]}},{"type":"Feature","properties":{"name":"Batteria Monte S. Croce","category":"Rovine","group":"Da visitare","subtype":"ruins","priority":4,"osm_id":"7105604565","tags":{"access":"yes","historic":"ruins","historic:civilization":"modern"}},"geometry":{"type":"Point","coordinates":[9.7932072,44.091759]}},{"type":"Feature","properties":{"name":"C. dei Rossi","category":"Rovine","group":"Da visitare","subtype":"ruins","priority":4,"osm_id":"3903207120","tags":{"historic":"ruins"}},"geometry":{"type":"Point","coordinates":[8.3511124,44.3778732]}},{"type":"Feature","properties":{"name":"C. del Cianetto","category":"Rovine","group":"Da visitare","subtype":"ruins","priority":4,"osm_id":"3498714271","tags":{"historic":"ruins"}},"geometry":{"type":"Point","coordinates":[8.360937,44.384095]}},{"type":"Feature","properties":{"name":"C. Pianlazzo","category":"Rovine","group":"Da visitare","subtype":"ruins","priority":4,"osm_id":"3902127533","tags":{"historic":"ruins"}},"geometry":{"type":"Point","coordinates":[8.3446857,44.4010589]}},{"type":"Feature","properties":{"name":"Casa dei Preposti","category":"Rovine","group":"Da visitare","subtype":"ruins","priority":4,"osm_id":"4191248207","tags":{"access":"yes","description":"In passato fungeva da postazione di guardia anticontrabbando. Essa sorgeva alla confluenza tra\ni sentieri provenienti dalla punta e dal sottostante Scoglio dell’Erbun, le cui tracce però si\nperdono tra la vegetazione infestante.","historic":"ruins","historic:civilization":"modern","ruins":"building"}},"geometry":{"type":"Point","coordinates":[9.4095292,44.2556159]}},{"type":"Feature","properties":{"name":"Casa Pilloa","category":"Rovine","group":"Da visitare","subtype":"ruins","priority":4,"osm_id":"1194155488","tags":{"access":"yes","historic":"ruins","historic:civilization":"medieval","ruins":"house"}},"geometry":{"type":"Point","coordinates":[9.7940464,44.0882366]}},{"type":"Feature","properties":{"name":"Cascine diroccate","category":"Rovine","group":"Da visitare","subtype":"ruins","priority":4,"osm_id":"3672459550","tags":{"historic":"ruins","ruins":"farmhouse"}},"geometry":{"type":"Point","coordinates":[9.2375496,44.5692756]}},{"type":"Feature","properties":{"name":"case di Besain","category":"Rovine","group":"Da visitare","subtype":"ruins","priority":4,"osm_id":"8494684560","tags":{"access":"yes","historic":"ruins","historic:civilization":"1900","ruins":"house"}},"geometry":{"type":"Point","coordinates":[9.2645335,44.361729]}},{"type":"Feature","properties":{"name":"Caserma DI.CA.T","category":"Rovine","group":"Da visitare","subtype":"ruins","priority":4,"osm_id":"2600472660","tags":{"historic":"ruins","historic:civilization":"modern"}},"geometry":{"type":"Point","coordinates":[8.6305462,44.5337451]}},{"type":"Feature","properties":{"name":"Cast. Novasina","category":"Rovine","group":"Da visitare","subtype":"ruins","priority":4,"osm_id":"2974142754","tags":{"historic":"ruins"}},"geometry":{"type":"Point","coordinates":[9.5035277,44.3921567]}},{"type":"Feature","properties":{"name":"Castello Brina","category":"Rovine","group":"Da visitare","subtype":"ruins","priority":4,"osm_id":"1919741594","tags":{"historic":"ruins","wikidata":"Q3662431","wikipedia":"it:Castello della Brina"}},"geometry":{"type":"Point","coordinates":[9.9502488,44.144958]}},{"type":"Feature","properties":{"name":"Castello di Monte Tanano","category":"Rovine","group":"Da visitare","subtype":"ruins","priority":4,"osm_id":"6126832497","tags":{"historic":"ruins"}},"geometry":{"type":"Point","coordinates":[9.6099688,44.3793816]}},{"type":"Feature","properties":{"name":"Castello di Rivarola","category":"Rovine","group":"Da visitare","subtype":"ruins","priority":4,"osm_id":"5630534940","tags":{"historic":"ruins"}},"geometry":{"type":"Point","coordinates":[9.3564426,44.3465828]}},{"type":"Feature","properties":{"name":"Castelluzzo di Pietranera","category":"Rovine","group":"Da visitare","subtype":"ruins","priority":4,"osm_id":"9256352553","tags":{"historic":"ruins","historic:civilization":"medieval","ruins":"castle"}},"geometry":{"type":"Point","coordinates":[9.3051193,44.5888544]}},{"type":"Feature","properties":{"name":"Castrum Rapallinum (rovine avamposto)","category":"Rovine","group":"Da visitare","subtype":"ruins","priority":4,"osm_id":"4247899865","tags":{"description":"Le rovine del Castrum Rapallium: avamposto fortificato del XIII secolo","historic":"ruins","historic:civilization":"medieval"}},"geometry":{"type":"Point","coordinates":[9.2698061,44.3614978]}},{"type":"Feature","properties":{"name":"Chiesa di San Bernardo","category":"Rovine","group":"Da visitare","subtype":"ruins","priority":4,"osm_id":"8262493889","tags":{"historic":"ruins"}},"geometry":{"type":"Point","coordinates":[8.1029612,43.9740401]}},{"type":"Feature","properties":{"name":"Chiesa di Sant'Andrea di Bovarizia","category":"Rovine","group":"Da visitare","subtype":"ruins","priority":4,"osm_id":"13851550844","tags":{"historic":"ruins","ref:iccd":"0700374158","ruins":"yes","ruins:type":"church","wikidata":"Q3672484","wikipedia":"it:Chiesa di Sant'Andrea di Bovarizia"}},"geometry":{"type":"Point","coordinates":[9.0355221,44.5592847]}},{"type":"Feature","properties":{"name":"Chiesa San Bernardo","category":"Rovine","group":"Da visitare","subtype":"ruins","priority":4,"osm_id":"12353710583","tags":{"historic":"ruins","ruins":"church"}},"geometry":{"type":"Point","coordinates":[8.1463722,43.9996669]}},{"type":"Feature","properties":{"name":"Cà da Basso","category":"Rovine","group":"Da visitare","subtype":"ruins","priority":4,"osm_id":"10291290443","tags":{"access":"yes","historic":"ruins","historic:civilization":"1900","ruins":"house"}},"geometry":{"type":"Point","coordinates":[9.2564862,44.3654295]}},{"type":"Feature","properties":{"name":"Ex cave argillite","category":"Rovine","group":"Da visitare","subtype":"ruins","priority":4,"osm_id":"4881978921","tags":{"historic":"ruins"}},"geometry":{"type":"Point","coordinates":[9.0129677,44.414699]}},{"type":"Feature","properties":{"name":"ex Stazione Sella","category":"Rovine","group":"Da visitare","subtype":"ruins","priority":4,"osm_id":"3905230359","tags":{"historic":"ruins","public_transport":"station","train":"yes"}},"geometry":{"type":"Point","coordinates":[8.3588987,44.3485919]}},{"type":"Feature","properties":{"name":"Forte Bramapane","category":"Rovine","group":"Da visitare","subtype":"ruins","priority":4,"osm_id":"1194146437","tags":{"historic":"ruins"}},"geometry":{"type":"Point","coordinates":[9.7646216,44.0986004]}},{"type":"Feature","properties":{"name":"Forte Macè","category":"Rovine","group":"Da visitare","subtype":"ruins","priority":4,"osm_id":"1208560085","tags":{"historic":"ruins"}},"geometry":{"type":"Point","coordinates":[9.7890347,44.1267556]}},{"type":"Feature","properties":{"name":"Libera collina di Castello","category":"Rovine","group":"Da visitare","subtype":"ruins","priority":4,"osm_id":"3865625225","tags":{"historic":"ruins"}},"geometry":{"type":"Point","coordinates":[8.9300432,44.4050364]}},{"type":"Feature","properties":{"name":"Mura della Darsena","category":"Rovine","group":"Da visitare","subtype":"ruins","priority":4,"osm_id":"2028670141","tags":{"access":"permissive","covered":"yes","historic":"ruins","layer":"-1"}},"geometry":{"type":"Point","coordinates":[8.9259685,44.4123876]}},{"type":"Feature","properties":{"name":"Neviera","category":"Rovine","group":"Da visitare","subtype":"ruins","priority":4,"osm_id":"1701026923","tags":{"access":"yes","historic":"ruins","historic:civilization":"modern","ruins":"ice_house"}},"geometry":{"type":"Point","coordinates":[8.9430778,44.4553121]}},{"type":"Feature","properties":{"name":"Neviera","category":"Rovine","group":"Da visitare","subtype":"ruins","priority":4,"osm_id":"2519517338","tags":{"access":"yes","historic":"ruins"}},"geometry":{"type":"Point","coordinates":[8.3206147,44.2721654]}},{"type":"Feature","properties":{"name":"Neviera","category":"Rovine","group":"Da visitare","subtype":"ruins","priority":4,"osm_id":"8635315877","tags":{"access":"yes","historic":"ruins","historic:civilization":"modern","ruins":"ice_house"}},"geometry":{"type":"Point","coordinates":[8.9338004,44.4538087]}},{"type":"Feature","properties":{"name":"Neviera 1","category":"Rovine","group":"Da visitare","subtype":"ruins","priority":4,"osm_id":"2153394570","tags":{"amenity":"Neviera","historic":"ruins"}},"geometry":{"type":"Point","coordinates":[8.8337344,44.528868]}},{"type":"Feature","properties":{"name":"Neviera 2","category":"Rovine","group":"Da visitare","subtype":"ruins","priority":4,"osm_id":"2153394573","tags":{"amenity":"Neviera","historic":"ruins"}},"geometry":{"type":"Point","coordinates":[8.8343224,44.527278]}},{"type":"Feature","properties":{"name":"Neviera 3","category":"Rovine","group":"Da visitare","subtype":"ruins","priority":4,"osm_id":"2153394574","tags":{"amenity":"Neviera","historic":"ruins"}},"geometry":{"type":"Point","coordinates":[8.8351617,44.5260033]}},{"type":"Feature","properties":{"name":"Neviera 4","category":"Rovine","group":"Da visitare","subtype":"ruins","priority":4,"osm_id":"2153394575","tags":{"amenity":"Neviera","historic":"ruins"}},"geometry":{"type":"Point","coordinates":[8.832922,44.5254583]}},{"type":"Feature","properties":{"name":"Neviera 5","category":"Rovine","group":"Da visitare","subtype":"ruins","priority":4,"osm_id":"2153394577","tags":{"amenity":"Neviera","historic":"ruins"}},"geometry":{"type":"Point","coordinates":[8.8304023,44.531458]}},{"type":"Feature","properties":{"name":"Neviera 6","category":"Rovine","group":"Da visitare","subtype":"ruins","priority":4,"osm_id":"2153394580","tags":{"amenity":"Neviera","historic":"ruins"}},"geometry":{"type":"Point","coordinates":[8.8362972,44.5335985]}},{"type":"Feature","properties":{"name":"Neviera 7","category":"Rovine","group":"Da visitare","subtype":"ruins","priority":4,"osm_id":"2153394583","tags":{"amenity":"Neviera","historic":"ruins"}},"geometry":{"type":"Point","coordinates":[8.8349479,44.5323859]}},{"type":"Feature","properties":{"name":"Ponte del Vallotto","category":"Rovine","group":"Da visitare","subtype":"ruins","priority":4,"osm_id":"7954664969","tags":{"access":"yes","historic":"ruins","historic:civilization":"modern","ruins":"bridge"}},"geometry":{"type":"Point","coordinates":[7.7781314,43.8143361]}},{"type":"Feature","properties":{"name":"Ponte dell‘Acqui","category":"Rovine","group":"Da visitare","subtype":"ruins","priority":4,"osm_id":"10310490385","tags":{"historic":"ruins"}},"geometry":{"type":"Point","coordinates":[7.9178844,43.9887437]}},{"type":"Feature","properties":{"name":"Ponte di Magnone","category":"Rovine","group":"Da visitare","subtype":"ruins","priority":4,"osm_id":"3431542242","tags":{"historic":"ruins"}},"geometry":{"type":"Point","coordinates":[8.3707619,44.2180496]}},{"type":"Feature","properties":{"name":"Presa Acquedotto","category":"Rovine","group":"Da visitare","subtype":"ruins","priority":4,"osm_id":"2789207450","tags":{"historic":"ruins"}},"geometry":{"type":"Point","coordinates":[8.9565586,44.4492295]}},{"type":"Feature","properties":{"name":"Ravino","category":"Rovine","group":"Da visitare","subtype":"ruins","priority":4,"osm_id":"5179712486","tags":{"historic":"ruins"}},"geometry":{"type":"Point","coordinates":[9.0779753,44.5531841]}},{"type":"Feature","properties":{"name":"Resti Castello di Rossiglione","category":"Rovine","group":"Da visitare","subtype":"ruins","priority":4,"osm_id":"7399743465","tags":{"historic":"ruins"}},"geometry":{"type":"Point","coordinates":[8.6627094,44.5651697]}},{"type":"Feature","properties":{"name":"rifugio partigiano","category":"Rovine","group":"Da visitare","subtype":"ruins","priority":4,"osm_id":"5306235766","tags":{"historic":"ruins","inscription":"rifugio partigiano durante la seconda guerra mondiale"}},"geometry":{"type":"Point","coordinates":[7.8747857,43.8493395]}},{"type":"Feature","properties":{"name":"Rovine Batteria Pianderlino","category":"Rovine","group":"Da visitare","subtype":"ruins","priority":4,"osm_id":"7250281480","tags":{"access":"yes","historic":"ruins","historic:civilization":"modern"}},"geometry":{"type":"Point","coordinates":[8.9696849,44.4162732]}},{"type":"Feature","properties":{"name":"rovine del molino del Fullo","category":"Rovine","group":"Da visitare","subtype":"ruins","priority":4,"osm_id":"4375361119","tags":{"historic":"ruins"}},"geometry":{"type":"Point","coordinates":[9.1074241,44.5564353]}},{"type":"Feature","properties":{"name":"Rudere","category":"Rovine","group":"Da visitare","subtype":"ruins","priority":4,"osm_id":"8492064402","tags":{"historic":"ruins"}},"geometry":{"type":"Point","coordinates":[8.147868,44.2991375]}},{"type":"Feature","properties":{"name":"Rudere","category":"Rovine","group":"Da visitare","subtype":"ruins","priority":4,"osm_id":"8592545922","tags":{"historic":"ruins"}},"geometry":{"type":"Point","coordinates":[8.1479859,44.2993827]}},{"type":"Feature","properties":{"name":"Rudere Spolverina","category":"Rovine","group":"Da visitare","subtype":"ruins","priority":4,"osm_id":"10752532685","tags":{"historic":"ruins"}},"geometry":{"type":"Point","coordinates":[10.1515792,44.0997312]}},{"type":"Feature","properties":{"name":"Ruderi","category":"Rovine","group":"Da visitare","subtype":"ruins","priority":4,"osm_id":"7842506047","tags":{"historic":"ruins","ruins":"watermill"}},"geometry":{"type":"Point","coordinates":[9.2415609,44.5510056]}},{"type":"Feature","properties":{"name":"Ruderi Chiesa di Santa Maria Maddalena","category":"Rovine","group":"Da visitare","subtype":"ruins","priority":4,"osm_id":"7930734525","tags":{"historic":"ruins","ruins":"church"}},"geometry":{"type":"Point","coordinates":[9.7829198,44.0957107]}},{"type":"Feature","properties":{"name":"Ruderi di varie cascine attaccate","category":"Rovine","group":"Da visitare","subtype":"ruins","priority":4,"osm_id":"3704279369","tags":{"historic":"ruins","ruins":"farmhouse"}},"geometry":{"type":"Point","coordinates":[9.2280102,44.5753299]}},{"type":"Feature","properties":{"name":"S. Martino Vecchio","category":"Rovine","group":"Da visitare","subtype":"ruins","priority":4,"osm_id":"1667925695","tags":{"access":"yes","historic":"ruins","historic:civilization":"medieval"}},"geometry":{"type":"Point","coordinates":[9.7675642,44.1054581]}},{"type":"Feature","properties":{"name":"San Bernardo","category":"Rovine","group":"Da visitare","subtype":"ruins","priority":4,"osm_id":"9204975326","tags":{"historic":"ruins"}},"geometry":{"type":"Point","coordinates":[7.9112033,43.90916]}},{"type":"Feature","properties":{"name":"San Lorenzo","category":"Rovine","group":"Da visitare","subtype":"ruins","priority":4,"osm_id":"11335491554","tags":{"access":"permissive","historic":"ruins","historic:civilization":"middle-ages","ruins":"church"}},"geometry":{"type":"Point","coordinates":[9.9304476,44.0894379]}},{"type":"Feature","properties":{"name":"Serra Maggiore","category":"Rovine","group":"Da visitare","subtype":"ruins","priority":4,"osm_id":"3617009134","tags":{"historic":"ruins"}},"geometry":{"type":"Point","coordinates":[9.7438747,44.3103992]}},{"type":"Feature","properties":{"name":"Torre della Vittoria","category":"Rovine","group":"Da visitare","subtype":"ruins","priority":4,"osm_id":"4047407862","tags":{"historic":"ruins","tourism":"viewpoint"}},"geometry":{"type":"Point","coordinates":[8.423944,44.1956326]}},{"type":"Feature","properties":{"name":"Torre di Ubaga","category":"Rovine","group":"Da visitare","subtype":"ruins","priority":4,"osm_id":"5159329241","tags":{"historic":"ruins","wikidata":"Q113014042"}},"geometry":{"type":"Point","coordinates":[7.9951348,44.0335279]}},{"type":"Feature","properties":{"name":"Trincee - Trenches","category":"Rovine","group":"Da visitare","subtype":"ruins","priority":4,"osm_id":"2789193547","tags":{"historic":"ruins"}},"geometry":{"type":"Point","coordinates":[8.9673535,44.4559335]}},{"type":"Feature","properties":{"name":"Tubi in marmo dell'Acquedotto Storico","category":"Rovine","group":"Da visitare","subtype":"ruins","priority":4,"osm_id":"2904578707","tags":{"historic":"ruins"}},"geometry":{"type":"Point","coordinates":[8.9802789,44.4527253]}},{"type":"Feature","properties":{"name":"Vecchia Fornace","category":"Rovine","group":"Da visitare","subtype":"ruins","priority":4,"osm_id":"3813803783","tags":{"historic":"ruins","name:lij":"Furnæxa du Praè"}},"geometry":{"type":"Point","coordinates":[8.1723237,44.1296485]}},{"type":"Feature","properties":{"name":"Vecchia fornace di calce","category":"Rovine","group":"Da visitare","subtype":"ruins","priority":4,"osm_id":"13909902097","tags":{"historic":"ruins"}},"geometry":{"type":"Point","coordinates":[8.1384819,44.32196]}},{"type":"Feature","properties":{"name":"Viazzale","category":"Rovine","group":"Da visitare","subtype":"ruins","priority":4,"osm_id":"5782512433","tags":{"abandoned:place":"isolated_dwelling","historic":"ruins","ruins":"village"}},"geometry":{"type":"Point","coordinates":[9.2498531,44.5388905]}},{"type":"Feature","properties":{"name":"Villa Volpara","category":"Rovine","group":"Da visitare","subtype":"ruins","priority":4,"osm_id":"7466930518","tags":{"alt_name":"Il Fodo","historic":"ruins"}},"geometry":{"type":"Point","coordinates":[9.9346682,44.0779159]}},{"type":"Feature","properties":{"name":"Bertani","category":"Stazione funicolare","group":"Mobilità e interscambio","subtype":"funicular_station","priority":4,"osm_id":"243364873","tags":{"funicular":"yes","network":"AMT Genova","operator":"AMT","public_transport":"stop_position","railway":"halt","station":"funicular"}},"geometry":{"type":"Point","coordinates":[8.9375652,44.414296]}},{"type":"Feature","properties":{"name":"Carbonara","category":"Stazione funicolare","group":"Mobilità e interscambio","subtype":"funicular_station","priority":4,"osm_id":"243246881","tags":{"funicular":"yes","network":"AMT Genova","operator":"AMT","public_transport":"station","railway":"halt","url":"http://www.amt.genova.it/rete_e_orari/funicolari.asp"}},"geometry":{"type":"Point","coordinates":[8.9317024,44.4167685]}},{"type":"Feature","properties":{"name":"Celle Ligure","category":"Stazione funicolare","group":"Mobilità e interscambio","subtype":"funicular_station","priority":4,"osm_id":"12299676792","tags":{"funicular":"yes","public_transport":"station","railway":"station","station":"funicular","wheelchair":"yes"}},"geometry":{"type":"Point","coordinates":[8.5420807,44.3398896]}},{"type":"Feature","properties":{"name":"Madonnetta","category":"Stazione funicolare","group":"Mobilità e interscambio","subtype":"funicular_station","priority":4,"osm_id":"243297256","tags":{"funicular":"yes","network":"AMT Genova","operator":"AMT","public_transport":"station","railway":"halt","station":"funicular","url":"http://www.amt.genova.it/rete_e_orari/funicolari.asp"}},"geometry":{"type":"Point","coordinates":[8.9328193,44.4215072]}},{"type":"Feature","properties":{"name":"Pineta Bottini","category":"Stazione funicolare","group":"Mobilità e interscambio","subtype":"funicular_station","priority":4,"osm_id":"12299676793","tags":{"funicular":"yes","public_transport":"station","railway":"station","station":"funicular","wheelchair":"yes"}},"geometry":{"type":"Point","coordinates":[8.5419524,44.3393489]}},{"type":"Feature","properties":{"name":"Portello","category":"Stazione funicolare","group":"Mobilità e interscambio","subtype":"funicular_station","priority":4,"osm_id":"243364874","tags":{"funicular":"yes","network":"AMT Genova","operator":"AMT","public_transport":"stop_position","railway":"halt","station":"funicular"}},"geometry":{"type":"Point","coordinates":[8.9351451,44.4116748]}},{"type":"Feature","properties":{"name":"Righi","category":"Stazione funicolare","group":"Mobilità e interscambio","subtype":"funicular_station","priority":4,"osm_id":"12294239300","tags":{"network":"AMT Genova","operator":"AMT","public_transport":"station","railway":"station","station":"funicular","url":"http://www.amt.genova.it/rete_e_orari/funicolari.asp","wheelchair":"yes","wikimedia_commons":"File:Genova - funicolare Zecca-Righi - stazione Righi.jpg"}},"geometry":{"type":"Point","coordinates":[8.9377396,44.4241184]}},{"type":"Feature","properties":{"name":"San Nicola","category":"Stazione funicolare","group":"Mobilità e interscambio","subtype":"funicular_station","priority":4,"osm_id":"243299007","tags":{"funicular":"yes","network":"AMT Genova","operator":"AMT","public_transport":"station","railway":"station","station":"funicular","url":"http://www.amt.genova.it/rete_e_orari/funicolari.asp"}},"geometry":{"type":"Point","coordinates":[8.9317916,44.419913]}},{"type":"Feature","properties":{"name":"San Simone","category":"Stazione funicolare","group":"Mobilità e interscambio","subtype":"funicular_station","priority":4,"osm_id":"11255856780","tags":{"network":"AMT Genova","operator":"AMT","public_transport":"station","railway":"station","station":"funicular","url":"http://www.amt.genova.it/rete_e_orari/funicolari.asp","wheelchair":"yes"}},"geometry":{"type":"Point","coordinates":[8.9355715,44.4230181]}},{"type":"Feature","properties":{"name":"Via Preve","category":"Stazione funicolare","group":"Mobilità e interscambio","subtype":"funicular_station","priority":4,"osm_id":"243207528","tags":{"funicular":"yes","network":"AMT Genova","operator":"AMT","public_transport":"station","railway":"halt","station":"funicular","url":"http://www.amt.genova.it/rete_e_orari/funicolari.asp"}},"geometry":{"type":"Point","coordinates":[8.934319,44.4223537]}},{"type":"Feature","properties":{"name":"Zecca","category":"Stazione funicolare","group":"Mobilità e interscambio","subtype":"funicular_station","priority":4,"osm_id":"13046014135","tags":{"funicular":"yes","network":"AMT Genova","operator":"AMT","public_transport":"station","railway":"station","station":"funicular","url":"http://www.amt.genova.it/rete_e_orari/funicolari.asp","wheelchair":"yes"}},"geometry":{"type":"Point","coordinates":[8.9306111,44.4134442]}},{"type":"Feature","properties":{"name":"Bastia-Savona","category":"Terminal traghetti","group":"Mobilità e interscambio","subtype":"ferry_terminal","priority":4,"osm_id":"12179824208","tags":{"amenity":"ferry_terminal","cargo":"passengers;vehicle","duration":"6:00","ferry":"yes","operator":"Corsica Ferries","public_transport":"stop_position"}},"geometry":{"type":"Point","coordinates":[8.4496538,44.2627663]}},{"type":"Feature","properties":{"name":"Berth 6","category":"Terminal traghetti","group":"Mobilità e interscambio","subtype":"ferry_terminal","priority":4,"osm_id":"3442699400","tags":{"amenity":"ferry_terminal","ferry":"yes","public_transport":"station"}},"geometry":{"type":"Point","coordinates":[-5.5189891,35.8769122]}},{"type":"Feature","properties":{"name":"Cruise Terminal","category":"Terminal traghetti","group":"Mobilità e interscambio","subtype":"ferry_terminal","priority":4,"osm_id":"6833825186","tags":{"amenity":"ferry_terminal","ferry":"yes","public_transport":"station"}},"geometry":{"type":"Point","coordinates":[9.8379483,44.1081847]}},{"type":"Feature","properties":{"name":"GNV Genova","category":"Terminal traghetti","group":"Mobilità e interscambio","subtype":"ferry_terminal","priority":4,"osm_id":"301390597","tags":{"amenity":"ferry_terminal","ferry":"yes","mooring":"ferry","operator":"GNV","public_transport":"station"}},"geometry":{"type":"Point","coordinates":[8.9123181,44.4089363]}},{"type":"Feature","properties":{"name":"GNV Genova","category":"Terminal traghetti","group":"Mobilità e interscambio","subtype":"ferry_terminal","priority":4,"osm_id":"1297359253","tags":{"amenity":"ferry_terminal","ferry":"yes","mooring":"ferry","operator":"GNV","public_transport":"station"}},"geometry":{"type":"Point","coordinates":[8.9100904,44.4071531]}},{"type":"Feature","properties":{"name":"GNV Genova","category":"Terminal traghetti","group":"Mobilità e interscambio","subtype":"ferry_terminal","priority":4,"osm_id":"1970225339","tags":{"amenity":"ferry_terminal","ferry":"yes","operator":"GNV","public_transport":"station"}},"geometry":{"type":"Point","coordinates":[8.9131543,44.4078541]}},{"type":"Feature","properties":{"name":"Lord Byron","category":"Terminal traghetti","group":"Mobilità e interscambio","subtype":"ferry_terminal","priority":4,"osm_id":"9981146925","tags":{"air_conditioning":"no","amenity":"ferry_terminal","ferry":"yes","operator":"CinqueTerreFerries","phone":"+39 375 6820456","public_transport":"station","website":"https://cinqueterreferries.com"}},"geometry":{"type":"Point","coordinates":[9.8309993,44.1047896]}},{"type":"Feature","properties":{"name":"Portovenere - Palmaria","category":"Terminal traghetti","group":"Mobilità e interscambio","subtype":"ferry_terminal","priority":4,"osm_id":"2438939686","tags":{"amenity":"ferry_terminal","ferry":"yes","public_transport":"station","wheelchair":"yes"}},"geometry":{"type":"Point","coordinates":[9.8406695,44.048606]}},{"type":"Feature","properties":{"name":"Portovenere-Palmaria","category":"Terminal traghetti","group":"Mobilità e interscambio","subtype":"ferry_terminal","priority":4,"osm_id":"3460214373","tags":{"amenity":"ferry_terminal","ferry":"yes","public_transport":"station"}},"geometry":{"type":"Point","coordinates":[9.8353073,44.0513028]}},{"type":"Feature","properties":{"name":"Pozzale","category":"Terminal traghetti","group":"Mobilità e interscambio","subtype":"ferry_terminal","priority":4,"osm_id":"11037298054","tags":{"amenity":"ferry_terminal","ferry":"yes","network":"Linea 1","operator":"Navigazione Golfo dei Poeti","public_transport":"station"}},"geometry":{"type":"Point","coordinates":[9.8495712,44.0390749]}},{"type":"Feature","properties":{"name":"Riomaggiore","category":"Terminal traghetti","group":"Mobilità e interscambio","subtype":"ferry_terminal","priority":4,"osm_id":"628608902","tags":{"amenity":"ferry_terminal","ferry":"yes","foot":"yes","motor_vehicle":"no","public_transport":"station"}},"geometry":{"type":"Point","coordinates":[9.7377579,44.0977601]}},{"type":"Feature","properties":{"name":"Savona Terminal Auto srl","category":"Terminal traghetti","group":"Mobilità e interscambio","subtype":"ferry_terminal","priority":4,"osm_id":"9626428854","tags":{"amenity":"ferry_terminal","ferry":"yes","public_transport":"station"}},"geometry":{"type":"Point","coordinates":[8.49519,44.3094062]}},{"type":"Feature","properties":{"name":"Skikda","category":"Terminal traghetti","group":"Mobilità e interscambio","subtype":"ferry_terminal","priority":4,"osm_id":"1431957163","tags":{"addr:city":"سكيكدة","amenity":"ferry_terminal","ferry":"yes","name:ar":"سكيكدة","name:de":"Skikda","name:en":"Skikda","name:es":"Skikda","name:fr":"Skikda","operator":"النقل البحري الجزائري","public_transport":"station"}},"geometry":{"type":"Point","coordinates":[6.9074301,36.8862813]}},{"type":"Feature","properties":{"name":"Terminal Traghetti di La Spezia","category":"Terminal traghetti","group":"Mobilità e interscambio","subtype":"ferry_terminal","priority":4,"osm_id":"1864967381","tags":{"amenity":"ferry_terminal","check_date":"2025-07-27","ferry":"yes","opening_hours":"24/7","operator":"Consorzio Marittimo Turistico Cinque Terre - Golfo dei Poeti","phone":"+39 0187 732987","public_transport":"station","website":"https://www.navigazionegolfodeipoeti.it/"}},"geometry":{"type":"Point","coordinates":[9.8251147,44.1025765]}},{"type":"Feature","properties":{"name":"Tirrenia Genova","category":"Terminal traghetti","group":"Mobilità e interscambio","subtype":"ferry_terminal","priority":4,"osm_id":"1612883958","tags":{"alt_name":"Terminal 7, Ponte 7","amenity":"ferry_terminal","bus":"yes","ferry":"yes","mooring":"ferry","network":"Tirrenia","operator":"Tirrenia","public_transport":"station"}},"geometry":{"type":"Point","coordinates":[8.9103076,44.4105078]}},{"type":"Feature","properties":{"name":"Balaustra Villa Lertora","category":"Punto panoramico","group":"Panorami e natura","subtype":"viewpoint","priority":4,"osm_id":"3716958147","tags":{"tourism":"viewpoint"}},"geometry":{"type":"Point","coordinates":[8.9338113,44.4232421]}},{"type":"Feature","properties":{"name":"Balcone delle onde","category":"Punto panoramico","group":"Panorami e natura","subtype":"viewpoint","priority":4,"osm_id":"3610490543","tags":{"tourism":"viewpoint"}},"geometry":{"type":"Point","coordinates":[9.5588633,44.1985607]}},{"type":"Feature","properties":{"name":"Bardiciocca","category":"Punto panoramico","group":"Panorami e natura","subtype":"viewpoint","priority":4,"osm_id":"3043165279","tags":{"tourism":"viewpoint"}},"geometry":{"type":"Point","coordinates":[9.1509643,44.3503457]}},{"type":"Feature","properties":{"name":"BaseZero","category":"Punto panoramico","group":"Panorami e natura","subtype":"viewpoint","priority":4,"osm_id":"2671851743","tags":{"tourism":"viewpoint"}},"geometry":{"type":"Point","coordinates":[9.1802063,44.3106276]}},{"type":"Feature","properties":{"name":"Belvedere","category":"Punto panoramico","group":"Panorami e natura","subtype":"viewpoint","priority":4,"osm_id":"2424496193","tags":{"tourism":"viewpoint"}},"geometry":{"type":"Point","coordinates":[7.71397,43.9013399]}},{"type":"Feature","properties":{"name":"Belvedere","category":"Punto panoramico","group":"Panorami e natura","subtype":"viewpoint","priority":4,"osm_id":"6552151585","tags":{"tourism":"viewpoint"}},"geometry":{"type":"Point","coordinates":[9.9144719,44.0812289]}},{"type":"Feature","properties":{"name":"Belvedere 2000","category":"Punto panoramico","group":"Panorami e natura","subtype":"viewpoint","priority":4,"osm_id":"4800638548","tags":{"description":"Punto panoramico su Arenzano","tourism":"viewpoint"}},"geometry":{"type":"Point","coordinates":[8.6935497,44.4171311]}},{"type":"Feature","properties":{"name":"Belvedere Bandiera Blu","category":"Punto panoramico","group":"Panorami e natura","subtype":"viewpoint","priority":4,"osm_id":"1734251359","tags":{"tourism":"viewpoint","wheelchair":"yes"}},"geometry":{"type":"Point","coordinates":[7.6662887,43.7774433]}},{"type":"Feature","properties":{"name":"Belvedere Carmo-Piambertone","category":"Punto panoramico","group":"Panorami e natura","subtype":"viewpoint","priority":4,"osm_id":"3709261257","tags":{"tourism":"viewpoint"}},"geometry":{"type":"Point","coordinates":[9.0033862,44.5675336]}},{"type":"Feature","properties":{"name":"Belvedere di Perinaldo","category":"Punto panoramico","group":"Panorami e natura","subtype":"viewpoint","priority":4,"osm_id":"6711039277","tags":{"tourism":"viewpoint"}},"geometry":{"type":"Point","coordinates":[7.6740587,43.866673]}},{"type":"Feature","properties":{"name":"Belvedere Fabrizio De Andrè","category":"Punto panoramico","group":"Panorami e natura","subtype":"viewpoint","priority":4,"osm_id":"631513125","tags":{"tourism":"viewpoint"}},"geometry":{"type":"Point","coordinates":[9.9063202,44.0730156]}},{"type":"Feature","properties":{"name":"Belvedere Guido Seborga","category":"Punto panoramico","group":"Panorami e natura","subtype":"viewpoint","priority":4,"osm_id":"4480295898","tags":{"tourism":"viewpoint"}},"geometry":{"type":"Point","coordinates":[7.6946763,43.8256183]}},{"type":"Feature","properties":{"name":"Belvedere Lagaccio","category":"Punto panoramico","group":"Panorami e natura","subtype":"viewpoint","priority":4,"osm_id":"9163819901","tags":{"tourism":"viewpoint"}},"geometry":{"type":"Point","coordinates":[8.9161966,44.4188703]}},{"type":"Feature","properties":{"name":"Belvedere Marzabotto","category":"Punto panoramico","group":"Panorami e natura","subtype":"viewpoint","priority":4,"osm_id":"9713143239","tags":{"tourism":"viewpoint"}},"geometry":{"type":"Point","coordinates":[8.9109553,44.4219524]}},{"type":"Feature","properties":{"name":"Belvedere Mirko Vicini","category":"Punto panoramico","group":"Panorami e natura","subtype":"viewpoint","priority":4,"osm_id":"5961391595","tags":{"direction":"120","tourism":"viewpoint"}},"geometry":{"type":"Point","coordinates":[8.8783666,44.4265718]}},{"type":"Feature","properties":{"name":"Belvedere Pertini","category":"Punto panoramico","group":"Panorami e natura","subtype":"viewpoint","priority":4,"osm_id":"1706618960","tags":{"direction":"0","tourism":"viewpoint"}},"geometry":{"type":"Point","coordinates":[7.6666254,43.8689172]}},{"type":"Feature","properties":{"name":"Belvedere Piambertone","category":"Punto panoramico","group":"Panorami e natura","subtype":"viewpoint","priority":4,"osm_id":"3709260936","tags":{"tourism":"viewpoint"}},"geometry":{"type":"Point","coordinates":[9.0033541,44.5675259]}},{"type":"Feature","properties":{"name":"Belvedere Porta dei Givi","category":"Punto panoramico","group":"Panorami e natura","subtype":"viewpoint","priority":4,"osm_id":"4459326552","tags":{"tourism":"viewpoint"}},"geometry":{"type":"Point","coordinates":[8.7449153,44.4315786]}},{"type":"Feature","properties":{"name":"Belvedere Simone Boccanegra","category":"Punto panoramico","group":"Panorami e natura","subtype":"viewpoint","priority":4,"osm_id":"13039848309","tags":{"direction":"190","name:etymology:wikidata":"Q1974438","tourism":"viewpoint"}},"geometry":{"type":"Point","coordinates":[9.8210339,44.1061032]}},{"type":"Feature","properties":{"name":"Belvedere Vittoria Delfanti","category":"Punto panoramico","group":"Panorami e natura","subtype":"viewpoint","priority":4,"osm_id":"4487536311","tags":{"tourism":"viewpoint"}},"geometry":{"type":"Point","coordinates":[7.6954011,43.8273158]}},{"type":"Feature","properties":{"name":"Bricco dell'uomo","category":"Punto panoramico","group":"Panorami e natura","subtype":"viewpoint","priority":4,"osm_id":"4800667597","tags":{"name:lij":"Briccu dell'Ommu","tourism":"viewpoint"}},"geometry":{"type":"Point","coordinates":[8.6941666,44.4178211]}},{"type":"Feature","properties":{"name":"Brichin di Crői","category":"Punto panoramico","group":"Panorami e natura","subtype":"viewpoint","priority":4,"osm_id":"6437017025","tags":{"tourism":"viewpoint"}},"geometry":{"type":"Point","coordinates":[8.8708365,44.4670198]}},{"type":"Feature","properties":{"name":"Buco del Prete","category":"Punto panoramico","group":"Panorami e natura","subtype":"viewpoint","priority":4,"osm_id":"4618163803","tags":{"name:lij":"U garbu du Preive","tourism":"viewpoint","wheelchair":"no"}},"geometry":{"type":"Point","coordinates":[8.5238014,44.3307992]}},{"type":"Feature","properties":{"name":"Bussana Vecchia","category":"Punto panoramico","group":"Panorami e natura","subtype":"viewpoint","priority":4,"osm_id":"12952823199","tags":{"tourism":"viewpoint"}},"geometry":{"type":"Point","coordinates":[7.835817,43.8193242]}},{"type":"Feature","properties":{"name":"canalone","category":"Punto panoramico","group":"Panorami e natura","subtype":"viewpoint","priority":4,"osm_id":"1456538972","tags":{"name:en":"View point","tourism":"viewpoint"}},"geometry":{"type":"Point","coordinates":[9.4186427,44.4794029]}},{"type":"Feature","properties":{"name":"Cappelletta degli Alpini","category":"Punto panoramico","group":"Panorami e natura","subtype":"viewpoint","priority":4,"osm_id":"13983796530","tags":{"description":"Stupendo punto panoramico, si vede la linea della costa ligure da Genova all'estremo ponente ligure","direction":"150","tourism":"viewpoint"}},"geometry":{"type":"Point","coordinates":[8.5969713,44.427167]}},{"type":"Feature","properties":{"name":"Caprazoppa, Pietra del Sol","category":"Punto panoramico","group":"Panorami e natura","subtype":"viewpoint","priority":4,"osm_id":"4781055444","tags":{"sport":"climbing","tourism":"viewpoint"}},"geometry":{"type":"Point","coordinates":[8.3268642,44.164398]}},{"type":"Feature","properties":{"name":"Cascate Bastia","category":"Punto panoramico","group":"Panorami e natura","subtype":"viewpoint","priority":4,"osm_id":"471855584","tags":{"tourism":"viewpoint","waterway":"waterfall"}},"geometry":{"type":"Point","coordinates":[7.8262424,44.0585105]}},{"type":"Feature","properties":{"name":"Castello","category":"Punto panoramico","group":"Panorami e natura","subtype":"viewpoint","priority":4,"osm_id":"5976023896","tags":{"direction":"270-90","tourism":"viewpoint"}},"geometry":{"type":"Point","coordinates":[9.5834121,44.1846487]}},{"type":"Feature","properties":{"name":"Castello di Teco","category":"Punto panoramico","group":"Panorami e natura","subtype":"viewpoint","priority":4,"osm_id":"4361747131","tags":{"tourism":"viewpoint"}},"geometry":{"type":"Point","coordinates":[7.9073237,44.0550358]}},{"type":"Feature","properties":{"name":"Cave Storiche d'ardesia di Aveno","category":"Punto panoramico","group":"Panorami e natura","subtype":"viewpoint","priority":4,"osm_id":"4493036530","tags":{"tourism":"viewpoint"}},"geometry":{"type":"Point","coordinates":[9.1875496,44.4100977]}},{"type":"Feature","properties":{"name":"Chiesa di San Pietro - Porto Venere","category":"Punto panoramico","group":"Panorami e natura","subtype":"viewpoint","priority":4,"osm_id":"4555786254","tags":{"name:ca":"Església de Sant Pere - Porto Venere","tourism":"viewpoint","wheelchair":"no"}},"geometry":{"type":"Point","coordinates":[9.8324712,44.0481899]}},{"type":"Feature","properties":{"name":"Cinque terre Cornelia","category":"Punto panoramico","group":"Panorami e natura","subtype":"viewpoint","priority":4,"osm_id":"1735392437","tags":{"tourism":"viewpoint"}},"geometry":{"type":"Point","coordinates":[9.7078542,44.1195263]}},{"type":"Feature","properties":{"name":"Colla di Prà","category":"Punto panoramico","group":"Panorami e natura","subtype":"viewpoint","priority":4,"osm_id":"303143609","tags":{"tourism":"viewpoint"}},"geometry":{"type":"Point","coordinates":[8.7784796,44.456317]}},{"type":"Feature","properties":{"name":"Colle","category":"Punto panoramico","group":"Panorami e natura","subtype":"viewpoint","priority":4,"osm_id":"2613510094","tags":{"natural":"peak","tourism":"viewpoint"}},"geometry":{"type":"Point","coordinates":[9.2585216,44.5037828]}},{"type":"Feature","properties":{"name":"Crocetta","category":"Punto panoramico","group":"Panorami e natura","subtype":"viewpoint","priority":4,"osm_id":"1749557897","tags":{"tourism":"viewpoint"}},"geometry":{"type":"Point","coordinates":[8.1346754,43.9456586]}},{"type":"Feature","properties":{"name":"Curva del Salto","category":"Punto panoramico","group":"Panorami e natura","subtype":"viewpoint","priority":4,"osm_id":"3259183275","tags":{"tourism":"viewpoint"}},"geometry":{"type":"Point","coordinates":[8.6266192,44.374697]}},{"type":"Feature","properties":{"name":"Curvone di Terrarossa","category":"Punto panoramico","group":"Panorami e natura","subtype":"viewpoint","priority":4,"osm_id":"1350244597","tags":{"tourism":"viewpoint","wheelchair":"yes"}},"geometry":{"type":"Point","coordinates":[8.691783,44.4090172]}},{"type":"Feature","properties":{"name":"Decolli","category":"Punto panoramico","group":"Panorami e natura","subtype":"viewpoint","priority":4,"osm_id":"4438220714","tags":{"tourism":"viewpoint"}},"geometry":{"type":"Point","coordinates":[8.3794382,44.1837743]}},{"type":"Feature","properties":{"name":"Fontana d’azza","category":"Punto panoramico","group":"Panorami e natura","subtype":"viewpoint","priority":4,"osm_id":"6312264086","tags":{"tourism":"viewpoint"}},"geometry":{"type":"Point","coordinates":[8.1092073,44.317496]}},{"type":"Feature","properties":{"name":"Fontanarossa","category":"Punto panoramico","group":"Panorami e natura","subtype":"viewpoint","priority":4,"osm_id":"524372461","tags":{"operator":"AMT","tourism":"viewpoint"}},"geometry":{"type":"Point","coordinates":[8.9715421,44.4215302]}},{"type":"Feature","properties":{"name":"Frana della vergogna","category":"Punto panoramico","group":"Panorami e natura","subtype":"viewpoint","priority":4,"osm_id":"13889386033","tags":{"tourism":"viewpoint"}},"geometry":{"type":"Point","coordinates":[8.4749939,44.3552709]}},{"type":"Feature","properties":{"name":"Giro delle Erche","category":"Punto panoramico","group":"Panorami e natura","subtype":"viewpoint","priority":4,"osm_id":"1686654588","tags":{"description":"Tornante della strada carrabile con vista mare","tourism":"viewpoint"}},"geometry":{"type":"Point","coordinates":[8.3076713,44.1694136]}},{"type":"Feature","properties":{"name":"Grotta dei Falsari","category":"Punto panoramico","group":"Panorami e natura","subtype":"viewpoint","priority":4,"osm_id":"1032997069","tags":{"alt_name":"Grotta dei Briganti","natural":"cave_entrance","tourism":"viewpoint"}},"geometry":{"type":"Point","coordinates":[8.4221726,44.19322]}},{"type":"Feature","properties":{"name":"Incrocio","category":"Punto panoramico","group":"Panorami e natura","subtype":"viewpoint","priority":4,"osm_id":"1394519858","tags":{"tourism":"viewpoint"}},"geometry":{"type":"Point","coordinates":[9.2230746,44.4846841]}},{"type":"Feature","properties":{"name":"La Caffettiera","category":"Punto panoramico","group":"Panorami e natura","subtype":"viewpoint","priority":4,"osm_id":"3828535309","tags":{"tourism":"viewpoint"}},"geometry":{"type":"Point","coordinates":[8.3216601,44.205575]}},{"type":"Feature","properties":{"name":"Le Terrazze","category":"Punto panoramico","group":"Panorami e natura","subtype":"viewpoint","priority":4,"osm_id":"2650416629","tags":{"direction":"E","tourism":"viewpoint"}},"geometry":{"type":"Point","coordinates":[8.7977001,44.4221133]}},{"type":"Feature","properties":{"name":"Le Terrazze","category":"Punto panoramico","group":"Panorami e natura","subtype":"viewpoint","priority":4,"osm_id":"12805954984","tags":{"direction":"E","tourism":"viewpoint"}},"geometry":{"type":"Point","coordinates":[8.7973908,44.4220084]}},{"type":"Feature","properties":{"name":"Madonna della Costa","category":"Punto panoramico","group":"Panorami e natura","subtype":"viewpoint","priority":4,"osm_id":"1748704041","tags":{"tourism":"viewpoint"}},"geometry":{"type":"Point","coordinates":[7.7733904,43.8213454]}},{"type":"Feature","properties":{"name":"Molo di Final Pia","category":"Punto panoramico","group":"Panorami e natura","subtype":"viewpoint","priority":4,"osm_id":"2288940321","tags":{"tourism":"viewpoint","wheelchair":"yes"}},"geometry":{"type":"Point","coordinates":[8.3556847,44.1704633]}},{"type":"Feature","properties":{"name":"Molo di Ponente","category":"Punto panoramico","group":"Panorami e natura","subtype":"viewpoint","priority":4,"osm_id":"1366501555","tags":{"tourism":"viewpoint","wheelchair":"yes"}},"geometry":{"type":"Point","coordinates":[8.6865221,44.4028401]}},{"type":"Feature","properties":{"name":"Monte","category":"Punto panoramico","group":"Panorami e natura","subtype":"viewpoint","priority":4,"osm_id":"6547898687","tags":{"name:en":"Parodi mountain","tourism":"viewpoint"}},"geometry":{"type":"Point","coordinates":[9.7786064,44.1087204]}},{"type":"Feature","properties":{"name":"Monte Caggio","category":"Punto panoramico","group":"Panorami e natura","subtype":"viewpoint","priority":4,"osm_id":"1565139552","tags":{"tourism":"viewpoint"}},"geometry":{"type":"Point","coordinates":[7.7081957,43.8519494]}},{"type":"Feature","properties":{"name":"Monte Camulera","category":"Punto panoramico","group":"Panorami e natura","subtype":"viewpoint","priority":4,"osm_id":"3882452248","tags":{"historic":"wayside_cross","tourism":"viewpoint"}},"geometry":{"type":"Point","coordinates":[8.1483501,44.2906649]}},{"type":"Feature","properties":{"name":"Monte Camulera Sud","category":"Punto panoramico","group":"Panorami e natura","subtype":"viewpoint","priority":4,"osm_id":"9694636817","tags":{"tourism":"viewpoint"}},"geometry":{"type":"Point","coordinates":[8.1494643,44.2897388]}},{"type":"Feature","properties":{"name":"Monte Rocchetta","category":"Punto panoramico","group":"Panorami e natura","subtype":"viewpoint","priority":4,"osm_id":"8676964848","tags":{"direction":"S","tourism":"viewpoint"}},"geometry":{"type":"Point","coordinates":[9.9375629,44.0701547]}},{"type":"Feature","properties":{"name":"Monte San Giuseppe","category":"Punto panoramico","group":"Panorami e natura","subtype":"viewpoint","priority":4,"osm_id":"2303946693","tags":{"tourism":"viewpoint","wheelchair":"limited"}},"geometry":{"type":"Point","coordinates":[7.8840433,43.8507184]}},{"type":"Feature","properties":{"name":"Mugginara","category":"Punto panoramico","group":"Panorami e natura","subtype":"viewpoint","priority":4,"osm_id":"3149643789","tags":{"tourism":"viewpoint"}},"geometry":{"type":"Point","coordinates":[9.1476357,44.3237349]}},{"type":"Feature","properties":{"name":"Orto Botanico","category":"Punto panoramico","group":"Panorami e natura","subtype":"viewpoint","priority":4,"osm_id":"588087310","tags":{"description":"Monte Murlo","tourism":"viewpoint"}},"geometry":{"type":"Point","coordinates":[9.9578664,44.0549927]}},{"type":"Feature","properties":{"name":"Paggio","category":"Punto panoramico","group":"Panorami e natura","subtype":"viewpoint","priority":4,"osm_id":"6303482135","tags":{"direction":"180","tourism":"viewpoint"}},"geometry":{"type":"Point","coordinates":[9.5694284,44.1905323]}},{"type":"Feature","properties":{"name":"Panorama dal Roccolo","category":"Punto panoramico","group":"Panorami e natura","subtype":"viewpoint","priority":4,"osm_id":"1350246130","tags":{"tourism":"viewpoint"}},"geometry":{"type":"Point","coordinates":[8.6749117,44.4005327]}},{"type":"Feature","properties":{"name":"Panorama Forte Diamante","category":"Punto panoramico","group":"Panorami e natura","subtype":"viewpoint","priority":4,"osm_id":"4876083761","tags":{"tourism":"viewpoint"}},"geometry":{"type":"Point","coordinates":[8.9401116,44.4612681]}},{"type":"Feature","properties":{"name":"Panorama su Riomaggiore e mare","category":"Punto panoramico","group":"Panorami e natura","subtype":"viewpoint","priority":4,"osm_id":"6503519385","tags":{"name:en":"Viewpoint on Riomaggiore and the sea","tourism":"viewpoint","wheelchair":"yes"}},"geometry":{"type":"Point","coordinates":[9.7393865,44.1003874]}},{"type":"Feature","properties":{"name":"Passo dei Codognini","category":"Punto panoramico","group":"Panorami e natura","subtype":"viewpoint","priority":4,"osm_id":"7905415885","tags":{"tourism":"viewpoint"}},"geometry":{"type":"Point","coordinates":[9.6350967,44.4114389]}},{"type":"Feature","properties":{"name":"Passo del Portello","category":"Punto panoramico","group":"Panorami e natura","subtype":"viewpoint","priority":4,"osm_id":"4364892511","tags":{"tourism":"viewpoint"}},"geometry":{"type":"Point","coordinates":[9.1788568,44.4953204]}},{"type":"Feature","properties":{"name":"Passo Gubbarina","category":"Punto panoramico","group":"Panorami e natura","subtype":"viewpoint","priority":4,"osm_id":"10295159152","tags":{"tourism":"viewpoint"}},"geometry":{"type":"Point","coordinates":[8.0412277,43.9265191]}},{"type":"Feature","properties":{"name":"Piazzetta Via dei Gerani","category":"Punto panoramico","group":"Panorami e natura","subtype":"viewpoint","priority":4,"osm_id":"3259186580","tags":{"tourism":"viewpoint"}},"geometry":{"type":"Point","coordinates":[8.6108968,44.3677613]}},{"type":"Feature","properties":{"name":"Picco Merli","category":"Punto panoramico","group":"Panorami e natura","subtype":"viewpoint","priority":4,"osm_id":"8305762524","tags":{"name:en":"Merli Peak","tourism":"viewpoint"}},"geometry":{"type":"Point","coordinates":[9.4604172,44.2994761]}},{"type":"Feature","properties":{"name":"Pinetti","category":"Punto panoramico","group":"Panorami e natura","subtype":"viewpoint","priority":4,"osm_id":"2345399703","tags":{"operator":"AMT","tourism":"viewpoint"}},"geometry":{"type":"Point","coordinates":[8.9720213,44.4205899]}},{"type":"Feature","properties":{"name":"Ponte Grande","category":"Punto panoramico","group":"Panorami e natura","subtype":"viewpoint","priority":4,"osm_id":"7828607685","tags":{"tourism":"viewpoint"}},"geometry":{"type":"Point","coordinates":[7.9514613,43.90739]}},{"type":"Feature","properties":{"name":"Ponte Romanico","category":"Punto panoramico","group":"Panorami e natura","subtype":"viewpoint","priority":4,"osm_id":"7062824672","tags":{"tourism":"viewpoint","wikidata":"Q113012545"}},"geometry":{"type":"Point","coordinates":[8.8444041,44.6205251]}},{"type":"Feature","properties":{"name":"Ponte sul rio Canterana","category":"Punto panoramico","group":"Panorami e natura","subtype":"viewpoint","priority":4,"osm_id":"8176836374","tags":{"tourism":"viewpoint"}},"geometry":{"type":"Point","coordinates":[8.2588428,44.2266553]}},{"type":"Feature","properties":{"name":"Portazza","category":"Punto panoramico","group":"Panorami e natura","subtype":"viewpoint","priority":4,"osm_id":"3822885970","tags":{"operator":"AMT","tourism":"viewpoint"}},"geometry":{"type":"Point","coordinates":[8.9719502,44.4207295]}},{"type":"Feature","properties":{"name":"posta in salita","category":"Punto panoramico","group":"Panorami e natura","subtype":"viewpoint","priority":4,"osm_id":"1394516173","tags":{"tourism":"viewpoint"}},"geometry":{"type":"Point","coordinates":[9.2258856,44.4848525]}},{"type":"Feature","properties":{"name":"posta stretta","category":"Punto panoramico","group":"Panorami e natura","subtype":"viewpoint","priority":4,"osm_id":"10157513071","tags":{"direction":"200","tourism":"viewpoint"}},"geometry":{"type":"Point","coordinates":[9.4897402,44.4736928]}},{"type":"Feature","properties":{"name":"Postazione militare costruita su ex giardino botanico","category":"Punto panoramico","group":"Panorami e natura","subtype":"viewpoint","priority":4,"osm_id":"2856997601","tags":{"tourism":"viewpoint"}},"geometry":{"type":"Point","coordinates":[8.4240168,44.1951376]}},{"type":"Feature","properties":{"name":"Punta Bonaparte","category":"Punto panoramico","group":"Panorami e natura","subtype":"viewpoint","priority":4,"osm_id":"8558116767","tags":{"direction":"90-270","tourism":"viewpoint"}},"geometry":{"type":"Point","coordinates":[8.6620278,44.3923515]}},{"type":"Feature","properties":{"name":"Punta Corvo","category":"Punto panoramico","group":"Panorami e natura","subtype":"viewpoint","priority":4,"osm_id":"1502788347","tags":{"tourism":"viewpoint"}},"geometry":{"type":"Point","coordinates":[9.9635415,44.0418531]}},{"type":"Feature","properties":{"name":"Punta dell' Oca","category":"Punto panoramico","group":"Panorami e natura","subtype":"viewpoint","priority":4,"osm_id":"3259174356","tags":{"tourism":"viewpoint"}},"geometry":{"type":"Point","coordinates":[8.6206976,44.3705794]}},{"type":"Feature","properties":{"name":"Punta della Radura","category":"Punto panoramico","group":"Panorami e natura","subtype":"viewpoint","priority":4,"osm_id":"1464509094","tags":{"direction":"180","tourism":"viewpoint","viewpoint":"yes"}},"geometry":{"type":"Point","coordinates":[8.6577299,44.392553]}},{"type":"Feature","properties":{"name":"punto di massima panoramicità (200m sopra alla Conchetta-sentiero per il Cornoviglio)","category":"Punto panoramico","group":"Panorami e natura","subtype":"viewpoint","priority":4,"osm_id":"7520427367","tags":{"tourism":"viewpoint"}},"geometry":{"type":"Point","coordinates":[9.8368044,44.2696451]}},{"type":"Feature","properties":{"name":"Punto Fulmine","category":"Punto panoramico","group":"Panorami e natura","subtype":"viewpoint","priority":4,"osm_id":"12855585401","tags":{"image":"https://upload.wikimedia.org/wikipedia/commons/thumb/f/fa/View_point_in_Genova.jpg/960px-View_point_in_Genova.jpg","tourism":"viewpoint"}},"geometry":{"type":"Point","coordinates":[8.9631979,44.4127606]}},{"type":"Feature","properties":{"name":"Punto panoramico","category":"Punto panoramico","group":"Panorami e natura","subtype":"viewpoint","priority":4,"osm_id":"4359224705","tags":{"tourism":"viewpoint"}},"geometry":{"type":"Point","coordinates":[9.2608526,44.5736216]}},{"type":"Feature","properties":{"name":"Punto panoramico","category":"Punto panoramico","group":"Panorami e natura","subtype":"viewpoint","priority":4,"osm_id":"4714145390","tags":{"tourism":"viewpoint"}},"geometry":{"type":"Point","coordinates":[8.0767255,43.896565]}},{"type":"Feature","properties":{"name":"Punto panoramico \"Bric Nasciu\"","category":"Punto panoramico","group":"Panorami e natura","subtype":"viewpoint","priority":4,"osm_id":"1239114493","tags":{"tourism":"viewpoint"}},"geometry":{"type":"Point","coordinates":[8.8337645,44.5488389]}},{"type":"Feature","properties":{"name":"Punto sella","category":"Punto panoramico","group":"Panorami e natura","subtype":"viewpoint","priority":4,"osm_id":"3698972977","tags":{"tourism":"viewpoint"}},"geometry":{"type":"Point","coordinates":[9.2347385,44.5721041]}},{"type":"Feature","properties":{"name":"Resti postazione militare","category":"Punto panoramico","group":"Panorami e natura","subtype":"viewpoint","priority":4,"osm_id":"2322925519","tags":{"tourism":"viewpoint"}},"geometry":{"type":"Point","coordinates":[8.4177323,44.1938671]}},{"type":"Feature","properties":{"name":"Rocca dell'Adelasia","category":"Punto panoramico","group":"Panorami e natura","subtype":"viewpoint","priority":4,"osm_id":"3772962918","tags":{"tourism":"viewpoint"}},"geometry":{"type":"Point","coordinates":[8.3694523,44.3860475]}},{"type":"Feature","properties":{"name":"Rocca di Lai","category":"Punto panoramico","group":"Panorami e natura","subtype":"viewpoint","priority":4,"osm_id":"13157908533","tags":{"tourism":"viewpoint"}},"geometry":{"type":"Point","coordinates":[8.2886797,44.2632166]}},{"type":"Feature","properties":{"name":"Rocca di Mazarot","category":"Punto panoramico","group":"Panorami e natura","subtype":"viewpoint","priority":4,"osm_id":"4811078421","tags":{"tourism":"viewpoint"}},"geometry":{"type":"Point","coordinates":[8.3008464,44.4192695]}},{"type":"Feature","properties":{"name":"Rocche Bianche","category":"Punto panoramico","group":"Panorami e natura","subtype":"viewpoint","priority":4,"osm_id":"3304505481","tags":{"tourism":"viewpoint"}},"geometry":{"type":"Point","coordinates":[8.6056955,44.3659662]}},{"type":"Feature","properties":{"name":"Rocche del Manuà","category":"Punto panoramico","group":"Panorami e natura","subtype":"viewpoint","priority":4,"osm_id":"428194671","tags":{"tourism":"viewpoint"}},"geometry":{"type":"Point","coordinates":[8.34525,44.3946962]}},{"type":"Feature","properties":{"name":"Roccia dei Falchi","category":"Punto panoramico","group":"Panorami e natura","subtype":"viewpoint","priority":4,"osm_id":"278980640","tags":{"direction":"315","tourism":"viewpoint"}},"geometry":{"type":"Point","coordinates":[9.16028,44.3275827]}},{"type":"Feature","properties":{"name":"Rosa dei venti","category":"Punto panoramico","group":"Panorami e natura","subtype":"viewpoint","priority":4,"osm_id":"5040156109","tags":{"tourism":"viewpoint"}},"geometry":{"type":"Point","coordinates":[9.1408861,44.3611352]}},{"type":"Feature","properties":{"name":"Rotonda Gianfranco Gazzana Priaroggia","category":"Punto panoramico","group":"Panorami e natura","subtype":"viewpoint","priority":4,"osm_id":"3403664247","tags":{"direction":"-115","tourism":"viewpoint"}},"geometry":{"type":"Point","coordinates":[9.2378389,44.3453771]}},{"type":"Feature","properties":{"name":"Salto della Lepre","category":"Punto panoramico","group":"Panorami e natura","subtype":"viewpoint","priority":4,"osm_id":"7008933648","tags":{"tourism":"viewpoint","wikipedia":"it:Bonassola#Aree naturali"}},"geometry":{"type":"Point","coordinates":[9.5688937,44.1834793]}},{"type":"Feature","properties":{"name":"Salto della Suocera","category":"Punto panoramico","group":"Panorami e natura","subtype":"viewpoint","priority":4,"osm_id":"843355529","tags":{"tourism":"viewpoint"}},"geometry":{"type":"Point","coordinates":[9.82359,44.058924]}},{"type":"Feature","properties":{"name":"Salto nel Blu","category":"Punto panoramico","group":"Panorami e natura","subtype":"viewpoint","priority":4,"osm_id":"3045822587","tags":{"tourism":"viewpoint"}},"geometry":{"type":"Point","coordinates":[8.1256141,43.9368353]}},{"type":"Feature","properties":{"name":"San Bernardino","category":"Punto panoramico","group":"Panorami e natura","subtype":"viewpoint","priority":4,"osm_id":"2820306961","tags":{"tourism":"viewpoint"}},"geometry":{"type":"Point","coordinates":[8.3441136,44.1763584]}},{"type":"Feature","properties":{"name":"San Gioachin","category":"Punto panoramico","group":"Panorami e natura","subtype":"viewpoint","priority":4,"osm_id":"6517819646","tags":{"tourism":"viewpoint"}},"geometry":{"type":"Point","coordinates":[8.672538,44.4589409]}},{"type":"Feature","properties":{"name":"Scalinata Lardarina","category":"Punto panoramico","group":"Panorami e natura","subtype":"viewpoint","priority":4,"osm_id":"14159144701","tags":{"tourism":"viewpoint"}},"geometry":{"type":"Point","coordinates":[9.7106212,44.1201473]}},{"type":"Feature","properties":{"name":"Scoglio dei Quaranta","category":"Punto panoramico","group":"Panorami e natura","subtype":"viewpoint","priority":4,"osm_id":"8090748364","tags":{"direction":"-35","tourism":"viewpoint"}},"geometry":{"type":"Point","coordinates":[7.7302925,43.873834]}},{"type":"Feature","properties":{"name":"Sella dei Bagari","category":"Punto panoramico","group":"Panorami e natura","subtype":"viewpoint","priority":4,"osm_id":"551586742","tags":{"mountain_pass":"yes","natural":"saddle","tourism":"viewpoint"}},"geometry":{"type":"Point","coordinates":[9.6291174,44.1546898]}},{"type":"Feature","properties":{"name":"Sentinella","category":"Punto panoramico","group":"Panorami e natura","subtype":"viewpoint","priority":4,"osm_id":"418816477","tags":{"alt_name":"Guardia","tourism":"viewpoint"}},"geometry":{"type":"Point","coordinates":[9.1523974,44.3239202]}},{"type":"Feature","properties":{"name":"Spiaggia libera","category":"Punto panoramico","group":"Panorami e natura","subtype":"viewpoint","priority":4,"osm_id":"7913373689","tags":{"name:de":"Offener Strand","name:en":"Free Beach","tourism":"viewpoint"}},"geometry":{"type":"Point","coordinates":[8.4165907,44.2044095]}},{"type":"Feature","properties":{"name":"Spiaggia nudisti","category":"Punto panoramico","group":"Panorami e natura","subtype":"viewpoint","priority":4,"osm_id":"4846171723","tags":{"name:en":"Nudist beach","nudism":"yes","tourism":"viewpoint"}},"geometry":{"type":"Point","coordinates":[8.61555,44.3676651]}},{"type":"Feature","properties":{"name":"Terraza Panoramica di Santa Maria","category":"Punto panoramico","group":"Panorami e natura","subtype":"viewpoint","priority":4,"osm_id":"2149713074","tags":{"name:en":"Panoramic terrace of Santa Maria","name:pt":"Terraço Panorâmico de Santa Maria","tourism":"viewpoint"}},"geometry":{"type":"Point","coordinates":[9.7067912,44.1195543]}},{"type":"Feature","properties":{"name":"Terrazza del Castello del Belvedere","category":"Punto panoramico","group":"Panorami e natura","subtype":"viewpoint","priority":4,"osm_id":"4454789502","tags":{"tourism":"viewpoint"}},"geometry":{"type":"Point","coordinates":[8.7482748,44.4309966]}},{"type":"Feature","properties":{"name":"Terrazza sulle Alpi","category":"Punto panoramico","group":"Panorami e natura","subtype":"viewpoint","priority":4,"osm_id":"2427742431","tags":{"tourism":"viewpoint","wikimedia_commons":"File:Bajardo 5331.jpg"}},"geometry":{"type":"Point","coordinates":[7.7148307,43.9029364]}},{"type":"Feature","properties":{"name":"Terrazze Capolinea Funicolare","category":"Punto panoramico","group":"Panorami e natura","subtype":"viewpoint","priority":4,"osm_id":"3718472797","tags":{"layer":"1","tourism":"viewpoint"}},"geometry":{"type":"Point","coordinates":[8.9376475,44.4240248]}},{"type":"Feature","properties":{"name":"Terrazzino delle Agavi","category":"Punto panoramico","group":"Panorami e natura","subtype":"viewpoint","priority":4,"osm_id":"12506771311","tags":{"tourism":"viewpoint"}},"geometry":{"type":"Point","coordinates":[9.929847,44.0574205]}},{"type":"Feature","properties":{"name":"Terrazzo marino","category":"Punto panoramico","group":"Panorami e natura","subtype":"viewpoint","priority":4,"osm_id":"12710135862","tags":{"tourism":"viewpoint","viewpoint":"yes"}},"geometry":{"type":"Point","coordinates":[8.6298063,44.3786135]}},{"type":"Feature","properties":{"name":"Tre Archi","category":"Punto panoramico","group":"Panorami e natura","subtype":"viewpoint","priority":4,"osm_id":"7004270482","tags":{"tourism":"viewpoint"}},"geometry":{"type":"Point","coordinates":[9.5685071,44.1916139]}},{"type":"Feature","properties":{"name":"Via Dino Col - Via Rigola","category":"Punto panoramico","group":"Panorami e natura","subtype":"viewpoint","priority":4,"osm_id":"14022857016","tags":{"tourism":"viewpoint"}},"geometry":{"type":"Point","coordinates":[8.9070341,44.4130746]}},{"type":"Feature","properties":{"name":"Villa romana di Bussana","category":"Punto panoramico","group":"Panorami e natura","subtype":"viewpoint","priority":4,"osm_id":"12952823200","tags":{"tourism":"viewpoint"}},"geometry":{"type":"Point","coordinates":[7.8386821,43.8211241]}},{"type":"Feature","properties":{"name":"vista cascata","category":"Punto panoramico","group":"Panorami e natura","subtype":"viewpoint","priority":4,"osm_id":"11341459941","tags":{"tourism":"viewpoint"}},"geometry":{"type":"Point","coordinates":[10.0281883,44.1011024]}},{"type":"Feature","properties":{"name":"vista Castello della Pietra","category":"Punto panoramico","group":"Panorami e natura","subtype":"viewpoint","priority":4,"osm_id":"2894940985","tags":{"tourism":"viewpoint"}},"geometry":{"type":"Point","coordinates":[9.016318,44.6064596]}},{"type":"Feature","properties":{"name":"Vista da Madonna (Vista della Madonna della Guardia)","category":"Punto panoramico","group":"Panorami e natura","subtype":"viewpoint","priority":4,"osm_id":"13304632822","tags":{"direction":"300","tourism":"viewpoint"}},"geometry":{"type":"Point","coordinates":[9.0460381,44.4443406]}},{"type":"Feature","properties":{"name":"Vista de Canè (Vista di Canate)","category":"Punto panoramico","group":"Panorami e natura","subtype":"viewpoint","priority":4,"osm_id":"13304632823","tags":{"direction":"15","tourism":"viewpoint"}},"geometry":{"type":"Point","coordinates":[9.0405453,44.4532268]}},{"type":"Feature","properties":{"name":"Altalena","category":"Attrazione","group":"Da visitare","subtype":"attraction","priority":3,"osm_id":"7108063547","tags":{"tourism":"attraction"}},"geometry":{"type":"Point","coordinates":[8.8167228,44.4307752]}},{"type":"Feature","properties":{"name":"Angelo's boat","category":"Attrazione","group":"Da visitare","subtype":"attraction","priority":3,"osm_id":"4882811121","tags":{"tourism":"attraction"}},"geometry":{"type":"Point","coordinates":[9.6544825,44.1445587]}},{"type":"Feature","properties":{"name":"Antica cartiera Savoi","category":"Attrazione","group":"Da visitare","subtype":"attraction","priority":3,"osm_id":"2788849772","tags":{"historic":"ruins","tourism":"attraction"}},"geometry":{"type":"Point","coordinates":[8.7056395,44.4969059]}},{"type":"Feature","properties":{"name":"Antiche fornaci di produzione calce","category":"Attrazione","group":"Da visitare","subtype":"attraction","priority":3,"osm_id":"303832912","tags":{"historic":"yes","tourism":"attraction","tourism:en":"old lime kiln","tourism:it":"Antiche fornaci per la produzione della calce"}},"geometry":{"type":"Point","coordinates":[8.846905,44.4354663]}},{"type":"Feature","properties":{"name":"Asósto di Bigiae","category":"Attrazione","group":"Da visitare","subtype":"attraction","priority":3,"osm_id":"5012392287","tags":{"description:it":"Riparo in pietra alto 2,5 mt e diametro 2,5 mt","tourism":"attraction"}},"geometry":{"type":"Point","coordinates":[8.8628395,44.4685201]}},{"type":"Feature","properties":{"name":"Avvertimento per gli Alleati dipinto su muro 1945","category":"Attrazione","group":"Da visitare","subtype":"attraction","priority":3,"osm_id":"7780649088","tags":{"tourism":"attraction"}},"geometry":{"type":"Point","coordinates":[8.9288133,44.4079028]}},{"type":"Feature","properties":{"name":"Barberia Giacalone","category":"Attrazione","group":"Da visitare","subtype":"attraction","priority":3,"osm_id":"504657838","tags":{"addr:housenumber":"14 rosso","addr:street":"Vico Caprettari","description":"Barberia in stile Liberty, adottata dal F.A.I.","hairdresser":"barber","historic":"yes","image":"http://www.flickr.com/photos/dcrrld/3296458917/","opening_hours":"Tu-Sa 08:30-13:00,15:00-19:30","operator:wikidata":"Q838266","shop":"hairdresser","tourism":"attraction","website":"https://fondoambiente.it/luoghi/antica-barberia-giacalone"}},"geometry":{"type":"Point","coordinates":[8.9292336,44.4079982]}},{"type":"Feature","properties":{"name":"Biplano Monoposto SVA 5","category":"Attrazione","group":"Da visitare","subtype":"attraction","priority":3,"osm_id":"3111047558","tags":{"aircraft:type":"Replica SVA 5 con motore, elica e radiatori originali, di proprietà della Fondazione Ansaldo, fu realizzata alla fine degli anni ottanta dalla ditta di Felice Gonalba.","description":"Costruito nel cantiere aeronautico Ansaldo di Borzoli-mare in circa 2000 esemplari e fu protagonista del volo su Vienna di Gabriele D'Annunzio e il raid Roma-Tokyo.","historic":"aircraft","model:wikidata":"Q568852","model:wikipedia":"it:Ansaldo S.V.A.","start_date":"1917","tourism":"attraction","wheelchair":"yes"}},"geometry":{"type":"Point","coordinates":[8.8512154,44.4152527]}},{"type":"Feature","properties":{"name":"Bosco delle Streghe","category":"Attrazione","group":"Da visitare","subtype":"attraction","priority":3,"osm_id":"7827879685","tags":{"tourism":"attraction"}},"geometry":{"type":"Point","coordinates":[8.112302,44.2366953]}},{"type":"Feature","properties":{"name":"Cabana du Squarzin","category":"Attrazione","group":"Da visitare","subtype":"attraction","priority":3,"osm_id":"6375459447","tags":{"archaeological_site":"settlement","historic":"archaeological_site","natural":"rock","tourism":"attraction"}},"geometry":{"type":"Point","coordinates":[8.5548989,44.4376131]}},{"type":"Feature","properties":{"name":"Cabotina","category":"Attrazione","group":"Da visitare","subtype":"attraction","priority":3,"osm_id":"454948435","tags":{"historic":"ruins","tourism":"attraction"}},"geometry":{"type":"Point","coordinates":[7.7681698,43.9922089]}},{"type":"Feature","properties":{"name":"cactus","category":"Attrazione","group":"Da visitare","subtype":"attraction","priority":3,"osm_id":"8715228104","tags":{"tourism":"attraction"}},"geometry":{"type":"Point","coordinates":[7.6768528,43.7841108]}},{"type":"Feature","properties":{"name":"Caletta di Albana","category":"Attrazione","group":"Da visitare","subtype":"attraction","priority":3,"osm_id":"7781941785","tags":{"natural":"beach","tourism":"attraction"}},"geometry":{"type":"Point","coordinates":[9.8036593,44.0643891]}},{"type":"Feature","properties":{"name":"Campana delle Mamme","category":"Attrazione","group":"Da visitare","subtype":"attraction","priority":3,"osm_id":"11328076334","tags":{"addr:city":"Borgio Verezzi","amenity":"bell","support":"cage","tourism":"attraction"}},"geometry":{"type":"Point","coordinates":[8.3156788,44.168297]}},{"type":"Feature","properties":{"name":"Cannone","category":"Attrazione","group":"Da visitare","subtype":"attraction","priority":3,"osm_id":"4680148212","tags":{"tourism":"attraction"}},"geometry":{"type":"Point","coordinates":[9.2137772,44.3339717]}},{"type":"Feature","properties":{"name":"Cannone navale inglese","category":"Attrazione","group":"Da visitare","subtype":"attraction","priority":3,"osm_id":"13688709499","tags":{"historic":"monument","tourism":"attraction"}},"geometry":{"type":"Point","coordinates":[9.8380047,44.0647209]}},{"type":"Feature","properties":{"name":"Capanna Svizzera","category":"Attrazione","group":"Da visitare","subtype":"attraction","priority":3,"osm_id":"7108063393","tags":{"tourism":"attraction"}},"geometry":{"type":"Point","coordinates":[8.8158591,44.4322553]}},{"type":"Feature","properties":{"name":"Cappella di San Pellegrino","category":"Attrazione","group":"Da visitare","subtype":"attraction","priority":3,"osm_id":"10796795005","tags":{"addr:postcode":"16035","addr:street":"Località Cerisola","tourism":"attraction"}},"geometry":{"type":"Point","coordinates":[9.2781274,44.3470098]}},{"type":"Feature","properties":{"name":"Cappella votiva \"Madonna della Guardia\" 1930","category":"Attrazione","group":"Da visitare","subtype":"attraction","priority":3,"osm_id":"9164345016","tags":{"tourism":"attraction"}},"geometry":{"type":"Point","coordinates":[8.7305324,44.429574]}},{"type":"Feature","properties":{"name":"Carrozza Centoporte","category":"Attrazione","group":"Da visitare","subtype":"attraction","priority":3,"osm_id":"8758929228","tags":{"historic":"railway_car","tourism":"attraction"}},"geometry":{"type":"Point","coordinates":[7.6467579,43.7950959]}},{"type":"Feature","properties":{"name":"Carrozza Centoporte","category":"Attrazione","group":"Da visitare","subtype":"attraction","priority":3,"osm_id":"8758929229","tags":{"historic":"railway_car","tourism":"attraction"}},"geometry":{"type":"Point","coordinates":[7.6467695,43.7951818]}},{"type":"Feature","properties":{"name":"Carrozza Centoporte","category":"Attrazione","group":"Da visitare","subtype":"attraction","priority":3,"osm_id":"8758929230","tags":{"historic":"railway_car","tourism":"attraction"}},"geometry":{"type":"Point","coordinates":[7.6469,43.7950829]}},{"type":"Feature","properties":{"name":"Carrozza Centoporte","category":"Attrazione","group":"Da visitare","subtype":"attraction","priority":3,"osm_id":"11012636117","tags":{"historic":"railway_car","tourism":"attraction"}},"geometry":{"type":"Point","coordinates":[8.9491351,44.3967071]}},{"type":"Feature","properties":{"name":"Casa Camillo Sbarbaro","category":"Attrazione","group":"Da visitare","subtype":"attraction","priority":3,"osm_id":"4479095897","tags":{"tourism":"attraction","wheelchair":"no"}},"geometry":{"type":"Point","coordinates":[8.415958,44.228844]}},{"type":"Feature","properties":{"name":"Casa di Colombo","category":"Attrazione","group":"Da visitare","subtype":"attraction","priority":3,"osm_id":"4939764515","tags":{"historic":"memorial","inscription":"DOMENICO COLOMBO PADRE DI CRISTOFORO COLOMBO, ACQUISTAVA QUESTA CASA NEL 1474 CAMPANASSA 1940-XVIII","material":"stone","memorial":"plaque","name:ru":"Памятник Колумбу","start_date":"1940","tourism":"attraction","wheelchair":"no","wikidata":"Q3661642","wikipedia":"it:Case di Cristoforo Colombo"}},"geometry":{"type":"Point","coordinates":[8.4516631,44.3108731]}},{"type":"Feature","properties":{"name":"Casa natale del Beato Botta","category":"Attrazione","group":"Da visitare","subtype":"attraction","priority":3,"osm_id":"11572618912","tags":{"tourism":"attraction"}},"geometry":{"type":"Point","coordinates":[8.4372582,44.3457575]}},{"type":"Feature","properties":{"name":"Casa natale di Cristoforo Colombo","category":"Attrazione","group":"Da visitare","subtype":"attraction","priority":3,"osm_id":"4360663628","tags":{"tourism":"attraction","wikidata":"Q3661278"}},"geometry":{"type":"Point","coordinates":[8.6452499,44.3892223]}},{"type":"Feature","properties":{"name":"Casa Natale di Papa Sisto IV","category":"Attrazione","group":"Da visitare","subtype":"attraction","priority":3,"osm_id":"3834486721","tags":{"reservation":"no","tourism":"attraction"}},"geometry":{"type":"Point","coordinates":[8.524988,44.3391672]}},{"type":"Feature","properties":{"name":"Casa natale di Rosa Raimondi","category":"Attrazione","group":"Da visitare","subtype":"attraction","priority":3,"osm_id":"12451744129","tags":{"tourism":"attraction"}},"geometry":{"type":"Point","coordinates":[8.2600668,44.1274745]}},{"type":"Feature","properties":{"name":"Cascata del Serpente","category":"Attrazione","group":"Da visitare","subtype":"attraction","priority":3,"osm_id":"735098959","tags":{"tourism":"attraction","waterway":"waterfall"}},"geometry":{"type":"Point","coordinates":[8.7018351,44.4979182]}},{"type":"Feature","properties":{"name":"Cascata della Ferriera","category":"Attrazione","group":"Da visitare","subtype":"attraction","priority":3,"osm_id":"9009856217","tags":{"tourism":"attraction"}},"geometry":{"type":"Point","coordinates":[8.2447324,44.2255036]}},{"type":"Feature","properties":{"name":"Cascate Arroscia","category":"Attrazione","group":"Da visitare","subtype":"attraction","priority":3,"osm_id":"471860676","tags":{"alt_name":"Cascate dell’Arroscia","tourism":"attraction","waterway":"waterfall"}},"geometry":{"type":"Point","coordinates":[7.7910514,44.0648249]}},{"type":"Feature","properties":{"name":"Caserma Carletto Gavoglio","category":"Attrazione","group":"Da visitare","subtype":"attraction","priority":3,"osm_id":"11382250212","tags":{"addr:housenumber":"41","addr:postcode":"16134","addr:street":"Via del Lagaccio","osm_type":"relation","tourism":"attraction","type":"multipolygon"}},"geometry":{"type":"Point","coordinates":[8.9182829,44.4219182]}},{"type":"Feature","properties":{"name":"Castagno anni 1000","category":"Attrazione","group":"Da visitare","subtype":"attraction","priority":3,"osm_id":"667399509","tags":{"denotation":"natural_monument","leaf_cycle":"deciduous","leaf_type":"broadleaved","natural":"tree","tourism":"attraction"}},"geometry":{"type":"Point","coordinates":[9.3406325,44.4430738]}},{"type":"Feature","properties":{"name":"Castello della Pietra","category":"Attrazione","group":"Da visitare","subtype":"attraction","priority":3,"osm_id":"6373419248","tags":{"historic":"castle","name:lij":"Castello da Pria","tourism":"attraction","wikidata":"Q1048842","wikipedia":"it:Castello della Pietra"}},"geometry":{"type":"Point","coordinates":[9.0160015,44.6135616]}},{"type":"Feature","properties":{"name":"Castello di pietra","category":"Attrazione","group":"Da visitare","subtype":"attraction","priority":3,"osm_id":"2391000779","tags":{"tourism":"attraction"}},"geometry":{"type":"Point","coordinates":[8.7423964,44.4750958]}},{"type":"Feature","properties":{"name":"Castello di pietra","category":"Attrazione","group":"Da visitare","subtype":"attraction","priority":3,"osm_id":"2391000780","tags":{"tourism":"attraction"}},"geometry":{"type":"Point","coordinates":[8.7449461,44.4767378]}},{"type":"Feature","properties":{"name":"Chiosco delle Rose","category":"Attrazione","group":"Da visitare","subtype":"attraction","priority":3,"osm_id":"1718669677","tags":{"tourism":"attraction"}},"geometry":{"type":"Point","coordinates":[8.8169133,44.4312834]}},{"type":"Feature","properties":{"name":"Decollo Parapendio","category":"Attrazione","group":"Da visitare","subtype":"attraction","priority":3,"osm_id":"9686640420","tags":{"lit":"no","sport":"free_flying","tourism":"attraction"}},"geometry":{"type":"Point","coordinates":[8.1247267,43.9458566]}},{"type":"Feature","properties":{"name":"Edicola votiva bomba inesplosa della II Guerra Mondiale","category":"Attrazione","group":"Da visitare","subtype":"attraction","priority":3,"osm_id":"5390836422","tags":{"building":"yes","denomination":"catholic","historic":"wayside_shrine","religion":"christian","support":"wall_mounted","tourism":"attraction"}},"geometry":{"type":"Point","coordinates":[8.8982071,44.5036416]}},{"type":"Feature","properties":{"name":"Edicola votiva della Santa Madre Francesca Saverio Cabrini","category":"Attrazione","group":"Da visitare","subtype":"attraction","priority":3,"osm_id":"5390811623","tags":{"building":"wayside_shrine","denomination":"catholic","historic":"wayside_shrine","religion":"christian","tourism":"attraction"}},"geometry":{"type":"Point","coordinates":[8.9378451,44.416277]}},{"type":"Feature","properties":{"name":"Edicola votiva itineraria del Cristo Risorto","category":"Attrazione","group":"Da visitare","subtype":"attraction","priority":3,"osm_id":"5390836721","tags":{"denomination":"catholic","historic":"wayside_shrine","religion":"christian","tourism":"attraction"}},"geometry":{"type":"Point","coordinates":[8.9027641,44.505786]}},{"type":"Feature","properties":{"name":"Edicola votiva itineraria del Segnü Neigro","category":"Attrazione","group":"Da visitare","subtype":"attraction","priority":3,"osm_id":"5390811630","tags":{"denomination":"catholic","historic":"wayside_shrine","religion":"christian","tourism":"attraction"}},"geometry":{"type":"Point","coordinates":[8.8980437,44.5218789]}},{"type":"Feature","properties":{"name":"Fontane di Ginestro","category":"Attrazione","group":"Da visitare","subtype":"attraction","priority":3,"osm_id":"6356589636","tags":{"tourism":"attraction"}},"geometry":{"type":"Point","coordinates":[8.0155151,44.0093754]}},{"type":"Feature","properties":{"name":"Formaggette","category":"Attrazione","group":"Da visitare","subtype":"attraction","priority":3,"osm_id":"3467643434","tags":{"natural":"stone","tourism":"attraction"}},"geometry":{"type":"Point","coordinates":[8.3126965,44.1933123]}},{"type":"Feature","properties":{"name":"Funtana da Regina","category":"Attrazione","group":"Da visitare","subtype":"attraction","priority":3,"osm_id":"8069155546","tags":{"natural":"spring","tourism":"attraction"}},"geometry":{"type":"Point","coordinates":[8.2364503,44.2730743]}},{"type":"Feature","properties":{"name":"Geosito","category":"Attrazione","group":"Da visitare","subtype":"attraction","priority":3,"osm_id":"1762145183","tags":{"access":"yes","description":"Figura di interferenza, calcescisti, giurassico superiore-cretaceo inferiore, forma singola, puntuale","geological":"outcrop","tourism":"attraction"}},"geometry":{"type":"Point","coordinates":[8.7370792,44.4260403]}},{"type":"Feature","properties":{"name":"Giardini Esotici Pallanca","category":"Attrazione","group":"Da visitare","subtype":"attraction","priority":3,"osm_id":"13276385285","tags":{"tourism":"attraction"}},"geometry":{"type":"Point","coordinates":[7.687895,43.7882325]}},{"type":"Feature","properties":{"name":"Grotta dell'archeologia","category":"Attrazione","group":"Da visitare","subtype":"attraction","priority":3,"osm_id":"1716478816","tags":{"tourism":"attraction"}},"geometry":{"type":"Point","coordinates":[8.8143181,44.4297759]}},{"type":"Feature","properties":{"name":"Grotta Mizar","category":"Attrazione","group":"Da visitare","subtype":"attraction","priority":3,"osm_id":"3570497796","tags":{"natural":"cave_entrance","tourism":"attraction"}},"geometry":{"type":"Point","coordinates":[8.6280454,44.3748889]}},{"type":"Feature","properties":{"name":"Grotte di Borgio Verezzi","category":"Attrazione","group":"Da visitare","subtype":"attraction","priority":3,"osm_id":"674078924","tags":{"access":"private","fee":"yes","natural":"cave_entrance","tourism":"attraction","url":"www.grottediborgio.it","wikidata":"Q16562075","wikipedia":"it:Grotte di Borgio Verezzi"}},"geometry":{"type":"Point","coordinates":[8.3041656,44.1629219]}},{"type":"Feature","properties":{"name":"Grotte di Toirano","category":"Attrazione","group":"Da visitare","subtype":"attraction","priority":3,"osm_id":"736945879","tags":{"access":"private","contact:facebook":"https://www.facebook.com/toiranogrotte","contact:youtube":"https://www.youtube.com/channel/UCGOVI0YF_C5AoRze-36Chmw","entrance":"main","fee":"yes","foot":"yes","natural":"cave_entrance","tourism":"attraction","url":"http://www.toiranogrotte.it/","wikidata":"Q1332930","wikipedia":"fr:Grottes de Toirano"}},"geometry":{"type":"Point","coordinates":[8.2019892,44.137819]}},{"type":"Feature","properties":{"name":"Grotte di Toirano","category":"Attrazione","group":"Da visitare","subtype":"attraction","priority":3,"osm_id":"2264679610","tags":{"access":"no","contact:facebook":"https://www.facebook.com/toiranogrotte","contact:youtube":"https://www.youtube.com/channel/UCGOVI0YF_C5AoRze-36Chmw","entrance":"exit","fee":"yes","natural":"cave_entrance","tourism":"attraction","url":"http://www.toiranogrotte.it/"}},"geometry":{"type":"Point","coordinates":[8.2032211,44.1343754]}},{"type":"Feature","properties":{"name":"Grotte di Toirano","category":"Attrazione","group":"Da visitare","subtype":"attraction","priority":3,"osm_id":"3200927803","tags":{"natural":"cave","tourism":"attraction","wikidata":"Q1332930","wikipedia":"it:Grotte di Toirano"}},"geometry":{"type":"Point","coordinates":[8.2027934,44.1362816]}},{"type":"Feature","properties":{"name":"Hiking Sticks","category":"Attrazione","group":"Da visitare","subtype":"attraction","priority":3,"osm_id":"12941362050","tags":{"tourism":"attraction"}},"geometry":{"type":"Point","coordinates":[8.1054636,43.9750366]}},{"type":"Feature","properties":{"name":"Il Parco dei Divertimenti","category":"Attrazione","group":"Da visitare","subtype":"attraction","priority":3,"osm_id":"14173241901","tags":{"name:en":"Amusement Park","tourism":"attraction"}},"geometry":{"type":"Point","coordinates":[8.817009,44.4327614]}},{"type":"Feature","properties":{"name":"Il suolo nel bosco","category":"Attrazione","group":"Da visitare","subtype":"attraction","priority":3,"osm_id":"8909844715","tags":{"description":"Sezione didattica di suolo del bosco del Museo del Bosco","tourism":"attraction"}},"geometry":{"type":"Point","coordinates":[9.4082156,44.5022944]}},{"type":"Feature","properties":{"name":"L'aquila e il coccodrillo","category":"Attrazione","group":"Da visitare","subtype":"attraction","priority":3,"osm_id":"1718537158","tags":{"tourism":"attraction"}},"geometry":{"type":"Point","coordinates":[8.8168566,44.4305032]}},{"type":"Feature","properties":{"name":"La Barca","category":"Attrazione","group":"Da visitare","subtype":"attraction","priority":3,"osm_id":"8794617965","tags":{"tourism":"attraction"}},"geometry":{"type":"Point","coordinates":[7.8297332,43.8380285]}},{"type":"Feature","properties":{"name":"La carbonaia","category":"Attrazione","group":"Da visitare","subtype":"attraction","priority":3,"osm_id":"8909858219","tags":{"description":"Installazione didattica di una carbonaia","tourism":"attraction"}},"geometry":{"type":"Point","coordinates":[9.4085227,44.5024034]}},{"type":"Feature","properties":{"name":"La lettiera","category":"Attrazione","group":"Da visitare","subtype":"attraction","priority":3,"osm_id":"8909844711","tags":{"description":"Lettiera didattica del Museo del Bosco","tourism":"attraction"}},"geometry":{"type":"Point","coordinates":[9.4079447,44.5026741]}},{"type":"Feature","properties":{"name":"La spada nella roccia","category":"Attrazione","group":"Da visitare","subtype":"attraction","priority":3,"osm_id":"8491079778","tags":{"tourism":"attraction"}},"geometry":{"type":"Point","coordinates":[8.1585513,44.3097948]}},{"type":"Feature","properties":{"name":"La tana del lupo","category":"Attrazione","group":"Da visitare","subtype":"attraction","priority":3,"osm_id":"8909844705","tags":{"description":"La tana del lupo didattica parte del Museo del Bosco","tourism":"attraction"}},"geometry":{"type":"Point","coordinates":[9.4075879,44.5025474]}},{"type":"Feature","properties":{"name":"La tana del tasso","category":"Attrazione","group":"Da visitare","subtype":"attraction","priority":3,"osm_id":"8909844704","tags":{"description":"Riproduzione didattica di una tana di tasso","tourism":"attraction"}},"geometry":{"type":"Point","coordinates":[9.4073653,44.5025699]}},{"type":"Feature","properties":{"name":"La Tartaruga","category":"Attrazione","group":"Da visitare","subtype":"attraction","priority":3,"osm_id":"4427852689","tags":{"description":"È una roccia che ricorda una testuggine.","image":"https://www.gambeinspalla.org/images/riviera_ligure/30_grotte_sconosciute_perti/23_tartaruga.jpg","natural":"stone","tourism":"attraction"}},"geometry":{"type":"Point","coordinates":[8.3153266,44.1943272]}},{"type":"Feature","properties":{"name":"Labirinto","category":"Attrazione","group":"Da visitare","subtype":"attraction","priority":3,"osm_id":"7108063584","tags":{"tourism":"attraction"}},"geometry":{"type":"Point","coordinates":[8.8167255,44.4313896]}},{"type":"Feature","properties":{"name":"Laghetti di Borgomaro","category":"Attrazione","group":"Da visitare","subtype":"attraction","priority":3,"osm_id":"9862597030","tags":{"tourism":"attraction"}},"geometry":{"type":"Point","coordinates":[7.9419749,43.9750108]}},{"type":"Feature","properties":{"name":"Laghetti di Lecchiore","category":"Attrazione","group":"Da visitare","subtype":"attraction","priority":3,"osm_id":"3734765903","tags":{"tourism":"attraction","wheelchair":"no"}},"geometry":{"type":"Point","coordinates":[7.9113601,43.9182838]}},{"type":"Feature","properties":{"name":"Laghi di Cravè","category":"Attrazione","group":"Da visitare","subtype":"attraction","priority":3,"osm_id":"7838160685","tags":{"tourism":"attraction"}},"geometry":{"type":"Point","coordinates":[8.1746797,44.2351242]}},{"type":"Feature","properties":{"name":"Lavatoio storico","category":"Attrazione","group":"Da visitare","subtype":"attraction","priority":3,"osm_id":"3839567958","tags":{"tourism":"attraction"}},"geometry":{"type":"Point","coordinates":[8.4430081,44.2484559]}},{"type":"Feature","properties":{"name":"Lavatoio storico","category":"Attrazione","group":"Da visitare","subtype":"attraction","priority":3,"osm_id":"3839918529","tags":{"tourism":"attraction"}},"geometry":{"type":"Point","coordinates":[8.4382004,44.2468262]}},{"type":"Feature","properties":{"name":"Le biomasse legnose","category":"Attrazione","group":"Da visitare","subtype":"attraction","priority":3,"osm_id":"8909858218","tags":{"description":"Installazione didattica sulle biomasse legnose","tourism":"attraction"}},"geometry":{"type":"Point","coordinates":[9.4082545,44.5023776]}},{"type":"Feature","properties":{"name":"Le Camelie antiche","category":"Attrazione","group":"Da visitare","subtype":"attraction","priority":3,"osm_id":"1718669678","tags":{"tourism":"attraction"}},"geometry":{"type":"Point","coordinates":[8.8178387,44.4317105]}},{"type":"Feature","properties":{"name":"Le Grotte","category":"Attrazione","group":"Da visitare","subtype":"attraction","priority":3,"osm_id":"1718669676","tags":{"tourism":"attraction"}},"geometry":{"type":"Point","coordinates":[8.817085,44.4312529]}},{"type":"Feature","properties":{"name":"Lo xilofono","category":"Attrazione","group":"Da visitare","subtype":"attraction","priority":3,"osm_id":"8909844712","tags":{"description":"xilofono didattico in legno, parte del Museo del Bosco","tourism":"attraction"}},"geometry":{"type":"Point","coordinates":[9.4078401,44.502566]}},{"type":"Feature","properties":{"name":"Locomotiva 835.157","category":"Attrazione","group":"Da visitare","subtype":"attraction","priority":3,"osm_id":"8758929227","tags":{"historic":"locomotive","tourism":"attraction"}},"geometry":{"type":"Point","coordinates":[7.6465731,43.7950655]}},{"type":"Feature","properties":{"name":"Locomotiva 851.130","category":"Attrazione","group":"Da visitare","subtype":"attraction","priority":3,"osm_id":"7820238737","tags":{"historic":"locomotive","tourism":"attraction"}},"geometry":{"type":"Point","coordinates":[9.2385041,44.3468169]}},{"type":"Feature","properties":{"name":"Locomotiva a vapore FS 625.153","category":"Attrazione","group":"Da visitare","subtype":"attraction","priority":3,"osm_id":"3804693538","tags":{"historic":"locomotive","subject:wikidata":"Q3836145","subject:wikipedia":"it:Locomotiva FS 625","tourism":"attraction"}},"geometry":{"type":"Point","coordinates":[8.8835442,44.4138819]}},{"type":"Feature","properties":{"name":"Locomotiva FTN 9","category":"Attrazione","group":"Da visitare","subtype":"attraction","priority":3,"osm_id":"5939309171","tags":{"historic":"locomotive","tourism":"attraction"}},"geometry":{"type":"Point","coordinates":[8.2550704,44.1224631]}},{"type":"Feature","properties":{"name":"LuppOlio azienda agricola di Verzaro Enrico","category":"Attrazione","group":"Da visitare","subtype":"attraction","priority":3,"osm_id":"11047302705","tags":{"addr:housenumber":"8","addr:postcode":"18010","addr:street":"Strada Consorziale San Bernardo","email":"azienda.agricola@luppolio.it","phone":"+39 331 2260802","tourism":"attraction","website":"https://www.luppolio.it/"}},"geometry":{"type":"Point","coordinates":[8.1193844,43.9395667]}},{"type":"Feature","properties":{"name":"Madonna del Capo","category":"Attrazione","group":"Da visitare","subtype":"attraction","priority":3,"osm_id":"3884238010","tags":{"historic":"wayside_shrine","religion":"christian","tourism":"attraction"}},"geometry":{"type":"Point","coordinates":[9.2184519,44.2986377]}},{"type":"Feature","properties":{"name":"Madonna del Sollievo","category":"Attrazione","group":"Da visitare","subtype":"attraction","priority":3,"osm_id":"9937397153","tags":{"alt_name":"Grotta di Lourdes","amenity":"place_of_worship","denomination":"catholic","religion":"christian","tourism":"attraction"}},"geometry":{"type":"Point","coordinates":[7.6606964,43.880234]}},{"type":"Feature","properties":{"name":"Marmotte","category":"Attrazione","group":"Da visitare","subtype":"attraction","priority":3,"osm_id":"1414635710","tags":{"tourism":"attraction"}},"geometry":{"type":"Point","coordinates":[7.7949166,44.042161]}},{"type":"Feature","properties":{"name":"Martello di San Antonio","category":"Attrazione","group":"Da visitare","subtype":"attraction","priority":3,"osm_id":"4968627500","tags":{"natural":"rock","tourism":"attraction"}},"geometry":{"type":"Point","coordinates":[8.4555405,44.402199]}},{"type":"Feature","properties":{"name":"Masso del Ferrante","category":"Attrazione","group":"Da visitare","subtype":"attraction","priority":3,"osm_id":"303566668","tags":{"access":"yes","description":"Masso del Ferrante, rocce ofiolitiche, giurassico inferiore medio, insieme di forme, puntuale","tourism":"attraction"}},"geometry":{"type":"Point","coordinates":[8.7845568,44.4701872]}},{"type":"Feature","properties":{"name":"Mausoleo del Capitano","category":"Attrazione","group":"Da visitare","subtype":"attraction","priority":3,"osm_id":"7108042179","tags":{"tourism":"attraction"}},"geometry":{"type":"Point","coordinates":[8.8154085,44.4340183]}},{"type":"Feature","properties":{"name":"Menhir \"Cian da Munega\"","category":"Attrazione","group":"Da visitare","subtype":"attraction","priority":3,"osm_id":"495953882","tags":{"archaeological_site":"megalith","description":"E' una roccia aniconica in forma di trapezio allungato e schiacciato in senso E‑W che sporgente poco più di 2 metri. E' importante perché ai suoi piedi vennero rinvenuti manufatti attribuibili alla fine dell'Età del Bronzo ‑ inizi dell'Età del Ferro.","historic":"archaeological_site","tourism":"attraction","wheelchair":"no"}},"geometry":{"type":"Point","coordinates":[8.6010383,44.3670476]}},{"type":"Feature","properties":{"name":"Miniere di Bric Gettina","category":"Attrazione","group":"Da visitare","subtype":"attraction","priority":3,"osm_id":"4450440146","tags":{"alt_name":"Miniere del Purin","historic":"ruins","tourism":"attraction"}},"geometry":{"type":"Point","coordinates":[8.2288012,44.2255542]}},{"type":"Feature","properties":{"name":"Monumento funebre di Anselmo d'Incisa","category":"Attrazione","group":"Da visitare","subtype":"attraction","priority":3,"osm_id":"2359158643","tags":{"historic":"tomb","start_date":"1304","tourism":"attraction","wikidata":"Q69557364"}},"geometry":{"type":"Point","coordinates":[8.9316863,44.4097239]}},{"type":"Feature","properties":{"name":"Neviera della Grilla","category":"Attrazione","group":"Da visitare","subtype":"attraction","priority":3,"osm_id":"2391000785","tags":{"tourism":"attraction"}},"geometry":{"type":"Point","coordinates":[8.7648916,44.4696876]}},{"type":"Feature","properties":{"name":"Obelisco Egizio","category":"Attrazione","group":"Da visitare","subtype":"attraction","priority":3,"osm_id":"1718537173","tags":{"tourism":"attraction"}},"geometry":{"type":"Point","coordinates":[8.8162804,44.4307011]}},{"type":"Feature","properties":{"name":"Old water mill","category":"Attrazione","group":"Da visitare","subtype":"attraction","priority":3,"osm_id":"13951001395","tags":{"tourism":"attraction"}},"geometry":{"type":"Point","coordinates":[7.9500154,43.9071821]}},{"type":"Feature","properties":{"name":"Padella della Sagra del Pesce","category":"Attrazione","group":"Da visitare","subtype":"attraction","priority":3,"osm_id":"3882439974","tags":{"tourism":"attraction","wikimedia_commons":"File:Padella Camogli.JPG"}},"geometry":{"type":"Point","coordinates":[9.1554354,44.3481649]}},{"type":"Feature","properties":{"name":"Pagoda","category":"Attrazione","group":"Da visitare","subtype":"attraction","priority":3,"osm_id":"1718615468","tags":{"tourism":"attraction"}},"geometry":{"type":"Point","coordinates":[8.8168473,44.4308516]}},{"type":"Feature","properties":{"name":"Palazzo Beato Jacopo","category":"Attrazione","group":"Da visitare","subtype":"attraction","priority":3,"osm_id":"2457737007","tags":{"addr:city":"Varazze","addr:housenumber":"56","addr:postcode":"17019","addr:street":"Corso Giacomo Matteotti","tourism":"attraction","wheelchair":"yes","wikidata":"Q73489014"}},"geometry":{"type":"Point","coordinates":[8.5753681,44.3590566]}},{"type":"Feature","properties":{"name":"Palazzo De Nobili","category":"Attrazione","group":"Da visitare","subtype":"attraction","priority":3,"osm_id":"12081570969","tags":{"addr:city":"La Spezia","addr:country":"IT","addr:housenumber":"59","addr:province":"SP","addr:state":"Liguria","addr:street":"Via Sant'Agostino","tourism":"attraction","wikidata":"Q86664859"}},"geometry":{"type":"Point","coordinates":[9.8216668,44.1049635]}},{"type":"Feature","properties":{"name":"Palazzo Spinola dei Marmi","category":"Attrazione","group":"Da visitare","subtype":"attraction","priority":3,"osm_id":"5394279721","tags":{"tourism":"attraction"}},"geometry":{"type":"Point","coordinates":[8.9354714,44.4099896]}},{"type":"Feature","properties":{"name":"Panchina del Cuore - Roccavignale","category":"Attrazione","group":"Da visitare","subtype":"attraction","priority":3,"osm_id":"7837499198","tags":{"amenity":"bench","colour":"red","material":"wood","seats":"2","tourism":"attraction"}},"geometry":{"type":"Point","coordinates":[8.1729953,44.3710493]}},{"type":"Feature","properties":{"name":"Panorama","category":"Attrazione","group":"Da visitare","subtype":"attraction","priority":3,"osm_id":"4949776021","tags":{"name:en":"Panoramic","tourism":"attraction"}},"geometry":{"type":"Point","coordinates":[9.4670722,44.5610561]}},{"type":"Feature","properties":{"name":"piattaforme per armi","category":"Attrazione","group":"Da visitare","subtype":"attraction","priority":3,"osm_id":"280006247","tags":{"bunker_type":"pillbox","historic":"yes","location":"underground","military":"bunker","ruins":"yes","tourism":"attraction"}},"geometry":{"type":"Point","coordinates":[9.5688867,44.1835268]}},{"type":"Feature","properties":{"name":"Pietra di Issel","category":"Attrazione","group":"Da visitare","subtype":"attraction","priority":3,"osm_id":"1780349657","tags":{"historic":"archaeological_site","tourism":"attraction"}},"geometry":{"type":"Point","coordinates":[8.769243,44.4835379]}},{"type":"Feature","properties":{"name":"Ponte \"Annibale\"","category":"Attrazione","group":"Da visitare","subtype":"attraction","priority":3,"osm_id":"727763374","tags":{"tourism":"attraction"}},"geometry":{"type":"Point","coordinates":[9.2271293,44.346848]}},{"type":"Feature","properties":{"name":"Ponte dell'Acqua","category":"Attrazione","group":"Da visitare","subtype":"attraction","priority":3,"osm_id":"3431542240","tags":{"historic":"ruins","opening_hours":"24/7","tourism":"attraction","wheelchair":"yes","wikidata":"Q28003409"}},"geometry":{"type":"Point","coordinates":[8.3675651,44.2113586]}},{"type":"Feature","properties":{"name":"Ponte delle Voze","category":"Attrazione","group":"Da visitare","subtype":"attraction","priority":3,"osm_id":"13233096283","tags":{"alt_name":"Anche delle Voze","historic":"ruins","opening_hours":"24/7","tourism":"attraction","wheelchair":"limited","wikidata":"Q28003411"}},"geometry":{"type":"Point","coordinates":[8.367593,44.2057414]}},{"type":"Feature","properties":{"name":"Ponte romano sul Nimbalto","category":"Attrazione","group":"Da visitare","subtype":"attraction","priority":3,"osm_id":"11298078631","tags":{"tourism":"attraction"}},"geometry":{"type":"Point","coordinates":[8.2567214,44.1317333]}},{"type":"Feature","properties":{"name":"Ponte Sordo","category":"Attrazione","group":"Da visitare","subtype":"attraction","priority":3,"osm_id":"3450888620","tags":{"historic":"ruins","opening_hours":"24/7","tourism":"attraction","wheelchair":"yes"}},"geometry":{"type":"Point","coordinates":[8.3668323,44.2049241]}},{"type":"Feature","properties":{"name":"Ponte sospeso Monleone","category":"Attrazione","group":"Da visitare","subtype":"attraction","priority":3,"osm_id":"1775828189","tags":{"tourism":"attraction"}},"geometry":{"type":"Point","coordinates":[9.2478989,44.4011377]}},{"type":"Feature","properties":{"name":"Pontepietra","category":"Attrazione","group":"Da visitare","subtype":"attraction","priority":3,"osm_id":"3783194857","tags":{"tourism":"attraction"}},"geometry":{"type":"Point","coordinates":[8.9591956,44.5476063]}},{"type":"Feature","properties":{"name":"Porta delle Saline","category":"Attrazione","group":"Da visitare","subtype":"attraction","priority":3,"osm_id":"6425486700","tags":{"tourism":"attraction"}},"geometry":{"type":"Point","coordinates":[9.2296024,44.3483667]}},{"type":"Feature","properties":{"name":"Porta Nuova di Genova","category":"Attrazione","group":"Da visitare","subtype":"attraction","priority":3,"osm_id":"9407570508","tags":{"tourism":"attraction"}},"geometry":{"type":"Point","coordinates":[8.9046733,44.4048427]}},{"type":"Feature","properties":{"name":"Porta Testa","category":"Attrazione","group":"Da visitare","subtype":"attraction","priority":3,"osm_id":"1851226735","tags":{"start_date":"C15","tourism":"attraction","wikidata":"Q113688708"}},"geometry":{"type":"Point","coordinates":[8.3268226,44.1751578]}},{"type":"Feature","properties":{"name":"Presepe di Manarola","category":"Attrazione","group":"Da visitare","subtype":"attraction","priority":3,"osm_id":"6170860746","tags":{"tourism":"attraction"}},"geometry":{"type":"Point","coordinates":[9.7281477,44.1077473]}},{"type":"Feature","properties":{"name":"Presepino","category":"Attrazione","group":"Da visitare","subtype":"attraction","priority":3,"osm_id":"3065896960","tags":{"tourism":"attraction"}},"geometry":{"type":"Point","coordinates":[8.3362892,44.2025639]}},{"type":"Feature","properties":{"name":"Punta Baffe","category":"Attrazione","group":"Da visitare","subtype":"attraction","priority":3,"osm_id":"841788480","tags":{"tourism":"attraction"}},"geometry":{"type":"Point","coordinates":[9.4432472,44.242702]}},{"type":"Feature","properties":{"name":"Punta Levanto","category":"Attrazione","group":"Da visitare","subtype":"attraction","priority":3,"osm_id":"4708839366","tags":{"addr:city":"Bonassola","alt_name":"Punta del Carlino","natural":"cape","tourism":"attraction"}},"geometry":{"type":"Point","coordinates":[9.5839513,44.1759864]}},{"type":"Feature","properties":{"name":"Punta Pineda","category":"Attrazione","group":"Da visitare","subtype":"attraction","priority":3,"osm_id":"7778300685","tags":{"natural":"cape","tourism":"attraction"}},"geometry":{"type":"Point","coordinates":[9.760901,44.0833564]}},{"type":"Feature","properties":{"name":"Punto di accesso Ponte","category":"Attrazione","group":"Da visitare","subtype":"attraction","priority":3,"osm_id":"4581184534","tags":{"description":"Da un tombino d'ispezione c'è un accesso per l'interno del ponte Monumentale.","historic":"yes","tourism":"attraction"}},"geometry":{"type":"Point","coordinates":[8.9393904,44.4058851]}},{"type":"Feature","properties":{"name":"radiofaro","category":"Attrazione","group":"Da visitare","subtype":"attraction","priority":3,"osm_id":"4526887790","tags":{"tourism":"attraction"}},"geometry":{"type":"Point","coordinates":[9.082733,44.4236271]}},{"type":"Feature","properties":{"name":"Radura degli U.F.O.","category":"Attrazione","group":"Da visitare","subtype":"attraction","priority":3,"osm_id":"2905085948","tags":{"tourism":"attraction"}},"geometry":{"type":"Point","coordinates":[8.6576538,44.3928386]}},{"type":"Feature","properties":{"name":"Riparo sotto Roccia","category":"Attrazione","group":"Da visitare","subtype":"attraction","priority":3,"osm_id":"3048889776","tags":{"historic":"archaeological_site","tourism":"attraction"}},"geometry":{"type":"Point","coordinates":[8.5383892,44.3938546]}},{"type":"Feature","properties":{"name":"Scaletto dei pescatori fornacini","category":"Attrazione","group":"Da visitare","subtype":"attraction","priority":3,"osm_id":"4199179231","tags":{"tourism":"attraction","wheelchair":"yes"}},"geometry":{"type":"Point","coordinates":[8.4683119,44.2981864]}},{"type":"Feature","properties":{"name":"Scalo di Schiara","category":"Attrazione","group":"Da visitare","subtype":"attraction","priority":3,"osm_id":"6370331385","tags":{"tourism":"attraction"}},"geometry":{"type":"Point","coordinates":[9.7868264,44.0716119]}},{"type":"Feature","properties":{"name":"Scogliere Rosse","category":"Attrazione","group":"Da visitare","subtype":"attraction","priority":3,"osm_id":"8419818874","tags":{"tourism":"attraction"}},"geometry":{"type":"Point","coordinates":[9.8055117,44.064611]}},{"type":"Feature","properties":{"name":"Scoglio dei Mille","category":"Attrazione","group":"Da visitare","subtype":"attraction","priority":3,"osm_id":"255447894","tags":{"tourism":"attraction"}},"geometry":{"type":"Point","coordinates":[8.9927266,44.3894852]}},{"type":"Feature","properties":{"name":"Screwdriver","category":"Attrazione","group":"Da visitare","subtype":"attraction","priority":3,"osm_id":"12944252402","tags":{"tourism":"attraction"}},"geometry":{"type":"Point","coordinates":[8.3758105,44.3180331]}},{"type":"Feature","properties":{"name":"Scurolo di Nostra Signora del Carmine e seicentesco Ciclo di Elia","category":"Attrazione","group":"Da visitare","subtype":"attraction","priority":3,"osm_id":"5390811625","tags":{"name:en":"Crypt of Our Lady of the Mount Carmel and Elijah Frescoes (XVII century)","tourism":"attraction"}},"geometry":{"type":"Point","coordinates":[8.9027151,44.5059397]}},{"type":"Feature","properties":{"name":"Sorgente","category":"Attrazione","group":"Da visitare","subtype":"attraction","priority":3,"osm_id":"7108063430","tags":{"tourism":"attraction"}},"geometry":{"type":"Point","coordinates":[8.8160817,44.4317104]}},{"type":"Feature","properties":{"name":"Spada nella Roccia","category":"Attrazione","group":"Da visitare","subtype":"attraction","priority":3,"osm_id":"7501893315","tags":{"opening_hours":"24/7","reservation":"no","tourism":"attraction","wheelchair":"no"}},"geometry":{"type":"Point","coordinates":[8.6926158,44.5014527]}},{"type":"Feature","properties":{"name":"spiaggia Celeste Sestri Levante","category":"Attrazione","group":"Da visitare","subtype":"attraction","priority":3,"osm_id":"4554284589","tags":{"tourism":"attraction"}},"geometry":{"type":"Point","coordinates":[9.3938403,44.2756107]}},{"type":"Feature","properties":{"name":"Spiaggia del Navone","category":"Attrazione","group":"Da visitare","subtype":"attraction","priority":3,"osm_id":"8419818873","tags":{"tourism":"attraction"}},"geometry":{"type":"Point","coordinates":[9.792939,44.0690636]}},{"type":"Feature","properties":{"name":"Spiaggia del Persico","category":"Attrazione","group":"Da visitare","subtype":"attraction","priority":3,"osm_id":"8419818872","tags":{"tourism":"attraction"}},"geometry":{"type":"Point","coordinates":[9.796626,44.0660999]}},{"type":"Feature","properties":{"name":"Spiaggia Le Rosse","category":"Attrazione","group":"Da visitare","subtype":"attraction","priority":3,"osm_id":"7780084691","tags":{"tourism":"attraction"}},"geometry":{"type":"Point","coordinates":[9.8012827,44.064069]}},{"type":"Feature","properties":{"name":"stone hole","category":"Attrazione","group":"Da visitare","subtype":"attraction","priority":3,"osm_id":"13142417158","tags":{"tourism":"attraction"}},"geometry":{"type":"Point","coordinates":[8.3160774,44.1678178]}},{"type":"Feature","properties":{"name":"Tomba di Giuseppe Mazzini","category":"Attrazione","group":"Da visitare","subtype":"attraction","priority":3,"osm_id":"391943544","tags":{"historic":"memorial","start_date":"1874","tomb":"vault","tourism":"attraction","wikidata":"Q56641149"}},"geometry":{"type":"Point","coordinates":[8.9517261,44.4308143]}},{"type":"Feature","properties":{"name":"Torre di Prarola","category":"Attrazione","group":"Da visitare","subtype":"attraction","priority":3,"osm_id":"3067050151","tags":{"historic":"yes","tourism":"attraction","tower:type":"defensive","wikidata":"Q55164792","wikimedia_commons":"Category:Torre di Prarola"}},"geometry":{"type":"Point","coordinates":[7.9938802,43.8653848]}},{"type":"Feature","properties":{"name":"Tunnel Multimediale Luni Experience","category":"Attrazione","group":"Da visitare","subtype":"attraction","priority":3,"osm_id":"7331738078","tags":{"layer":"-1","tourism":"attraction","wheelchair":"yes"}},"geometry":{"type":"Point","coordinates":[10.0070338,44.0610072]}},{"type":"Feature","properties":{"name":"Ultima cabina telefonica funzionante","category":"Attrazione","group":"Da visitare","subtype":"attraction","priority":3,"osm_id":"14000626902","tags":{"tourism":"attraction"}},"geometry":{"type":"Point","coordinates":[8.9291285,44.4089008]}},{"type":"Feature","properties":{"name":"Utah","category":"Attrazione","group":"Da visitare","subtype":"attraction","priority":3,"osm_id":"5044509310","tags":{"sport":"climbing","tourism":"attraction"}},"geometry":{"type":"Point","coordinates":[8.3170246,44.1658598]}},{"type":"Feature","properties":{"name":"Villa Durazzo-Pallavicini","category":"Attrazione","group":"Da visitare","subtype":"attraction","priority":3,"osm_id":"11380366506","tags":{"tourism":"attraction","wikidata":"Q4011961","wikipedia":"it:Villa Durazzo-Pallavicini"}},"geometry":{"type":"Point","coordinates":[8.8172304,44.4294028]}},{"type":"Feature","properties":{"name":"Volto megalitico di Borzone","category":"Attrazione","group":"Da visitare","subtype":"attraction","priority":3,"osm_id":"6013916714","tags":{"tourism":"attraction","wikidata":"Q3560985","wikipedia":"it:Volto megalitico di Borzone"}},"geometry":{"type":"Point","coordinates":[9.4093193,44.4332192]}},{"type":"Feature","properties":{"name":"A ricordo dei funerali dei martiri della Benedicta","category":"Luogo della memoria","group":"Da visitare","subtype":"memorial","priority":3,"osm_id":"9434246262","tags":{"historic":"memorial","inscription":"A ricordo dei funerali dei martiri della Benedicta / Giugno 1945 / Il Municipio V Valpolcevera e le associazioni di Pontedecimo","material":"marble","memorial":"plaque","support":"pole"}},"geometry":{"type":"Point","coordinates":[8.9037713,44.4970334]}},{"type":"Feature","properties":{"name":"Aeronautica Militare","category":"Luogo della memoria","group":"Da visitare","subtype":"memorial","priority":3,"osm_id":"12951136273","tags":{"historic":"memorial","memorial":"sculpture","panoramax":"029ae335-83fc-4d9f-810b-9f34b30634f6","wikimedia_commons":"File:Aeronautica Militare,Andora.jpg"}},"geometry":{"type":"Point","coordinates":[8.1496098,43.9515365]}},{"type":"Feature","properties":{"name":"Agli abitanti che ospitarno i partigiani","category":"Luogo della memoria","group":"Da visitare","subtype":"memorial","priority":3,"osm_id":"13762886214","tags":{"historic":"memorial","inscription":"Memori agli abitanti di queste case per l'aiuto e l'ospitalità data nel 1944-45 ai partigiani | ANPI Bolzaneto","material":"marble","memorial":"plaque"}},"geometry":{"type":"Point","coordinates":[9.0002726,44.5000011]}},{"type":"Feature","properties":{"name":"Agli Aviatori di La Spezia","category":"Luogo della memoria","group":"Da visitare","subtype":"memorial","priority":3,"osm_id":"7933688347","tags":{"historic":"memorial","inscription":"Agli Aviatori della Provincia di La Spezia caduti per la patria","memorial":"war_memorial","start_date":"1983"}},"geometry":{"type":"Point","coordinates":[9.82752,44.1049621]}},{"type":"Feature","properties":{"name":"Ai caduti 1915-1918","category":"Luogo della memoria","group":"Da visitare","subtype":"memorial","priority":3,"osm_id":"4240057410","tags":{"historic":"memorial","inscription":"Vexina orgogliosa ai suoi figli caduti nella guerra di redenzione 1915 - 1918. Seguono nomi","memorial":"stele","start_date":"1926-09-26"}},"geometry":{"type":"Point","coordinates":[9.1683006,44.3796396]}},{"type":"Feature","properties":{"name":"AI CADUTI DEL LAVORO","category":"Luogo della memoria","group":"Da visitare","subtype":"memorial","priority":3,"osm_id":"5478570924","tags":{"historic":"memorial"}},"geometry":{"type":"Point","coordinates":[9.3986187,44.2719412]}},{"type":"Feature","properties":{"name":"Ai Caduti del Mare","category":"Luogo della memoria","group":"Da visitare","subtype":"memorial","priority":3,"osm_id":"9889223968","tags":{"access":"yes","historic":"memorial","inscription":"Sarzana - Ai Caduti del Mare"}},"geometry":{"type":"Point","coordinates":[9.9611292,44.110058]}},{"type":"Feature","properties":{"name":"Ai caduti dell'Aeronautica","category":"Luogo della memoria","group":"Da visitare","subtype":"memorial","priority":3,"osm_id":"1702576475","tags":{"historic":"memorial","wheelchair":"yes"}},"geometry":{"type":"Point","coordinates":[8.9490362,44.4290288]}},{"type":"Feature","properties":{"name":"Ai caduti della Guardia di Finanza","category":"Luogo della memoria","group":"Da visitare","subtype":"memorial","priority":3,"osm_id":"1702576514","tags":{"historic":"memorial","wheelchair":"yes"}},"geometry":{"type":"Point","coordinates":[8.9491434,44.4290295]}},{"type":"Feature","properties":{"name":"Ai caduti della Guerra 1940-1945","category":"Luogo della memoria","group":"Da visitare","subtype":"memorial","priority":3,"osm_id":"5488491295","tags":{"historic":"memorial","inscription":"Albisola Capo - Ai caduti della Guerra 1940-1945 - finanziere Gori Giuliano, partigiano Ferrari Filippo, marinanio Saltarelli Giuseppe","memorial":"war_memorial","wheelchair":"yes"}},"geometry":{"type":"Point","coordinates":[8.5141227,44.3301706]}},{"type":"Feature","properties":{"name":"Ai caduti della Polizia","category":"Luogo della memoria","group":"Da visitare","subtype":"memorial","priority":3,"osm_id":"1702576472","tags":{"historic":"memorial","wheelchair":"yes"}},"geometry":{"type":"Point","coordinates":[8.9489582,44.4290134]}},{"type":"Feature","properties":{"name":"Ai Caduti della Resistenza","category":"Luogo della memoria","group":"Da visitare","subtype":"memorial","priority":3,"osm_id":"6386160400","tags":{"artist_name":"Il Comitato Onoranze","historic":"memorial","inscription":"Ai Caduti della Resistenza 8 settembre 1943 - 25 aprile 1945 di Castelletto S. Nicola [segue elenco] - Nessuna tirannide potè mai spegnere l'amore per la libertà","memorial":"plaque","start_date":"23 aprile 1950"}},"geometry":{"type":"Point","coordinates":[8.9337423,44.4146119]}},{"type":"Feature","properties":{"name":"Ai caduti di mare","category":"Luogo della memoria","group":"Da visitare","subtype":"memorial","priority":3,"osm_id":"1702576486","tags":{"historic":"memorial"}},"geometry":{"type":"Point","coordinates":[8.9486808,44.4289969]}},{"type":"Feature","properties":{"name":"Ai caduti genieri e trasmettitori d'Italia","category":"Luogo della memoria","group":"Da visitare","subtype":"memorial","priority":3,"osm_id":"1702600961","tags":{"historic":"memorial"}},"geometry":{"type":"Point","coordinates":[8.9488414,44.4290339]}},{"type":"Feature","properties":{"name":"Ai caduti in Russia","category":"Luogo della memoria","group":"Da visitare","subtype":"memorial","priority":3,"osm_id":"1702600959","tags":{"historic":"memorial","memorial":"war_memorial","wikidata":"Q126181978"}},"geometry":{"type":"Point","coordinates":[8.9483141,44.4290975]}},{"type":"Feature","properties":{"name":"Ai caduti istriani","category":"Luogo della memoria","group":"Da visitare","subtype":"memorial","priority":3,"osm_id":"1702576476","tags":{"historic":"memorial","inscription":"Gli istriani fiumani e dalmati in memoria dei loro morti in pace e in guerra ovunque sepolti","wheelchair":"yes"}},"geometry":{"type":"Point","coordinates":[8.9488804,44.4289957]}},{"type":"Feature","properties":{"name":"Ai caduti nel corpo di Polizia Penitenziaria","category":"Luogo della memoria","group":"Da visitare","subtype":"memorial","priority":3,"osm_id":"1702576507","tags":{"historic":"memorial"}},"geometry":{"type":"Point","coordinates":[8.9490544,44.4292906]}},{"type":"Feature","properties":{"name":"Ai caduti sul lavoro","category":"Luogo della memoria","group":"Da visitare","subtype":"memorial","priority":3,"osm_id":"1702576493","tags":{"historic":"memorial"}},"geometry":{"type":"Point","coordinates":[8.948584,44.4290874]}},{"type":"Feature","properties":{"name":"Ai Carabinieri caduti","category":"Luogo della memoria","group":"Da visitare","subtype":"memorial","priority":3,"osm_id":"1702600960","tags":{"historic":"memorial"}},"geometry":{"type":"Point","coordinates":[8.9487064,44.4290191]}},{"type":"Feature","properties":{"name":"Ai carristi caduti per la Patria","category":"Luogo della memoria","group":"Da visitare","subtype":"memorial","priority":3,"osm_id":"1702576512","tags":{"historic":"memorial"}},"geometry":{"type":"Point","coordinates":[8.9490459,44.4291006]}},{"type":"Feature","properties":{"name":"Ai giornalisti caduti","category":"Luogo della memoria","group":"Da visitare","subtype":"memorial","priority":3,"osm_id":"9434246400","tags":{"historic":"memorial","inscription":"Nel XXX° dell'Unità giornale dei lavoratori e del popolo ricordiamo coloro che nell'8 settembre 1943 qui diedero alle stampe \\","material":"marble","memorial":"plaque"}},"geometry":{"type":"Point","coordinates":[8.9042514,44.4959779]}},{"type":"Feature","properties":{"name":"Ai lavoratori deportati, caduti, perseguitati","category":"Luogo della memoria","group":"Da visitare","subtype":"memorial","priority":3,"osm_id":"7541439145","tags":{"historic":"memorial","inscription":"Una preghiera per i lavoratori delle fabbriche genovesi caduti, deportati, perseguitati nel periodo 1943-1945. Le A.C.L.I. genovesi nel XXX della Resistenza","material":"marble","memorial":"plaque","start_date":"1975"}},"geometry":{"type":"Point","coordinates":[8.8778472,44.4266367]}},{"type":"Feature","properties":{"name":"Ai liguri volontari in guerra","category":"Luogo della memoria","group":"Da visitare","subtype":"memorial","priority":3,"osm_id":"1702576477","tags":{"historic":"memorial"}},"geometry":{"type":"Point","coordinates":[8.9488474,44.4289993]}},{"type":"Feature","properties":{"name":"Ai paracadutisti italiani","category":"Luogo della memoria","group":"Da visitare","subtype":"memorial","priority":3,"osm_id":"1702576509","tags":{"historic":"memorial"}},"geometry":{"type":"Point","coordinates":[8.9490281,44.4291564]}},{"type":"Feature","properties":{"name":"Ai partigiani Agostino Luigi e Pedemonte Guido","category":"Luogo della memoria","group":"Da visitare","subtype":"memorial","priority":3,"osm_id":"9461164835","tags":{"historic":"memorial","inscription":"Deportati in Germania non tornarono dai lager nazifascisti il popolo di Pontedecimo nel decennale della Resistenza li ricorda [...]","material":"marble","memorial":"plaque"}},"geometry":{"type":"Point","coordinates":[8.9037932,44.5007414]}},{"type":"Feature","properties":{"name":"Ai partigiani caduti","category":"Luogo della memoria","group":"Da visitare","subtype":"memorial","priority":3,"osm_id":"3959250000","tags":{"historic":"memorial","memorial":"plaque"}},"geometry":{"type":"Point","coordinates":[8.9002307,44.4861116]}},{"type":"Feature","properties":{"name":"Ai partigiani caduti","category":"Luogo della memoria","group":"Da visitare","subtype":"memorial","priority":3,"osm_id":"4468747325","tags":{"historic":"memorial","memorial":"plaque"}},"geometry":{"type":"Point","coordinates":[8.9013434,44.4592103]}},{"type":"Feature","properties":{"name":"Ai partigiani caduti","category":"Luogo della memoria","group":"Da visitare","subtype":"memorial","priority":3,"osm_id":"4493068713","tags":{"historic":"memorial","memorial":"plaque","start_date":"1986-04-25"}},"geometry":{"type":"Point","coordinates":[8.8795576,44.4402793]}},{"type":"Feature","properties":{"name":"Ai partigiani caduti","category":"Luogo della memoria","group":"Da visitare","subtype":"memorial","priority":3,"osm_id":"6131005369","tags":{"historic":"memorial","indoor":"yes","location":"indoor","memorial":"plaque"}},"geometry":{"type":"Point","coordinates":[8.9047133,44.4924119]}},{"type":"Feature","properties":{"name":"Ai partigiani caduti","category":"Luogo della memoria","group":"Da visitare","subtype":"memorial","priority":3,"osm_id":"6131005377","tags":{"historic":"memorial","memorial":"plaque"}},"geometry":{"type":"Point","coordinates":[8.9049884,44.4928737]}},{"type":"Feature","properties":{"name":"Ai partigiani caduti","category":"Luogo della memoria","group":"Da visitare","subtype":"memorial","priority":3,"osm_id":"9461164953","tags":{"historic":"memorial","material":"marble","memorial":"plaque"}},"geometry":{"type":"Point","coordinates":[8.9029996,44.4997067]}},{"type":"Feature","properties":{"name":"Ai partigiani caduti","category":"Luogo della memoria","group":"Da visitare","subtype":"memorial","priority":3,"osm_id":"9822989252","tags":{"historic":"memorial","material":"marble","memorial":"plaque"}},"geometry":{"type":"Point","coordinates":[8.9034521,44.4975936]}},{"type":"Feature","properties":{"name":"Ai partigiani caduti","category":"Luogo della memoria","group":"Da visitare","subtype":"memorial","priority":3,"osm_id":"10289731807","tags":{"historic":"memorial","inscription":"Uomo che qui operi ricorda accettammo per noi la sera perchè il sole della libertà e della giustizia risplendesse sempre sul tuo lavoro - Dellepiane Francesco / Calcagno Adriano / Frediani Amerigo [...]","material":"marble","memorial":"plaque","start_date":"1973-04-20","support":"wall_mounted"}},"geometry":{"type":"Point","coordinates":[8.9023695,44.4922121]}},{"type":"Feature","properties":{"name":"Ai partigiani caduti di Ansaldo San Giorgio","category":"Luogo della memoria","group":"Da visitare","subtype":"memorial","priority":3,"osm_id":"6596856557","tags":{"historic":"memorial","inscription":"L'Ansaldo-S. Giorgio ai caduti per la libertà [seguono nomi]","material":"marble","memorial":"war_memorial","start_date":"1953"}},"geometry":{"type":"Point","coordinates":[8.8629902,44.4251294]}},{"type":"Feature","properties":{"name":"Ai partigiani Piero Frangioni e Pietro Ratto","category":"Luogo della memoria","group":"Da visitare","subtype":"memorial","priority":3,"osm_id":"4559731753","tags":{"historic":"memorial","memorial":"plaque"}},"geometry":{"type":"Point","coordinates":[8.9045338,44.4700672]}},{"type":"Feature","properties":{"name":"Al partigiano Giuseppe Frassinello","category":"Luogo della memoria","group":"Da visitare","subtype":"memorial","priority":3,"osm_id":"4470203884","tags":{"historic":"memorial","memorial":"plaque","start_date":"2002"}},"geometry":{"type":"Point","coordinates":[8.8989774,44.4746448]}},{"type":"Feature","properties":{"name":"Aldo Gastaldi","category":"Luogo della memoria","group":"Da visitare","subtype":"memorial","priority":3,"osm_id":"5795656806","tags":{"alt_name":"Partigiano Bisagno","historic":"memorial","inscription":"Aldo Gastaldi medaglia d'oro comandante della divisione Cichero - A Bisagno che ci ha dato la fiducia di combattere per un'Italia migliore - 1943 - 1945","memorial":"bust","subject:wikipedia":"it:Aldo Gastaldi"}},"geometry":{"type":"Point","coordinates":[8.9384468,44.4095583]}},{"type":"Feature","properties":{"name":"Alessandro Natta","category":"Luogo della memoria","group":"Da visitare","subtype":"memorial","priority":3,"osm_id":"11598871650","tags":{"historic":"memorial","inscription":"On. prof. Alessandro Natta eletto per il P.C.I. al parlamento italiano dal 1946 al 1991 Oneglia, 7 Gennaio 1918 Imperia, 23 Maggio 2001","memorial":"sculpture","subject:wikidata":"Q1737249","subject:wikipedia":"it:Alessandro Natta"}},"geometry":{"type":"Point","coordinates":[8.04482,43.8865331]}},{"type":"Feature","properties":{"name":"Alla memoria dei giovani partigiani","category":"Luogo della memoria","group":"Da visitare","subtype":"memorial","priority":3,"osm_id":"13494999080","tags":{"historic":"memorial","inscription":"Alla memoria dei giovani  Aldo Picco,  Francesco Fiorito, Romeo Scapini.","material":"stone","memorial":"plaque"}},"geometry":{"type":"Point","coordinates":[8.4677704,44.3198995]}},{"type":"Feature","properties":{"name":"Allegoria della Vittoria","category":"Luogo della memoria","group":"Da visitare","subtype":"memorial","priority":3,"osm_id":"13982277029","tags":{"addr:city":"Mignanego","addr:country":"IT","addr:postcode":"16018","addr:province":"GE","addr:street":"Via 4 Novembre","artist_name":"Luigi Brizzolara","historic":"memorial","inscription":"O MADONNA DELLA PACE/ ACCOGLI E PROTEGGI FRA LA GUARDIA E LA VITTORIA/ I MORTI PER LA PATRIA/ E BENEDICI NELL'AVVENIRE D'ITALIA/ IL LORO SACRIFICIO CRUENTO/ PEI CADUTI IL COMUNE DI MIGNANEGO/ 1915-1918","material":"marble","memorial":"statue","ref:iccd":"0700262811","start_date":"1918"}},"geometry":{"type":"Point","coordinates":[8.9414536,44.5405119]}},{"type":"Feature","properties":{"name":"Alpini Caduti","category":"Luogo della memoria","group":"Da visitare","subtype":"memorial","priority":3,"osm_id":"8388457305","tags":{"historic":"memorial","memorial":"plaque"}},"geometry":{"type":"Point","coordinates":[7.6848118,43.9628073]}},{"type":"Feature","properties":{"name":"Andora ai martiri della libertà","category":"Luogo della memoria","group":"Da visitare","subtype":"memorial","priority":3,"osm_id":"12912015896","tags":{"historic":"memorial","material":"metal","memorial":"plaque","panoramax":"1414bcc9-8afe-4170-88fc-6d0cde0b26ec","wikimedia_commons":"File:Andora al martiri della libertà.jpg"}},"geometry":{"type":"Point","coordinates":[8.1492228,43.9523443]}},{"type":"Feature","properties":{"name":"Andrea Doria","category":"Luogo della memoria","group":"Da visitare","subtype":"memorial","priority":3,"osm_id":"6366090908","tags":{"historic":"memorial","memorial":"statue","subject:wikipedia":"it:Andrea Doria"}},"geometry":{"type":"Point","coordinates":[8.9373605,44.4103812]}},{"type":"Feature","properties":{"name":"Andrea Rossi Pilota dei Mille","category":"Luogo della memoria","group":"Da visitare","subtype":"memorial","priority":3,"osm_id":"8437650462","tags":{"historic":"memorial","memorial":"bust"}},"geometry":{"type":"Point","coordinates":[8.0831926,43.9092201]}},{"type":"Feature","properties":{"name":"Antonio Burlando","category":"Luogo della memoria","group":"Da visitare","subtype":"memorial","priority":3,"osm_id":"6327563125","tags":{"historic":"memorial","inscription":"Al Colonello Antonio Burlando che fu dei Mille - I suoi compagni nelle armi da Varese a Mentana","memorial":"bust","start_date":"1895-11-22","support":"pole"}},"geometry":{"type":"Point","coordinates":[8.9374295,44.4110748]}},{"type":"Feature","properties":{"name":"Antonio Mosto","category":"Luogo della memoria","group":"Da visitare","subtype":"memorial","priority":3,"osm_id":"6327563123","tags":{"historic":"memorial","inscription":"Al Colonello Antonio Mosto I Genovesi - Auspice La Confederazione Operaia | 1894","memorial":"bust","start_date":"1894","support":"pole"}},"geometry":{"type":"Point","coordinates":[8.9373189,44.4110126]}},{"type":"Feature","properties":{"name":"Aurelio Saffi","category":"Luogo della memoria","group":"Da visitare","subtype":"memorial","priority":3,"osm_id":"6327563124","tags":{"historic":"memorial","inscription":"Al patriota Aurelio Saffi I Genovesi - Auspice Il Circolo G. Mazzini | X aprile MDCCCLXXXI","memorial":"bust","start_date":"1881-04-10","support":"pole"}},"geometry":{"type":"Point","coordinates":[8.9372579,44.410968]}},{"type":"Feature","properties":{"name":"Bartolomeo Borelli","category":"Luogo della memoria","group":"Da visitare","subtype":"memorial","priority":3,"osm_id":"13352038624","tags":{"historic":"memorial","memorial":"bust","subject":"Bartolomeo Borelli","subject:wikipedia":"it:Bartolomeo Borelli"}},"geometry":{"type":"Point","coordinates":[7.9148582,44.0469508]}},{"type":"Feature","properties":{"name":"Caduti 1915-1918","category":"Luogo della memoria","group":"Da visitare","subtype":"memorial","priority":3,"osm_id":"13383166956","tags":{"historic":"memorial","inscription":"VEZZANO AI VALOROSI SUOI FIGLI\nIMMOLATISI PER LA GRANDEZZA\nED UNITA' DELLA PATRIA","material":"bronze","memorial":"plaque"}},"geometry":{"type":"Point","coordinates":[9.8844171,44.1413534]}},{"type":"Feature","properties":{"name":"Caduti della Resistenza","category":"Luogo della memoria","group":"Da visitare","subtype":"memorial","priority":3,"osm_id":"2154400870","tags":{"historic":"memorial","memorial":"plaque"}},"geometry":{"type":"Point","coordinates":[9.8953391,44.1887058]}},{"type":"Feature","properties":{"name":"Caduti della Resistenza","category":"Luogo della memoria","group":"Da visitare","subtype":"memorial","priority":3,"osm_id":"13423412343","tags":{"historic":"memorial","memorial":"plaque"}},"geometry":{"type":"Point","coordinates":[9.8952446,44.1873661]}},{"type":"Feature","properties":{"name":"Caduti della Resistenza e Deportati","category":"Luogo della memoria","group":"Da visitare","subtype":"memorial","priority":3,"osm_id":"13383079672","tags":{"historic":"memorial","material":"marble","memorial":"plaque"}},"geometry":{"type":"Point","coordinates":[9.8845019,44.1413642]}},{"type":"Feature","properties":{"name":"Caduti di Digione","category":"Luogo della memoria","group":"Da visitare","subtype":"memorial","priority":3,"osm_id":"2501733191","tags":{"historic":"memorial"}},"geometry":{"type":"Point","coordinates":[8.9327894,44.4005061]}},{"type":"Feature","properties":{"name":"Caduti di Migliarina","category":"Luogo della memoria","group":"Da visitare","subtype":"memorial","priority":3,"osm_id":"13470757739","tags":{"historic":"memorial","memorial":"plaque"}},"geometry":{"type":"Point","coordinates":[9.846212,44.125723]}},{"type":"Feature","properties":{"name":"Caduti di San Venerio","category":"Luogo della memoria","group":"Da visitare","subtype":"memorial","priority":3,"osm_id":"13383115014","tags":{"historic":"memorial","memorial":"plaque"}},"geometry":{"type":"Point","coordinates":[9.8638209,44.1278564]}},{"type":"Feature","properties":{"name":"Caduti francesi della II Guerra d'Indipendenza","category":"Luogo della memoria","group":"Da visitare","subtype":"memorial","priority":3,"osm_id":"10827041195","tags":{"historic":"memorial","inscription":"Sacri alla posterità i nomi dei prodi francesi alleati che sui campi vittoriosi dell'italica indipendenza feriti a morte nel 1859","material":"stone","memorial":"war_memorial","start_date":"1859"}},"geometry":{"type":"Point","coordinates":[8.4809264,44.3074195]}},{"type":"Feature","properties":{"name":"Caduti Grande Guerra","category":"Luogo della memoria","group":"Da visitare","subtype":"memorial","priority":3,"osm_id":"5488491294","tags":{"historic":"memorial","inscription":"Perchè la luce del vostro sacrificio o figli caduti per la Patria rifulga perenne nei cuori","memorial":"war_memorial","wheelchair":"yes"}},"geometry":{"type":"Point","coordinates":[8.514063,44.3301733]}},{"type":"Feature","properties":{"name":"Caduti per la Libertà","category":"Luogo della memoria","group":"Da visitare","subtype":"memorial","priority":3,"osm_id":"13311175699","tags":{"historic":"memorial","memorial":"plaque"}},"geometry":{"type":"Point","coordinates":[9.8866868,44.0947899]}},{"type":"Feature","properties":{"name":"Carlo Malinverni","category":"Luogo della memoria","group":"Da visitare","subtype":"memorial","priority":3,"osm_id":"5916000112","tags":{"historic":"memorial","inscription":"Carlo Malinverni Poeta Genovese - I concittadini auspici la Cassa di Risparmio di Genova e la Compagna","memorial":"statue","start_date":"1938-01"}},"geometry":{"type":"Point","coordinates":[8.9371634,44.4119045]}},{"type":"Feature","properties":{"name":"Cippo a Cattaronchieri, Paita, Pietrapiana e Pieracci","category":"Luogo della memoria","group":"Da visitare","subtype":"memorial","priority":3,"osm_id":"13304393857","tags":{"historic":"memorial","memorial":"war_memorial"}},"geometry":{"type":"Point","coordinates":[9.861371,44.165275]}},{"type":"Feature","properties":{"name":"Cippo ai caduti della Grande Guerra","category":"Luogo della memoria","group":"Da visitare","subtype":"memorial","priority":3,"osm_id":"13857668464","tags":{"historic":"memorial","memorial":"stele","website":"https://www.pietredellamemoria.it/pietre/cippo-in-memoria-dei-caduti-della-grande-guerra-di-tonno-e-casaleggio-valbrevenna/"}},"geometry":{"type":"Point","coordinates":[9.1163972,44.572632]}},{"type":"Feature","properties":{"name":"Cippo ai Martiri del Turchino","category":"Luogo della memoria","group":"Da visitare","subtype":"memorial","priority":3,"osm_id":"9240401053","tags":{"historic":"memorial","inscription":"La Provincia di Genova a perenne ricordo dei Martiri del Turchino trucidati il 19 maggio 1944","memorial":"plaque"}},"geometry":{"type":"Point","coordinates":[8.7348194,44.4853092]}},{"type":"Feature","properties":{"name":"Cippo ai partigiani trucidati in Valloria","category":"Luogo della memoria","group":"Da visitare","subtype":"memorial","priority":3,"osm_id":"7113870785","tags":{"artist_name":"Giorgio Gatti","historic":"memorial","inscription":"gli italiani ricordino in Valloria all'alba del 5 aprile 1944 tredici carcerati politici furono condotti alla morte due scariche di fucileria nel silenzio mattutino","material":"stone","memorial":"war_memorial","start_date":"1945"}},"geometry":{"type":"Point","coordinates":[8.492488,44.3207116]}},{"type":"Feature","properties":{"name":"Cippo in ricordo dei Caduti della zona di via Napoli","category":"Luogo della memoria","group":"Da visitare","subtype":"memorial","priority":3,"osm_id":"13913771070","tags":{"addr:city":"Genova","addr:country":"IT","addr:postcode":"16136","addr:street":"Via Gaeta","historic":"memorial","material":"marble","memorial":"war_memorial","memorial:type":"stele","start_date":"1963-09-08"}},"geometry":{"type":"Point","coordinates":[8.9208785,44.4238336]}},{"type":"Feature","properties":{"name":"Cippo memoriale partigiani","category":"Luogo della memoria","group":"Da visitare","subtype":"memorial","priority":3,"osm_id":"5777065264","tags":{"historic":"memorial","memorial":"war_memorial"}},"geometry":{"type":"Point","coordinates":[8.4050674,44.2611447]}},{"type":"Feature","properties":{"name":"Cippo partigiani","category":"Luogo della memoria","group":"Da visitare","subtype":"memorial","priority":3,"osm_id":"1980527689","tags":{"historic":"memorial"}},"geometry":{"type":"Point","coordinates":[8.4327711,44.2491403]}},{"type":"Feature","properties":{"name":"Cippo partigiano","category":"Luogo della memoria","group":"Da visitare","subtype":"memorial","priority":3,"osm_id":"2609113371","tags":{"description":"Luogo dell'eccidio del 29/11/1944","historic":"memorial"}},"geometry":{"type":"Point","coordinates":[8.1467018,44.2906846]}},{"type":"Feature","properties":{"name":"Cippo Partigiano Ines Negri","category":"Luogo della memoria","group":"Da visitare","subtype":"memorial","priority":3,"osm_id":"5575427619","tags":{"historic":"memorial","inscription":"Il 16/8/1944 in questa zona cadde per la rovina dei tiranni per la pace fra i popoli liberi la partigina Ines Negri n. l' 8/10/1916 passante sosta medita - opera a perenne memoria La sez. A.N.P.I. delle Albissole","memorial":"war_memorial","wheelchair":"yes","wikimedia_commons":"File:Ines negri.jpg"}},"geometry":{"type":"Point","coordinates":[8.5000129,44.331618]}},{"type":"Feature","properties":{"name":"Cippo Partigiano Lino Saettone","category":"Luogo della memoria","group":"Da visitare","subtype":"memorial","priority":3,"osm_id":"3895372713","tags":{"historic":"memorial","inscription":"Il 31/12/1944 qui cadde per la rovina dei tiranni per la pace fra i popoli liberi il partigiano Lino Saettone n. il 05/06/1923 passante sosta medita- opera a perenne memoria La sez. A.N.P.I. delle Albissole","memorial":"war_memorial","wheelchair":"yes"}},"geometry":{"type":"Point","coordinates":[8.5047706,44.333987]}},{"type":"Feature","properties":{"name":"Cittadini savonesi caduti per la Patria","category":"Luogo della memoria","group":"Da visitare","subtype":"memorial","priority":3,"osm_id":"10827041194","tags":{"historic":"memorial","inscription":"Dei cittadini savonesi che devoti alla grandezza della Patria diedero in battaglie memorabili il sangue","material":"stone","memorial":"war_memorial","start_date":"1897"}},"geometry":{"type":"Point","coordinates":[8.4809228,44.3074397]}},{"type":"Feature","properties":{"name":"Coronata ai suoi caduti","category":"Luogo della memoria","group":"Da visitare","subtype":"memorial","priority":3,"osm_id":"7541439144","tags":{"historic":"memorial","material":"marble","memorial":"plaque"}},"geometry":{"type":"Point","coordinates":[8.877864,44.4266305]}},{"type":"Feature","properties":{"name":"Cosio d'Arroscia ai suoi caduti per la patria","category":"Luogo della memoria","group":"Da visitare","subtype":"memorial","priority":3,"osm_id":"14077572310","tags":{"historic":"memorial","memorial":"war_memorial"}},"geometry":{"type":"Point","coordinates":[7.8314379,44.0758049]}},{"type":"Feature","properties":{"name":"Cristoforo Colombo","category":"Luogo della memoria","group":"Da visitare","subtype":"memorial","priority":3,"osm_id":"3561050857","tags":{"historic":"memorial","memorial":"sculpture"}},"geometry":{"type":"Point","coordinates":[8.6460737,44.389425]}},{"type":"Feature","properties":{"name":"Croce Caduti marinai Transylvania 1917","category":"Luogo della memoria","group":"Da visitare","subtype":"memorial","priority":3,"osm_id":"4039108071","tags":{"historic":"memorial","inscription":"Questa croce è posta in memoria dei gloriosi estinti e in testimonianza della gratitudine imperitura del popolo Britannico verso gli abitanti di questi lidi per il generoso soccorso ai superstiti","memorial":"war_memorial","start_date":"1922","wikidata":"Q1129773","wikipedia":"it:SS Transylvania (1914)"}},"geometry":{"type":"Point","coordinates":[8.4450085,44.2408966]}},{"type":"Feature","properties":{"name":"Divisione Alpina Cuneense","category":"Luogo della memoria","group":"Da visitare","subtype":"memorial","priority":3,"osm_id":"987067731","tags":{"artist_name":"Paolo Giallombardo","historic":"memorial","inscription":"Monumento ai caduti realizzato dal maestro Paolo Giallombardo","memorial":"war_memorial","start_date":"2016","wheelchair":"yes"}},"geometry":{"type":"Point","coordinates":[8.5045963,44.3316469]}},{"type":"Feature","properties":{"name":"Don Antonio Bellone","category":"Luogo della memoria","group":"Da visitare","subtype":"memorial","priority":3,"osm_id":"3349970392","tags":{"historic":"memorial","memorial":"statue"}},"geometry":{"type":"Point","coordinates":[8.0452546,43.888537]}},{"type":"Feature","properties":{"name":"Don G.B. Bobbio","category":"Luogo della memoria","group":"Da visitare","subtype":"memorial","priority":3,"osm_id":"9106056014","tags":{"historic":"memorial","inscription":"Medaglia d'Oro della Resistenza Parrocco di Valletti e cappellano della Divisione Garibaldina Coduri (...) Fucilato a Chiavari il 3-1-1945","memorial":"bust"}},"geometry":{"type":"Point","coordinates":[9.323572,44.316593]}},{"type":"Feature","properties":{"name":"Don Giovanni Bosco","category":"Luogo della memoria","group":"Da visitare","subtype":"memorial","priority":3,"osm_id":"10765733267","tags":{"historic":"memorial","memorial":"bust"}},"geometry":{"type":"Point","coordinates":[7.6443975,43.7843468]}},{"type":"Feature","properties":{"name":"Edmondo De Amicis","category":"Luogo della memoria","group":"Da visitare","subtype":"memorial","priority":3,"osm_id":"3316786073","tags":{"historic":"memorial","memorial":"statue"}},"geometry":{"type":"Point","coordinates":[8.0285848,43.8863395]}},{"type":"Feature","properties":{"name":"Felice Cascione","category":"Luogo della memoria","group":"Da visitare","subtype":"memorial","priority":3,"osm_id":"4226602457","tags":{"artist:wikidata":"Q3933042","artist_name":"Renzo Orvieto","historic":"memorial","memorial":"bust"}},"geometry":{"type":"Point","coordinates":[8.0211876,43.880545]}},{"type":"Feature","properties":{"name":"Fido","category":"Luogo della memoria","group":"Da visitare","subtype":"memorial","priority":3,"osm_id":"3610387991","tags":{"historic":"memorial","memorial":"statue"}},"geometry":{"type":"Point","coordinates":[9.1582093,44.3364966]}},{"type":"Feature","properties":{"name":"Formula polipropilene scoperto da Giulio Natta","category":"Luogo della memoria","group":"Da visitare","subtype":"memorial","priority":3,"osm_id":"11078100704","tags":{"historic":"memorial","memorial":"sculpture","start_date":"2013-12-10"}},"geometry":{"type":"Point","coordinates":[8.0411166,43.8909823]}},{"type":"Feature","properties":{"name":"Francesco da Camporosso","category":"Luogo della memoria","group":"Da visitare","subtype":"memorial","priority":3,"osm_id":"6419695443","tags":{"artist_name":"Carlo Rubatto","historic":"memorial","inscription":"Francesco da Camporosso laico cappuccino nato dai Croesi il 27 dicembre 1804 morto in Genova il 17 settembre 1866 [...]","memorial":"statue","start_date":"1891","subject:wikipedia":"it:Francesco Maria da Camporosso"}},"geometry":{"type":"Point","coordinates":[8.9373465,44.412204]}},{"type":"Feature","properties":{"name":"Francesco Raineri","category":"Luogo della memoria","group":"Da visitare","subtype":"memorial","priority":3,"osm_id":"12542402861","tags":{"historic":"memorial","material":"marble","memorial":"bust"}},"geometry":{"type":"Point","coordinates":[8.0131282,43.8739141]}},{"type":"Feature","properties":{"name":"Friederich von Kleudgen","category":"Luogo della memoria","group":"Da visitare","subtype":"memorial","priority":3,"osm_id":"13039886745","tags":{"artist:wikidata":"Q113562237","artist_name":"Roman Bilinski","historic":"memorial","material":"bronze","memorial":"bust","start_date":"1971"}},"geometry":{"type":"Point","coordinates":[7.6731254,43.7770774]}},{"type":"Feature","properties":{"name":"Giovanni Cioni partigiano","category":"Luogo della memoria","group":"Da visitare","subtype":"memorial","priority":3,"osm_id":"4031252670","tags":{"historic":"memorial","inscription":"Giovanni Cioni di anni 27 partigiano della montagna ucciso dai nazi fascisti il 7.2.45. (l'iscrizione segue con altro testo)","material":"marble"}},"geometry":{"type":"Point","coordinates":[9.1642027,44.3888831]}},{"type":"Feature","properties":{"name":"Giovanni Ruffini","category":"Luogo della memoria","group":"Da visitare","subtype":"memorial","priority":3,"osm_id":"4760494223","tags":{"historic":"memorial","inscription":"Giovanni Ruffini","memorial":"bust"}},"geometry":{"type":"Point","coordinates":[7.6732328,43.7773924]}},{"type":"Feature","properties":{"name":"Giuseppe Cesare Abba","category":"Luogo della memoria","group":"Da visitare","subtype":"memorial","priority":3,"osm_id":"6327563121","tags":{"historic":"memorial","inscription":"A G. Cesare Abba soldato e storico dei Mille","memorial":"bust","start_date":"1911-10-06","support":"pole"}},"geometry":{"type":"Point","coordinates":[8.9373256,44.4112023]}},{"type":"Feature","properties":{"name":"Giuseppe Garibaldi","category":"Luogo della memoria","group":"Da visitare","subtype":"memorial","priority":3,"osm_id":"1233344146","tags":{"historic":"memorial","inscription":"La Spezia a Garibaldi MCMXIII","mapillary":"1184907385281654","memorial":"statue","statue":"equestrian","subject:wikidata":"Q539","wikidata":"Q3862679","wikimedia_commons":"Category:Monument to Giuseppe Garibaldi (La Spezia)"}},"geometry":{"type":"Point","coordinates":[9.8227963,44.1023031]}},{"type":"Feature","properties":{"name":"Giuseppe Garibaldi","category":"Luogo della memoria","group":"Da visitare","subtype":"memorial","priority":3,"osm_id":"5948545388","tags":{"artist_name":"Santo Varni","historic":"memorial","inscription":"A perpetua onoranza di Giuseppe Garibaldi","material":"marble","memorial":"statue"}},"geometry":{"type":"Point","coordinates":[9.6555841,44.1465689]}},{"type":"Feature","properties":{"name":"Giuseppe Piana","category":"Luogo della memoria","group":"Da visitare","subtype":"memorial","priority":3,"osm_id":"13056050280","tags":{"historic":"memorial","memorial":"bust","subject:wikidata":"Q3770535","subject:wikipedia":"it:Giuseppe Ferdinando Piana"}},"geometry":{"type":"Point","coordinates":[7.6630256,43.7800201]}},{"type":"Feature","properties":{"name":"Guglielmo Embriaco","category":"Luogo della memoria","group":"Da visitare","subtype":"memorial","priority":3,"osm_id":"6366090909","tags":{"alt_name":"Guglielmo Embriaco Testadimaglio","historic":"memorial","memorial":"statue","subject:wikipedia":"it:Guglielmo Embriaco"}},"geometry":{"type":"Point","coordinates":[8.9374007,44.4104081]}},{"type":"Feature","properties":{"name":"Guido Rossa","category":"Luogo della memoria","group":"Da visitare","subtype":"memorial","priority":3,"osm_id":"5836119399","tags":{"historic":"memorial","memorial":"statue"}},"geometry":{"type":"Point","coordinates":[8.9365175,44.4073155]}},{"type":"Feature","properties":{"name":"I lavoratori ai camerati caduti sul lavoro","category":"Luogo della memoria","group":"Da visitare","subtype":"memorial","priority":3,"osm_id":"9385818072","tags":{"alt_name":"Ai caduti sul lavoro nella costruzione della Camionale","historic":"memorial","material":"stone","memorial":"war_memorial"}},"geometry":{"type":"Point","coordinates":[8.9020345,44.4117818]}},{"type":"Feature","properties":{"name":"In memoria dei caduti del CNL durante la Seconda Guerra Mondiale","category":"Luogo della memoria","group":"Da visitare","subtype":"memorial","priority":3,"osm_id":"6374136143","tags":{"historic":"memorial","material":"marble","memorial":"plaque"}},"geometry":{"type":"Point","coordinates":[8.8708504,44.4149497]}},{"type":"Feature","properties":{"name":"In memoria dei partigiani combattenti","category":"Luogo della memoria","group":"Da visitare","subtype":"memorial","priority":3,"osm_id":"13666912570","tags":{"historic":"memorial","material":"marble","memorial":"plaque","support":"wall_mounted"}},"geometry":{"type":"Point","coordinates":[9.1218879,44.4118423]}},{"type":"Feature","properties":{"name":"In memoria delle vittime della dittatura di Pinochet","category":"Luogo della memoria","group":"Da visitare","subtype":"memorial","priority":3,"osm_id":"6469345169","tags":{"historic":"memorial","inscription":"In onore e in memoria di Juan Angel Aguayo e Prospero del Carmen Guzman Soto vittime della dittatura di Pinochet","material":"metal","memorial":"plaque"}},"geometry":{"type":"Point","coordinates":[8.4321289,44.2871384]}},{"type":"Feature","properties":{"name":"In memoria di Saverio De Palo, caduto nella Seconda Guerra Mondiale","category":"Luogo della memoria","group":"Da visitare","subtype":"memorial","priority":3,"osm_id":"6374136142","tags":{"historic":"memorial","inscription":"In questa casa visse ed operò De Palo Saverio, caduto 20-12-1944 nella Guerra di Liberazione\n25 Aprile 1949\nA cura dell'ANPI","material":"marble","memorial":"plaque"}},"geometry":{"type":"Point","coordinates":[8.870814,44.4148966]}},{"type":"Feature","properties":{"name":"In ricordo dei ragazzi della guerra","category":"Luogo della memoria","group":"Da visitare","subtype":"memorial","priority":3,"osm_id":"13532037274","tags":{"historic":"memorial","material":"marble","memorial":"plaque"}},"geometry":{"type":"Point","coordinates":[9.1469977,44.3232999]}},{"type":"Feature","properties":{"name":"Italia","category":"Luogo della memoria","group":"Da visitare","subtype":"memorial","priority":3,"osm_id":"6394802146","tags":{"description":"Italia Turrita incorniciata e ornata da due cornucopie","historic":"memorial","inscription":"Italia libera Iddio lo vuole e lo sarà","memorial":"statue"}},"geometry":{"type":"Point","coordinates":[8.9318502,44.4086429]}},{"type":"Feature","properties":{"name":"José Martí","category":"Luogo della memoria","group":"Da visitare","subtype":"memorial","priority":3,"osm_id":"6385774634","tags":{"description":"Traduzione della poesia a cura di Edoardo Sanguineti","direction":"130","historic":"memorial","inscription":"Poeta cubano eroe nazionale - 1853 - 1895 Coltivo una bianca mia rosa d'estate come d'inverno per il mio amico fraterno [...]","material":"bronze","memorial":"stone","object:city":"Genova","object:street":"Viale Quattro Novembre","official_name":"José Julián Martí Pérez","start_date":"1988-11-05","subject:wikipedia":"it:José Martí","wikidata":"Q103285","wikipedia":"es:José Martí"}},"geometry":{"type":"Point","coordinates":[8.9387935,44.4091172]}},{"type":"Feature","properties":{"name":"Juan Pablo Duarte Díaz","category":"Luogo della memoria","group":"Da visitare","subtype":"memorial","priority":3,"osm_id":"8768248824","tags":{"historic":"memorial","material":"metal","memorial":"bust","start_date":"2019-10-11"}},"geometry":{"type":"Point","coordinates":[8.9452878,44.3962944]}},{"type":"Feature","properties":{"name":"L'Angelo di Piaggia","category":"Luogo della memoria","group":"Da visitare","subtype":"memorial","priority":3,"osm_id":"9178451889","tags":{"artwork_type":"sculpture","historic":"memorial","memorial":"sculpture","tourism":"artwork"}},"geometry":{"type":"Point","coordinates":[7.7482888,44.0847621]}},{"type":"Feature","properties":{"name":"La Resistenza vive e continua","category":"Luogo della memoria","group":"Da visitare","subtype":"memorial","priority":3,"osm_id":"4352201022","tags":{"artist_name":"Benedetto Bignole - Martin -","artwork_type":"statue","historic":"memorial","inscription":"della libertà e della pace e del progresso conquistato con la Resistenza","memorial":"war_memorial","start_date":"1979","tourism":"artwork","wheelchair":"yes"}},"geometry":{"type":"Point","coordinates":[8.4668434,44.3209256]}},{"type":"Feature","properties":{"name":"Lapide ai Caduti di Valeriano","category":"Luogo della memoria","group":"Da visitare","subtype":"memorial","priority":3,"osm_id":"13304433099","tags":{"historic":"memorial","memorial":"plaque"}},"geometry":{"type":"Point","coordinates":[9.8554425,44.1491293]}},{"type":"Feature","properties":{"name":"Lapide ai martiri di Rocca dei Corvi","category":"Luogo della memoria","group":"Da visitare","subtype":"memorial","priority":3,"osm_id":"13191037873","tags":{"historic":"memorial","inscription":"Contro la furia nazi fascista caddero per la libertà d'Italia Giuffrida Graziella Macciò Sebastiano Valle Giancarlo Cotella Daniele Savoldelli Andrea. Decennale della resistenza. 1944-1954","material":"marble","memorial":"plaque","start_date":"1954","support":"wall_mounted"}},"geometry":{"type":"Point","coordinates":[8.8889968,44.4470506]}},{"type":"Feature","properties":{"name":"Lapide commemorativa ai caduti della prima guerra mondiale","category":"Luogo della memoria","group":"Da visitare","subtype":"memorial","priority":3,"osm_id":"5265569335","tags":{"historic":"memorial","inscription":"I nomi dei trentasette valorosi figli di una piccola terra e di gente tenace fanno questo marmo augusto di gloria testimoniando la romana virtu' dell'Italia nuova","memorial":"war_memorial","start_date":"1922"}},"geometry":{"type":"Point","coordinates":[8.5102687,44.3396655]}},{"type":"Feature","properties":{"name":"Lapide dei Partigiani","category":"Luogo della memoria","group":"Da visitare","subtype":"memorial","priority":3,"osm_id":"5141250350","tags":{"historic":"memorial"}},"geometry":{"type":"Point","coordinates":[8.5778132,44.5255949]}},{"type":"Feature","properties":{"name":"Lapide partigiana","category":"Luogo della memoria","group":"Da visitare","subtype":"memorial","priority":3,"osm_id":"3916064542","tags":{"historic":"memorial","memorial":"plaque"}},"geometry":{"type":"Point","coordinates":[8.8327013,44.5445713]}},{"type":"Feature","properties":{"name":"Lapide partigiana Giuseppe Gallesi","category":"Luogo della memoria","group":"Da visitare","subtype":"memorial","priority":3,"osm_id":"3953789383","tags":{"historic":"memorial","memorial":"stele"}},"geometry":{"type":"Point","coordinates":[8.8179331,44.5167452]}},{"type":"Feature","properties":{"name":"Lapide partigiani Galvani Gemello e Pinotti Silvano","category":"Luogo della memoria","group":"Da visitare","subtype":"memorial","priority":3,"osm_id":"3916106720","tags":{"historic":"memorial","memorial":"plaque"}},"geometry":{"type":"Point","coordinates":[8.8444971,44.443395]}},{"type":"Feature","properties":{"name":"Lapide partigiano Umberto Pini","category":"Luogo della memoria","group":"Da visitare","subtype":"memorial","priority":3,"osm_id":"3916110694","tags":{"historic":"memorial","memorial":"plaque"}},"geometry":{"type":"Point","coordinates":[8.9180487,44.4169042]}},{"type":"Feature","properties":{"name":"Lastra ai Caduti di Mignanego","category":"Luogo della memoria","group":"Da visitare","subtype":"memorial","priority":3,"osm_id":"1906565511","tags":{"addr:city":"Mignanego","addr:country":"IT","addr:postcode":"16018","addr:province":"GE","addr:street":"Via 4 Novembre","historic":"memorial","inscription":"CADUTI DI MIGNANEGO NELLA PRIMA GUERRA MONDIALE (elenco di 42 nomi) DONO DEGLI ALPINI DI MIGNANEGO","material":"marble","memorial":"plaque","start_date":"2013-11-04"}},"geometry":{"type":"Point","coordinates":[8.9414603,44.5404774]}},{"type":"Feature","properties":{"name":"Lastra commemorativa ai Carabinieri di Mignanego","category":"Luogo della memoria","group":"Da visitare","subtype":"memorial","priority":3,"osm_id":"13984775081","tags":{"addr:city":"Mignanego","addr:country":"IT","addr:postcode":"16018","addr:province":"GE","addr:street":"Via Croce Bianca","historic":"memorial","inscription":"Il tempo mai in eterno potrà cancellare l'estremo sacrificio delle giovani vite dei carabinieri di stanza a Mignanego. Fucilati a Voltaggio da nazifascisti nell'aprile 1944. Viandante fermati e rivolgi a loro un grato pensiero. Alla memoria.","material":"marble","memorial":"plaque","start_date":"1976-06-02"}},"geometry":{"type":"Point","coordinates":[8.928221,44.5434777]}},{"type":"Feature","properties":{"name":"Lastra commemorativa Brigata Partigiana Santo Poggi","category":"Luogo della memoria","group":"Da visitare","subtype":"memorial","priority":3,"osm_id":"13982396246","tags":{"addr:city":"Mignanego","addr:country":"IT","addr:postcode":"16018","addr:province":"GE","addr:street":"Via alla Vittoria","historic":"memorial","inscription":"BRIGATA PARTIGIANA SANTO POGGI DI SERRA RICCO' DONA QUESTO CANNONE CATTURATO AL TEDESCO INVASORE AL SANTUARIO DI N.S. DELLA VITTORIA MOSTRANDO CON CIO' LA FERMA VOLONTA' DI LIBERTA' PACE E INDIPENDENZA DEL POPOLO ITALIANO 25-4-1945","material":"marble","memorial":"plaque","start_date":"1945-04-25"}},"geometry":{"type":"Point","coordinates":[8.9555049,44.5443462]}},{"type":"Feature","properties":{"name":"Macina","category":"Luogo della memoria","group":"Da visitare","subtype":"memorial","priority":3,"osm_id":"9247970835","tags":{"historic":"memorial","memorial":"sculpture"}},"geometry":{"type":"Point","coordinates":[8.649637,44.3901841]}},{"type":"Feature","properties":{"name":"Madonna","category":"Luogo della memoria","group":"Da visitare","subtype":"memorial","priority":3,"osm_id":"7836625887","tags":{"historic":"memorial","memorial":"statue"}},"geometry":{"type":"Point","coordinates":[9.4499963,44.5452716]}},{"type":"Feature","properties":{"name":"Madonna del Boschetto","category":"Luogo della memoria","group":"Da visitare","subtype":"memorial","priority":3,"osm_id":"4272327225","tags":{"artist_name":"Balàzs Berzsenyi","historic":"memorial","inscription":"A periculis libera nos semper virgo gloriosa et benedicta - Sub tuum praesidium confugimus sancta dei genetrix","memorial":"statue","start_date":"2011-07"}},"geometry":{"type":"Point","coordinates":[9.1604907,44.3458115]}},{"type":"Feature","properties":{"name":"Madonna della Neve","category":"Luogo della memoria","group":"Da visitare","subtype":"memorial","priority":3,"osm_id":"12866145443","tags":{"historic":"memorial","memorial":"statue"}},"geometry":{"type":"Point","coordinates":[7.8264251,43.9164394]}},{"type":"Feature","properties":{"name":"Mahatma Gandhi","category":"Luogo della memoria","group":"Da visitare","subtype":"memorial","priority":3,"osm_id":"1476754127","tags":{"artist:wikidata":"Q23073082","artist_name":"Gautam Pal","historic":"memorial","material":"bronze","memorial":"statue","start_date":"2006","subject:wikidata":"Q1001","subject:wikipedia":"it:Mahatma Gandhi","wheelchair":"yes"}},"geometry":{"type":"Point","coordinates":[8.9264602,44.4076775]}},{"type":"Feature","properties":{"name":"Manuel Belgrano","category":"Luogo della memoria","group":"Da visitare","subtype":"memorial","priority":3,"osm_id":"3350042093","tags":{"historic":"memorial","material":"bronze","memorial":"bust"}},"geometry":{"type":"Point","coordinates":[8.0487631,43.8876458]}},{"type":"Feature","properties":{"name":"Maria Mazzini","category":"Luogo della memoria","group":"Da visitare","subtype":"memorial","priority":3,"osm_id":"6323587739","tags":{"historic":"memorial","memorial":"bust","support":"pole"}},"geometry":{"type":"Point","coordinates":[8.938023,44.4105393]}},{"type":"Feature","properties":{"name":"Martin Piaggio","category":"Luogo della memoria","group":"Da visitare","subtype":"memorial","priority":3,"osm_id":"5863973563","tags":{"historic":"memorial","inscription":"A Martin Piaggio poeta e mercante genovese - Canto dialetto natio glorie e costumi di Genova incitandola a conseguire novella opulenza - con l'obolo dei cittadini promotore il successo - 1904","memorial":"bust","subject:wikipedia":"it:Martin Piaggio"}},"geometry":{"type":"Point","coordinates":[8.9393775,44.4090486]}},{"type":"Feature","properties":{"name":"Martiri della Deportazione","category":"Luogo della memoria","group":"Da visitare","subtype":"memorial","priority":3,"osm_id":"5436900739","tags":{"historic":"memorial","inscription":"In memoria degli otre 1500 savonesi caduti vittime della barbaria nazista","memorial":"plaque"}},"geometry":{"type":"Point","coordinates":[8.4711537,44.3191985]}},{"type":"Feature","properties":{"name":"Martiri della FLAGE","category":"Luogo della memoria","group":"Da visitare","subtype":"memorial","priority":3,"osm_id":"13470674385","tags":{"historic":"memorial","memorial":"plaque"}},"geometry":{"type":"Point","coordinates":[9.8445203,44.1244195]}},{"type":"Feature","properties":{"name":"Mausoleo di Sir Thomas Hanbury","category":"Luogo della memoria","group":"Da visitare","subtype":"memorial","priority":3,"osm_id":"13236850825","tags":{"historic":"memorial","memorial":"war_memorial"}},"geometry":{"type":"Point","coordinates":[7.5549822,43.7827912]}},{"type":"Feature","properties":{"name":"Memoria ai caduti","category":"Luogo della memoria","group":"Da visitare","subtype":"memorial","priority":3,"osm_id":"3602653382","tags":{"historic":"memorial","memorial":"sculpture"}},"geometry":{"type":"Point","coordinates":[8.3252012,44.2194063]}},{"type":"Feature","properties":{"name":"Memoria ai Caduti","category":"Luogo della memoria","group":"Da visitare","subtype":"memorial","priority":3,"osm_id":"4426739698","tags":{"historic":"memorial"}},"geometry":{"type":"Point","coordinates":[8.9458864,44.4703547]}},{"type":"Feature","properties":{"name":"memoria ai partigiani caduti","category":"Luogo della memoria","group":"Da visitare","subtype":"memorial","priority":3,"osm_id":"228960370","tags":{"historic":"memorial"}},"geometry":{"type":"Point","coordinates":[9.1416368,44.5279124]}},{"type":"Feature","properties":{"name":"Memoria caduti","category":"Luogo della memoria","group":"Da visitare","subtype":"memorial","priority":3,"osm_id":"1572028401","tags":{"description":"Cambiaso Giacomo - caduti per la liberta 1944","historic":"memorial"}},"geometry":{"type":"Point","coordinates":[8.3676347,44.2115163]}},{"type":"Feature","properties":{"name":"Memoria caduti","category":"Luogo della memoria","group":"Da visitare","subtype":"memorial","priority":3,"osm_id":"3087845263","tags":{"historic":"memorial"}},"geometry":{"type":"Point","coordinates":[8.4344742,44.2460056]}},{"type":"Feature","properties":{"name":"Memoria caduti","category":"Luogo della memoria","group":"Da visitare","subtype":"memorial","priority":3,"osm_id":"3438028366","tags":{"historic":"memorial"}},"geometry":{"type":"Point","coordinates":[8.4154112,44.2917956]}},{"type":"Feature","properties":{"name":"Memoria caduti","category":"Luogo della memoria","group":"Da visitare","subtype":"memorial","priority":3,"osm_id":"3463582168","tags":{"historic":"memorial","material":"stone","memorial":"stele"}},"geometry":{"type":"Point","coordinates":[8.3193781,44.1826249]}},{"type":"Feature","properties":{"name":"Memoria Caduti","category":"Luogo della memoria","group":"Da visitare","subtype":"memorial","priority":3,"osm_id":"3867423197","tags":{"historic":"memorial","memorial":"plaque","wheelchair":"limited"}},"geometry":{"type":"Point","coordinates":[8.5746386,44.3595784]}},{"type":"Feature","properties":{"name":"Memoria Caduti 12 Agosto 1944","category":"Luogo della memoria","group":"Da visitare","subtype":"memorial","priority":3,"osm_id":"2919432005","tags":{"historic":"memorial"}},"geometry":{"type":"Point","coordinates":[8.4444547,44.3171505]}},{"type":"Feature","properties":{"name":"Memoria partigiani","category":"Luogo della memoria","group":"Da visitare","subtype":"memorial","priority":3,"osm_id":"3422120739","tags":{"historic":"memorial"}},"geometry":{"type":"Point","coordinates":[8.4606204,44.3139536]}},{"type":"Feature","properties":{"name":"Memoria partigiani","category":"Luogo della memoria","group":"Da visitare","subtype":"memorial","priority":3,"osm_id":"3433947070","tags":{"historic":"memorial"}},"geometry":{"type":"Point","coordinates":[8.4046635,44.2568145]}},{"type":"Feature","properties":{"name":"Memoria partigiani","category":"Luogo della memoria","group":"Da visitare","subtype":"memorial","priority":3,"osm_id":"3670836045","tags":{"historic":"memorial"}},"geometry":{"type":"Point","coordinates":[8.4096261,44.2904622]}},{"type":"Feature","properties":{"name":"Memoria vittime eccidio nazista","category":"Luogo della memoria","group":"Da visitare","subtype":"memorial","priority":3,"osm_id":"6356589635","tags":{"historic":"memorial"}},"geometry":{"type":"Point","coordinates":[7.9958314,44.0063958]}},{"type":"Feature","properties":{"name":"Memoriale ai Caduti","category":"Luogo della memoria","group":"Da visitare","subtype":"memorial","priority":3,"osm_id":"8493122485","tags":{"historic":"memorial","memorial":"war_memorial"}},"geometry":{"type":"Point","coordinates":[9.8367949,44.0648187]}},{"type":"Feature","properties":{"name":"Memoriale ai Caduti per la Libertà di Rebocco","category":"Luogo della memoria","group":"Da visitare","subtype":"memorial","priority":3,"osm_id":"4936122621","tags":{"historic":"memorial","memorial":"plaque"}},"geometry":{"type":"Point","coordinates":[9.8037535,44.1098036]}},{"type":"Feature","properties":{"name":"Memoriale caduti","category":"Luogo della memoria","group":"Da visitare","subtype":"memorial","priority":3,"osm_id":"8950739393","tags":{"historic":"memorial","material":"stone"}},"geometry":{"type":"Point","coordinates":[8.4131586,44.4901077]}},{"type":"Feature","properties":{"name":"Memoriale caduti","category":"Luogo della memoria","group":"Da visitare","subtype":"memorial","priority":3,"osm_id":"8950739394","tags":{"historic":"memorial","material":"stone"}},"geometry":{"type":"Point","coordinates":[8.4131274,44.4901414]}},{"type":"Feature","properties":{"name":"Memoriale degli Alpini Caduti","category":"Luogo della memoria","group":"Da visitare","subtype":"memorial","priority":3,"osm_id":"1730414200","tags":{"historic":"memorial"}},"geometry":{"type":"Point","coordinates":[8.9440778,44.3997235]}},{"type":"Feature","properties":{"name":"Memoriale resistenza","category":"Luogo della memoria","group":"Da visitare","subtype":"memorial","priority":3,"osm_id":"4348367827","tags":{"historic":"memorial"}},"geometry":{"type":"Point","coordinates":[9.2707625,44.5484583]}},{"type":"Feature","properties":{"name":"Mike Bongiorno","category":"Luogo della memoria","group":"Da visitare","subtype":"memorial","priority":3,"osm_id":"9701451535","tags":{"historic":"memorial","inscription":"MIKE BONGIORNO","memorial":"statue","start_date":"2013-02-15"}},"geometry":{"type":"Point","coordinates":[7.776101,43.8168326]}},{"type":"Feature","properties":{"name":"Milite Ignoto","category":"Luogo della memoria","group":"Da visitare","subtype":"memorial","priority":3,"osm_id":"2631840858","tags":{"historic":"memorial","memorial":"war_memorial"}},"geometry":{"type":"Point","coordinates":[7.6081616,43.7894213]}},{"type":"Feature","properties":{"name":"Monte Grappa - Termopili d'Italia","category":"Luogo della memoria","group":"Da visitare","subtype":"memorial","priority":3,"osm_id":"6068302775","tags":{"historic":"memorial","inscription":"Sul colle che fu ara di martiri questo masso del Monte Grappa dica nei secoli la gloria delle termopili d'Italia","memorial":"war_memorial","start_date":"1920"}},"geometry":{"type":"Point","coordinates":[8.9365733,44.3984825]}},{"type":"Feature","properties":{"name":"Monumenti ai Caduti","category":"Luogo della memoria","group":"Da visitare","subtype":"memorial","priority":3,"osm_id":"1735810618","tags":{"historic":"memorial","material":"metal","memorial":"statue"}},"geometry":{"type":"Point","coordinates":[9.7079822,44.1199127]}},{"type":"Feature","properties":{"name":"Monumento 13 Martiri","category":"Luogo della memoria","group":"Da visitare","subtype":"memorial","priority":3,"osm_id":"8886813153","tags":{"historic":"memorial"}},"geometry":{"type":"Point","coordinates":[8.7149303,44.5089336]}},{"type":"Feature","properties":{"name":"Monumento agli Alpini","category":"Luogo della memoria","group":"Da visitare","subtype":"memorial","priority":3,"osm_id":"5390836023","tags":{"historic":"memorial","memorial":"war_memorial"}},"geometry":{"type":"Point","coordinates":[8.9009752,44.518902]}},{"type":"Feature","properties":{"name":"Monumento ai Caduti","category":"Luogo della memoria","group":"Da visitare","subtype":"memorial","priority":3,"osm_id":"454390323","tags":{"historic":"memorial"}},"geometry":{"type":"Point","coordinates":[7.7605729,43.9933761]}},{"type":"Feature","properties":{"name":"Monumento ai Caduti","category":"Luogo della memoria","group":"Da visitare","subtype":"memorial","priority":3,"osm_id":"602511002","tags":{"historic":"memorial","memorial":"war_memorial","wheelchair":"yes","wikidata":"Q56419050"}},"geometry":{"type":"Point","coordinates":[8.4791616,44.3083863]}},{"type":"Feature","properties":{"name":"Monumento ai caduti","category":"Luogo della memoria","group":"Da visitare","subtype":"memorial","priority":3,"osm_id":"939655126","tags":{"historic":"memorial","memorial":"statue"}},"geometry":{"type":"Point","coordinates":[8.647367,44.3896623]}},{"type":"Feature","properties":{"name":"Monumento ai caduti","category":"Luogo della memoria","group":"Da visitare","subtype":"memorial","priority":3,"osm_id":"1130294188","tags":{"historic":"memorial","memorial":"war_memorial"}},"geometry":{"type":"Point","coordinates":[8.2956186,44.2901262]}},{"type":"Feature","properties":{"name":"Monumento ai Caduti","category":"Luogo della memoria","group":"Da visitare","subtype":"memorial","priority":3,"osm_id":"1694966743","tags":{"historic":"memorial","memorial":"war_memorial"}},"geometry":{"type":"Point","coordinates":[8.9486059,44.4228661]}},{"type":"Feature","properties":{"name":"Monumento ai caduti","category":"Luogo della memoria","group":"Da visitare","subtype":"memorial","priority":3,"osm_id":"3316786074","tags":{"historic":"memorial","memorial":"war_memorial","wikidata":"Q117662387"}},"geometry":{"type":"Point","coordinates":[8.0282179,43.8861756]}},{"type":"Feature","properties":{"name":"Monumento ai Caduti","category":"Luogo della memoria","group":"Da visitare","subtype":"memorial","priority":3,"osm_id":"3419858025","tags":{"historic":"memorial"}},"geometry":{"type":"Point","coordinates":[7.6277417,43.815006]}},{"type":"Feature","properties":{"name":"Monumento ai caduti","category":"Luogo della memoria","group":"Da visitare","subtype":"memorial","priority":3,"osm_id":"4054098219","tags":{"historic":"memorial","memorial":"war_memorial"}},"geometry":{"type":"Point","coordinates":[9.1578969,44.5188144]}},{"type":"Feature","properties":{"name":"Monumento ai caduti","category":"Luogo della memoria","group":"Da visitare","subtype":"memorial","priority":3,"osm_id":"4227163289","tags":{"historic":"memorial"}},"geometry":{"type":"Point","coordinates":[9.1639145,44.3888346]}},{"type":"Feature","properties":{"name":"Monumento ai Caduti","category":"Luogo della memoria","group":"Da visitare","subtype":"memorial","priority":3,"osm_id":"4906085747","tags":{"historic":"memorial"}},"geometry":{"type":"Point","coordinates":[9.6752704,44.2937715]}},{"type":"Feature","properties":{"name":"Monumento ai caduti","category":"Luogo della memoria","group":"Da visitare","subtype":"memorial","priority":3,"osm_id":"9657557589","tags":{"historic":"memorial"}},"geometry":{"type":"Point","coordinates":[9.3982959,44.2718833]}},{"type":"Feature","properties":{"name":"Monumento ai caduti","category":"Luogo della memoria","group":"Da visitare","subtype":"memorial","priority":3,"osm_id":"9730705199","tags":{"historic":"memorial","memorial":"war_memorial","wikimedia_commons":"File:Vallebona-monumento ai caduti.jpg"}},"geometry":{"type":"Point","coordinates":[7.6668456,43.8131748]}},{"type":"Feature","properties":{"name":"Monumento ai Caduti","category":"Luogo della memoria","group":"Da visitare","subtype":"memorial","priority":3,"osm_id":"10994718381","tags":{"heritage":"2","historic":"memorial","memorial":"war_memorial"}},"geometry":{"type":"Point","coordinates":[7.6700315,43.8040819]}},{"type":"Feature","properties":{"name":"Monumento Ai Caduti","category":"Luogo della memoria","group":"Da visitare","subtype":"memorial","priority":3,"osm_id":"11030719777","tags":{"historic":"memorial","memorial":"plaque"}},"geometry":{"type":"Point","coordinates":[8.4662961,44.3233136]}},{"type":"Feature","properties":{"name":"Monumento ai Caduti","category":"Luogo della memoria","group":"Da visitare","subtype":"memorial","priority":3,"osm_id":"13290212963","tags":{"historic":"memorial","material":"stone","memorial":"stele"}},"geometry":{"type":"Point","coordinates":[8.2219095,44.1341226]}},{"type":"Feature","properties":{"name":"Monumento ai Caduti","category":"Luogo della memoria","group":"Da visitare","subtype":"memorial","priority":3,"osm_id":"13295050619","tags":{"historic":"memorial","memorial":"war_memorial","wikidata":"Q123735801"}},"geometry":{"type":"Point","coordinates":[8.4187357,44.2263854]}},{"type":"Feature","properties":{"name":"Monumento ai Caduti Civili e Partigiani della Val Prino","category":"Luogo della memoria","group":"Da visitare","subtype":"memorial","priority":3,"osm_id":"13174184283","tags":{"historic":"memorial","memorial":"plaque"}},"geometry":{"type":"Point","coordinates":[7.9843617,43.8799972]}},{"type":"Feature","properties":{"name":"Monumento ai Caduti del Lavoro","category":"Luogo della memoria","group":"Da visitare","subtype":"memorial","priority":3,"osm_id":"11494138754","tags":{"access":"yes","historic":"memorial","inscription":"Monumento ai Caduti del Lavoro","memorial":"statue"}},"geometry":{"type":"Point","coordinates":[8.0083826,43.8711893]}},{"type":"Feature","properties":{"name":"Monumento ai Caduti del Mare","category":"Luogo della memoria","group":"Da visitare","subtype":"memorial","priority":3,"osm_id":"3688176759","tags":{"historic":"memorial","inscription":"L A. N.M.I. E LA CITTA/DI FINALE LIGURE/AI CADUTI DEL MARE//BENEDICI NELLACADENTE NOTTE/IL RIPOSO DEL POPOLO/BENEDICI//22. GIUNO 1997","memorial":"statue"}},"geometry":{"type":"Point","coordinates":[8.3500011,44.1699748]}},{"type":"Feature","properties":{"name":"Monumento ai caduti del mare","category":"Luogo della memoria","group":"Da visitare","subtype":"memorial","priority":3,"osm_id":"4226602458","tags":{"historic":"memorial","memorial":"sculpture"}},"geometry":{"type":"Point","coordinates":[8.020568,43.8803778]}},{"type":"Feature","properties":{"name":"Monumento ai Caduti del Mare","category":"Luogo della memoria","group":"Da visitare","subtype":"memorial","priority":3,"osm_id":"4710074764","tags":{"artist:wikipedia":"it:Fritz Røed","artist_name":"Fritz Røed","historic":"memorial","material":"bronze","memorial":"sculpture"}},"geometry":{"type":"Point","coordinates":[8.0853991,43.9102476]}},{"type":"Feature","properties":{"name":"Monumento ai Caduti del Mare","category":"Luogo della memoria","group":"Da visitare","subtype":"memorial","priority":3,"osm_id":"6421982825","tags":{"historic":"memorial","memorial":"stone"}},"geometry":{"type":"Point","coordinates":[9.1428941,44.3607725]}},{"type":"Feature","properties":{"name":"Monumento Ai Caduti del Mare","category":"Luogo della memoria","group":"Da visitare","subtype":"memorial","priority":3,"osm_id":"9172175240","tags":{"historic":"memorial","memorial":"sculpture"}},"geometry":{"type":"Point","coordinates":[8.6480066,44.3893236]}},{"type":"Feature","properties":{"name":"Monumento ai caduti della prima e della seconda guerra mondiale","category":"Luogo della memoria","group":"Da visitare","subtype":"memorial","priority":3,"osm_id":"5265594287","tags":{"historic":"memorial","inscription":"Ellera ai prodi suoi figli che nelle guerre mondiali morirono per la grandezza d’Italia 1914 – 1918","memorial":"war_memorial","start_date":"1956"}},"geometry":{"type":"Point","coordinates":[8.4650889,44.3632178]}},{"type":"Feature","properties":{"name":"Monumento ai caduti della prima e della seconda guerra mondiale","category":"Luogo della memoria","group":"Da visitare","subtype":"memorial","priority":3,"osm_id":"5340263081","tags":{"artist_name":"Guidetti Dante","historic":"memorial","inscription":"Gloria ai cellesi caduti per la patria 1915 1918","memorial":"war_memorial","start_date":"1918"}},"geometry":{"type":"Point","coordinates":[8.5431804,44.3405215]}},{"type":"Feature","properties":{"name":"Monumento ai caduti della prima guerra mondiale","category":"Luogo della memoria","group":"Da visitare","subtype":"memorial","priority":3,"osm_id":"1351183175","tags":{"historic":"memorial","wheelchair":"no"}},"geometry":{"type":"Point","coordinates":[8.68211,44.4034707]}},{"type":"Feature","properties":{"name":"Monumento ai caduti della prima guerra mondiale","category":"Luogo della memoria","group":"Da visitare","subtype":"memorial","priority":3,"osm_id":"5265600041","tags":{"historic":"memorial","inscription":"Fiore del sangue nostro che il destino dei popoli sommerse ne' suoi vortici immani Italia madre di voi s'esalta l'umile vostra terra diletta vigila la vostra memoria mcmxv mcmxviii mcmxxii","memorial":"war_memorial","start_date":"1922"}},"geometry":{"type":"Point","coordinates":[8.5030982,44.3272295]}},{"type":"Feature","properties":{"name":"Monumento ai caduti della Seconda Guerra mondiale","category":"Luogo della memoria","group":"Da visitare","subtype":"memorial","priority":3,"osm_id":"1207818662","tags":{"historic":"memorial","memorial":"war_memorial"}},"geometry":{"type":"Point","coordinates":[8.2739014,44.3986189]}},{"type":"Feature","properties":{"name":"Monumento ai caduti delle guerre","category":"Luogo della memoria","group":"Da visitare","subtype":"memorial","priority":3,"osm_id":"6017724494","tags":{"historic":"memorial","memorial":"war_memorial","wheelchair":"yes","wikidata":"Q117336336"}},"geometry":{"type":"Point","coordinates":[8.2135594,44.0491638]}},{"type":"Feature","properties":{"name":"Monumento ai caduti delle guerre mondiali","category":"Luogo della memoria","group":"Da visitare","subtype":"memorial","priority":3,"osm_id":"1706980961","tags":{"historic":"memorial","material":"metal;marble","memorial":"statue"}},"geometry":{"type":"Point","coordinates":[8.9038208,44.4968147]}},{"type":"Feature","properties":{"name":"Monumento ai Caduti delle Guerre Mondiali","category":"Luogo della memoria","group":"Da visitare","subtype":"memorial","priority":3,"osm_id":"12057461067","tags":{"historic":"memorial"}},"geometry":{"type":"Point","coordinates":[7.6965566,43.8274742]}},{"type":"Feature","properties":{"name":"Monumento ai Caduti di Altare","category":"Luogo della memoria","group":"Da visitare","subtype":"memorial","priority":3,"osm_id":"1540023043","tags":{"historic":"memorial","memorial":"sculpture"}},"geometry":{"type":"Point","coordinates":[8.3419745,44.3358819]}},{"type":"Feature","properties":{"name":"Monumento ai caduti di Arturo Martini","category":"Luogo della memoria","group":"Da visitare","subtype":"memorial","priority":3,"osm_id":"6224402743","tags":{"artist_name":"Arturo Martini","historic":"memorial","inscription":"Ab iusto bello gloria - Sicut incensum ad te domine olocaustum - Sanguine aspersa sacra et immortalis victoria - Historie aevis et dies nostra docet","memorial":"war_memorial","start_date":"1924"}},"geometry":{"type":"Point","coordinates":[8.4389546,44.2718085]}},{"type":"Feature","properties":{"name":"Monumento ai Caduti di Camogli","category":"Luogo della memoria","group":"Da visitare","subtype":"memorial","priority":3,"osm_id":"4128612643","tags":{"historic":"memorial"}},"geometry":{"type":"Point","coordinates":[9.1581446,44.3466613]}},{"type":"Feature","properties":{"name":"Monumento ai caduti di Cefalonia","category":"Luogo della memoria","group":"Da visitare","subtype":"memorial","priority":3,"osm_id":"5488620819","tags":{"artist_name":"Renzo Orvieto","historic":"memorial","memorial":"war_memorial"}},"geometry":{"type":"Point","coordinates":[7.7768055,43.8150354]}},{"type":"Feature","properties":{"name":"Monumento ai Caduti di Ceparana","category":"Luogo della memoria","group":"Da visitare","subtype":"memorial","priority":3,"osm_id":"13388254071","tags":{"historic":"memorial","memorial":"war_memorial"}},"geometry":{"type":"Point","coordinates":[9.8872866,44.1671361]}},{"type":"Feature","properties":{"name":"Monumento ai caduti di Cornigliano nella Prima Guerra Mondiale","category":"Luogo della memoria","group":"Da visitare","subtype":"memorial","priority":3,"osm_id":"2012829768","tags":{"historic":"memorial","memorial":"war_memorial"}},"geometry":{"type":"Point","coordinates":[8.873905,44.416403]}},{"type":"Feature","properties":{"name":"Monumento ai Caduti di Limone","category":"Luogo della memoria","group":"Da visitare","subtype":"memorial","priority":3,"osm_id":"13204501050","tags":{"historic":"memorial","memorial":"war_memorial"}},"geometry":{"type":"Point","coordinates":[9.8682017,44.1174787]}},{"type":"Feature","properties":{"name":"Monumento ai Caduti di Propata","category":"Luogo della memoria","group":"Da visitare","subtype":"memorial","priority":3,"osm_id":"13887769513","tags":{"addr:city":"Propata","addr:country":"IT","addr:postcode":"16027","addr:province":"GE","historic":"memorial","material":"marble","memorial":"war_memorial"}},"geometry":{"type":"Point","coordinates":[9.1847156,44.5647498]}},{"type":"Feature","properties":{"name":"Monumento ai Caduti di Rivarolo","category":"Luogo della memoria","group":"Da visitare","subtype":"memorial","priority":3,"osm_id":"1471098704","tags":{"description":"Monumento ai Caduti di Rivarolo","historic":"memorial","inscription":"Rivarolo ai suoi Caduti 1914 - 1918 | 1940 - 1945","memorial":"war_memorial"}},"geometry":{"type":"Point","coordinates":[8.8923287,44.4298086]}},{"type":"Feature","properties":{"name":"Monumento ai caduti di tutte le guerre","category":"Luogo della memoria","group":"Da visitare","subtype":"memorial","priority":3,"osm_id":"5055308176","tags":{"artist_name":"Leoncillo Leonardi","historic":"memorial","memorial":"war_memorial","start_date":"1958","wheelchair":"yes"}},"geometry":{"type":"Point","coordinates":[8.501822,44.3265456]}},{"type":"Feature","properties":{"name":"Monumento ai caduti di tutte le guerre","category":"Luogo della memoria","group":"Da visitare","subtype":"memorial","priority":3,"osm_id":"5952537045","tags":{"historic":"memorial","inscription":"Questa terra - simbolicamente e a monito - vuole ricordare tutti i luoghi d'Italia e del mondo che hanno conosciuto gli orrori e le tragedie della guerra e del terrorismo. L'ulivo di pace proviene da Sparta (Grecia)","memorial":"war_memorial"}},"geometry":{"type":"Point","coordinates":[8.8736606,44.4164156]}},{"type":"Feature","properties":{"name":"Monumento ai caduti di tutte le guerre","category":"Luogo della memoria","group":"Da visitare","subtype":"memorial","priority":3,"osm_id":"12723483987","tags":{"historic":"memorial","material":"stone","memorial":"stele","panoramax":"de0d7459-2edb-481e-9415-d499e0e1a851","wikimedia_commons":"File:Monumento ai caduti di tutte le guerre, Santa Giustina, Stella.jpg"}},"geometry":{"type":"Point","coordinates":[8.4800019,44.4180188]}},{"type":"Feature","properties":{"name":"Monumento ai caduti di tutte le guerre","category":"Luogo della memoria","group":"Da visitare","subtype":"memorial","priority":3,"osm_id":"13626788312","tags":{"historic":"memorial","inscription":"A perenne ricordo dei caduti di tutte le guerre Giovo Ligure 21.8.1955","memorial":"war_memorial","panoramax":"ec563d07-1044-4955-8b21-d07b5d8d307e","start_date":"21.8.1955","wikidata":"Q138666796","wikimedia_commons":"File:Monumento ai caduti di tutte le guerre,Giovo Ligure.jpg"}},"geometry":{"type":"Point","coordinates":[8.4733657,44.4291661]}},{"type":"Feature","properties":{"name":"Monumento ai caduti di Viganego","category":"Luogo della memoria","group":"Da visitare","subtype":"memorial","priority":3,"osm_id":"12467155504","tags":{"historic":"memorial","material":"marble","memorial":"war_memorial"}},"geometry":{"type":"Point","coordinates":[9.0649545,44.4288239]}},{"type":"Feature","properties":{"name":"Monumento ai Caduti Pianlazzo","category":"Luogo della memoria","group":"Da visitare","subtype":"memorial","priority":3,"osm_id":"3150440245","tags":{"artist_name":"Mario Crate","historic":"memorial","inscription":"NELLA SECONDA QUINDICINA DEL GIUGNO 1944 UN GRUPPO DI GIOVANI DELLA RISORTA ITALIA RIBELLI AL GIOGO NAZIFASCISTA QUI DAVANO ORIGINE ALLA GLORIOSA BRIGATA SAVONA INTITOLATA AL CADUTO FURIO SGUERSO PIAN DEL LAZZO A.N.P.I. CAIRO M. 22-10-1972","material":"stone","memorial":"war_memorial","start_date":"1972"}},"geometry":{"type":"Point","coordinates":[8.3444355,44.4007581]}},{"type":"Feature","properties":{"name":"Monumento ai Caduti Prima Guerra Mondiale","category":"Luogo della memoria","group":"Da visitare","subtype":"memorial","priority":3,"osm_id":"6427983482","tags":{"historic":"memorial","inscription":"Caddero gloriosi nell'immane guerra pugnando fidenti in Dio per la grandezza d'Italia i giovani Tribognesi\n\nInvocano preci ardenti\nperpetuo ricordo della memore Patria\n29 ottobre 1922\n1915     1918"}},"geometry":{"type":"Point","coordinates":[9.1967983,44.4135248]}},{"type":"Feature","properties":{"name":"Monumento ai Cap-hornier","category":"Luogo della memoria","group":"Da visitare","subtype":"memorial","priority":3,"osm_id":"3347609891","tags":{"historic":"memorial","memorial":"statue"}},"geometry":{"type":"Point","coordinates":[8.021377,43.8771935]}},{"type":"Feature","properties":{"name":"Monumento ai Carabinieri","category":"Luogo della memoria","group":"Da visitare","subtype":"memorial","priority":3,"osm_id":"4360663633","tags":{"historic":"memorial","memorial":"sculpture"}},"geometry":{"type":"Point","coordinates":[8.646982,44.3892411]}},{"type":"Feature","properties":{"name":"Monumento ai Partigiani di Bottagna","category":"Luogo della memoria","group":"Da visitare","subtype":"memorial","priority":3,"osm_id":"13304429655","tags":{"historic":"memorial","mapillary":"1275488727363495","memorial":"war_memorial"}},"geometry":{"type":"Point","coordinates":[9.8783608,44.1538272]}},{"type":"Feature","properties":{"name":"Monumento al Duca di Galliera","category":"Luogo della memoria","group":"Da visitare","subtype":"memorial","priority":3,"osm_id":"6073640273","tags":{"historic":"memorial","memorial":"statue","wikidata":"Q59682350"}},"geometry":{"type":"Point","coordinates":[8.9354527,44.3992117]}},{"type":"Feature","properties":{"name":"Monumento al Marinaio","category":"Luogo della memoria","group":"Da visitare","subtype":"memorial","priority":3,"osm_id":"3116713636","tags":{"historic":"memorial","memorial":"war_memorial"}},"geometry":{"type":"Point","coordinates":[7.605756,43.788729]}},{"type":"Feature","properties":{"name":"Monumento all'Emigrante","category":"Luogo della memoria","group":"Da visitare","subtype":"memorial","priority":3,"osm_id":"13876209451","tags":{"addr:city":"Valbrevenna","addr:country":"IT","addr:place":"Molino Vecchio","addr:postcode":"16010","historic":"memorial","inscription":"Fu sperando in un futuro migliore che lasciarono la loro amata terra ed essa mai li scordò","memorial":"statue","start_date":"2007-09-15"}},"geometry":{"type":"Point","coordinates":[9.0651469,44.5565354]}},{"type":"Feature","properties":{"name":"Monumento alla Resistenza","category":"Luogo della memoria","group":"Da visitare","subtype":"memorial","priority":3,"osm_id":"1892922235","tags":{"artist:wikidata":"Q3606408","artist_name":"Agenore Fabbri","historic":"memorial","memorial":"war_memorial","start_date":"1974","wikimedia_commons":"File:Piazza martiri.jpg"}},"geometry":{"type":"Point","coordinates":[8.4723351,44.3093681]}},{"type":"Feature","properties":{"name":"Monumento alla Resistenza","category":"Luogo della memoria","group":"Da visitare","subtype":"memorial","priority":3,"osm_id":"13388258220","tags":{"historic":"memorial","memorial":"war_memorial"}},"geometry":{"type":"Point","coordinates":[9.8839045,44.1663865]}},{"type":"Feature","properties":{"name":"Monumento Alpini","category":"Luogo della memoria","group":"Da visitare","subtype":"memorial","priority":3,"osm_id":"3843534950","tags":{"artist_name":"Francesco Cento","historic":"memorial","inscription":"La marcia degli alpini","memorial":"war_memorial","wheelchair":"yes"}},"geometry":{"type":"Point","coordinates":[8.5108195,44.3342119]}},{"type":"Feature","properties":{"name":"Monumento caduti in mare","category":"Luogo della memoria","group":"Da visitare","subtype":"memorial","priority":3,"osm_id":"3666817643","tags":{"historic":"memorial"}},"geometry":{"type":"Point","coordinates":[8.4454812,44.2628168]}},{"type":"Feature","properties":{"name":"Moti di Genova","category":"Luogo della memoria","group":"Da visitare","subtype":"memorial","priority":3,"osm_id":"2990541508","tags":{"historic":"memorial","inscription":"Nell'aprile 1849 le truppe del Re [...] Vittorio Emanuele II al comando del Generale [...] La Marmora sottoposero l'inerme popolazione genovese a saccheggi bombardamenti e crudeli violenze provocando la morte di molti pacifici cittadini [...]","memorial":"plaque","openplaques:id":"31377","start_date":"2008","wheelchair":"yes","wikipedia":"it:Moti di Genova"}},"geometry":{"type":"Point","coordinates":[8.9383583,44.4096636]}},{"type":"Feature","properties":{"name":"Niccolò Paganini","category":"Luogo della memoria","group":"Da visitare","subtype":"memorial","priority":3,"osm_id":"9197875097","tags":{"artist_name":"Livio Scarpella","historic":"memorial","indoor":"yes","material":"bronze","memorial":"statue","start_date":"24/10/2021"}},"geometry":{"type":"Point","coordinates":[8.9345422,44.4082676]}},{"type":"Feature","properties":{"name":"Nicola I, Sovrano del Montenegro","category":"Luogo della memoria","group":"Da visitare","subtype":"memorial","priority":3,"osm_id":"10005201377","tags":{"historic":"memorial","memorial":"bust"}},"geometry":{"type":"Point","coordinates":[7.7889587,43.8213695]}},{"type":"Feature","properties":{"name":"Nicolò Bacigalupo","category":"Luogo della memoria","group":"Da visitare","subtype":"memorial","priority":3,"osm_id":"5795656807","tags":{"alt_name":"Niccolò Bacigalupo","historic":"memorial","inscription":"Nicolò Bacigalupo fluente era il verso com acqua di pura fonte","memorial":"bust","subject:wikipedia":"it:Niccolò Bacigalupo"}},"geometry":{"type":"Point","coordinates":[8.9392005,44.4090812]}},{"type":"Feature","properties":{"name":"Nicolò Garaventa","category":"Luogo della memoria","group":"Da visitare","subtype":"memorial","priority":3,"osm_id":"4771455529","tags":{"historic":"memorial","memorial":"bust","subject:wikipedia":"it:Nicolò Garaventa"}},"geometry":{"type":"Point","coordinates":[8.9334008,44.3999681]}},{"type":"Feature","properties":{"name":"Nomi degli Alpini caduti","category":"Luogo della memoria","group":"Da visitare","subtype":"memorial","priority":3,"osm_id":"4427493544","tags":{"historic":"memorial","memorial":"plaque"}},"geometry":{"type":"Point","coordinates":[8.9982267,44.5335871]}},{"type":"Feature","properties":{"name":"Padre Pio da Pietrelcina","category":"Luogo della memoria","group":"Da visitare","subtype":"memorial","priority":3,"osm_id":"12585922738","tags":{"historic":"memorial","inscription":"Anche in mezzo a tutte queste tenebre che circondano l'anima vostra voi potete confortarvi e ricevere nel vostro spirito tanta luce quanto basti a non farvi cadere nella disperazione","memorial":"bust","start_date":"2011-04-16"}},"geometry":{"type":"Point","coordinates":[8.0332742,43.8989717]}},{"type":"Feature","properties":{"name":"Pasquale e Stefano Figuccio","category":"Luogo della memoria","group":"Da visitare","subtype":"memorial","priority":3,"osm_id":"9696778277","tags":{"historic":"memorial","inscription":"A Pasquale e Stefano Figuccio Jim e Stiv partigiani caduti per la Libertà","material":"stone","memorial":"war_memorial","start_date":"1998"}},"geometry":{"type":"Point","coordinates":[8.5461999,44.342705]}},{"type":"Feature","properties":{"name":"Pian della Bombarda","category":"Luogo della memoria","group":"Da visitare","subtype":"memorial","priority":3,"osm_id":"3750738190","tags":{"historic":"memorial","memorial":"war_memorial"}},"geometry":{"type":"Point","coordinates":[8.3800462,44.3923519]}},{"type":"Feature","properties":{"name":"Pietre d'inciampo dei deportati varazzini","category":"Luogo della memoria","group":"Da visitare","subtype":"memorial","priority":3,"osm_id":"8366554057","tags":{"historic":"memorial","inscription":"Mario Piombo, Agostino Bernardis, Angelo Piombo, Giovanni Isetta, Bartolomeo Accinelli, Livio Canale, Antonio Accinelli, Pietro Gio Batta Cerruti, Armando Cerruti, Gio Batta Salviati, Ludovico Koffler, Luigi Pigozzi, Raffaele Leghissa, Antonio Delfino.","material":"metal","memorial":"stolperstein","start_date":"2020"}},"geometry":{"type":"Point","coordinates":[8.5798259,44.3597487]}},{"type":"Feature","properties":{"name":"Ricordo ai Deportati","category":"Luogo della memoria","group":"Da visitare","subtype":"memorial","priority":3,"osm_id":"6283609737","tags":{"addr:street":"Giardini Benedetto Bignone","historic":"memorial","memorial":"statue","nohousenumber":"yes"}},"geometry":{"type":"Point","coordinates":[8.4692426,44.3206706]}},{"type":"Feature","properties":{"name":"Sacerdote Domenico Minetti","category":"Luogo della memoria","group":"Da visitare","subtype":"memorial","priority":3,"osm_id":"485017699","tags":{"historic":"memorial","inscription":"Il Sacerdote Domenico Minetti parroco di Maddalena vittima dell'odio fascista ricordi a tutti quanto sacrificio costi a riconquista della libertà 21. Ottobre 1944","panoramax":"370140be-8ffa-4c85-99b8-9ca611f9106b","wikidata":"Q138667062","wikimedia_commons":"File:Sacerdote Domenico Minetti, Maddalena.jpg"}},"geometry":{"type":"Point","coordinates":[8.4859569,44.5009735]}},{"type":"Feature","properties":{"name":"Sacrario dei martiri di Passo Mezzano","category":"Luogo della memoria","group":"Da visitare","subtype":"memorial","priority":3,"osm_id":"1239114591","tags":{"historic":"memorial"}},"geometry":{"type":"Point","coordinates":[8.8358953,44.5520013]}},{"type":"Feature","properties":{"name":"Sacrario Martiri del Turchino","category":"Luogo della memoria","group":"Da visitare","subtype":"memorial","priority":3,"osm_id":"676346890","tags":{"historic":"memorial"}},"geometry":{"type":"Point","coordinates":[8.7190938,44.4872446]}},{"type":"Feature","properties":{"name":"Salto ai suoi caduti","category":"Luogo della memoria","group":"Da visitare","subtype":"memorial","priority":3,"osm_id":"6540642353","tags":{"historic":"memorial","memorial":"plaque","support":"wall_mounted"}},"geometry":{"type":"Point","coordinates":[9.1701803,44.3996757]}},{"type":"Feature","properties":{"name":"Salvo D'Acquisto","category":"Luogo della memoria","group":"Da visitare","subtype":"memorial","priority":3,"osm_id":"12650817203","tags":{"historic":"memorial","inscription":"Luminoso esempio di altruismo, offriva la propria vita per salvare quella di 22 ostaggi innocenti.\nTorre di Palidoro(Roma) 23 Settembre 1943","memorial":"bust","start_date":"2011-05-28"}},"geometry":{"type":"Point","coordinates":[8.008572,43.8717441]}},{"type":"Feature","properties":{"name":"Sandro Pertini","category":"Luogo della memoria","group":"Da visitare","subtype":"memorial","priority":3,"osm_id":"10768878377","tags":{"historic":"memorial","inscription":"Sandro Pertini","memorial":"bust","panoramax":"99f57a39-2bd6-43e8-ac0f-982129def353","subject:wikidata":"Q1233","wikidata":"Q138675084","wikimedia_commons":"File:Monumento a Sandro Pertini, Stella.jpg"}},"geometry":{"type":"Point","coordinates":[8.4932067,44.3969068]}},{"type":"Feature","properties":{"name":"Santa Madre Francesca Saverio Cabrini","category":"Luogo della memoria","group":"Da visitare","subtype":"memorial","priority":3,"osm_id":"5390832522","tags":{"historic":"memorial","memorial":"statue"}},"geometry":{"type":"Point","coordinates":[8.9356128,44.4159905]}},{"type":"Feature","properties":{"name":"Santino Glorio","category":"Luogo della memoria","group":"Da visitare","subtype":"memorial","priority":3,"osm_id":"3319527285","tags":{"historic":"memorial","memorial":"bust"}},"geometry":{"type":"Point","coordinates":[8.0318888,43.8886555]}},{"type":"Feature","properties":{"name":"Sergio Kasman","category":"Luogo della memoria","group":"Da visitare","subtype":"memorial","priority":3,"osm_id":"9106056015","tags":{"artist_name":"Città di Chiavari","historic":"memorial","inscription":"Sergiio Kasman \\","memorial":"bust","start_date":"1985-04-25","subject:wikidata":"Q3956147","subject:wikipedia":"it:Sergio Kasman"}},"geometry":{"type":"Point","coordinates":[9.3236197,44.3166455]}},{"type":"Feature","properties":{"name":"Simone Schiaffino","category":"Luogo della memoria","group":"Da visitare","subtype":"memorial","priority":3,"osm_id":"3882439973","tags":{"historic":"memorial","inscription":"Nato a Camogli addi XVI febbraio MDCCCXXXV si votava alla patria il XV maggio MDCCCLX Visse abbastanza chi morì per la patria.","memorial":"statue"}},"geometry":{"type":"Point","coordinates":[9.1548346,44.3490259]}},{"type":"Feature","properties":{"name":"Siro Andrea Carli","category":"Luogo della memoria","group":"Da visitare","subtype":"memorial","priority":3,"osm_id":"4998192563","tags":{"historic":"memorial","memorial":"statue"}},"geometry":{"type":"Point","coordinates":[7.7746524,43.8170298]}},{"type":"Feature","properties":{"name":"Strage della galleria di Valloria","category":"Luogo della memoria","group":"Da visitare","subtype":"memorial","priority":3,"osm_id":"5033924698","tags":{"historic":"memorial","inscription":"L'8/5/45 per beffa del destino decine di passanti che la guerra aveva risparmiato perivano nel crollo provocato da scoppio davanti al Tribunale di Dio segnamo anche questi morti sul conto dei pazzi criminali che vollero la guerra","memorial":"plaque","start_date":"1945","wheelchair":"yes"}},"geometry":{"type":"Point","coordinates":[8.4927656,44.3177112]}},{"type":"Feature","properties":{"name":"Targa ai caduti della Galleria delle Grazie","category":"Luogo della memoria","group":"Da visitare","subtype":"memorial","priority":3,"osm_id":"6012266423","tags":{"historic":"memorial","memorial":"plaque","start_date":"1949 /1982"}},"geometry":{"type":"Point","coordinates":[8.9344652,44.4056375]}},{"type":"Feature","properties":{"name":"Targa caduti seconda Guerra mondiale","category":"Luogo della memoria","group":"Da visitare","subtype":"memorial","priority":3,"osm_id":"12169936222","tags":{"historic":"memorial","wikidata":"Q117706394"}},"geometry":{"type":"Point","coordinates":[8.1141627,43.9250351]}},{"type":"Feature","properties":{"name":"Targa commemorativa","category":"Luogo della memoria","group":"Da visitare","subtype":"memorial","priority":3,"osm_id":"4264734772","tags":{"historic":"memorial","memorial":"plaque","name:en":"Memorial Plaque"}},"geometry":{"type":"Point","coordinates":[8.9006088,44.4771069]}},{"type":"Feature","properties":{"name":"Targa commemorativa","category":"Luogo della memoria","group":"Da visitare","subtype":"memorial","priority":3,"osm_id":"4264788090","tags":{"historic":"memorial","memorial":"plaque","name:en":"Memorial Plaque"}},"geometry":{"type":"Point","coordinates":[8.8989284,44.476166]}},{"type":"Feature","properties":{"name":"Targa commemorativa","category":"Luogo della memoria","group":"Da visitare","subtype":"memorial","priority":3,"osm_id":"5980922082","tags":{"historic":"memorial","layer":"-1","memorial":"plaque","name:en":"Memorial Plaque"}},"geometry":{"type":"Point","coordinates":[8.9107392,44.4751564]}},{"type":"Feature","properties":{"name":"Targa commemorativa ai caduti di Cornigliano per il 30° anniversario della Liberazione","category":"Luogo della memoria","group":"Da visitare","subtype":"memorial","priority":3,"osm_id":"6082417095","tags":{"historic":"memorial","memorial":"plaque"}},"geometry":{"type":"Point","coordinates":[8.8736655,44.4164484]}},{"type":"Feature","properties":{"name":"Targa commemorativa minori vittime bombardamento","category":"Luogo della memoria","group":"Da visitare","subtype":"memorial","priority":3,"osm_id":"10307590663","tags":{"historic":"memorial","inscription":"In questo luogo/Addì 4 maggio 1945/Il tuono improvviso di un bellico/ordigno, per sempre distolse dai/loro spensierati giuochi terreni/Caprile Luciano anni 16/ Cicognini' Sauro anni 12/Furlan Antonio anni 10/Lanteri Motin Wladimiro anni 14/Panizzi Aldo an","material":"metal","memorial":"plaque"}},"geometry":{"type":"Point","coordinates":[7.7754227,43.8190884]}},{"type":"Feature","properties":{"name":"Targa partigiani caduti per la libertà","category":"Luogo della memoria","group":"Da visitare","subtype":"memorial","priority":3,"osm_id":"11169495954","tags":{"description":"Elenco partigiani caduti 1943-1945","historic":"memorial","inscription":"Non caddero invano ma caddero per la libertà.\nPartigiani caduti per la libertà 1943 - 1945.\nL'Amministrazione Comunale 1950 a memoria","memorial":"plaque"}},"geometry":{"type":"Point","coordinates":[8.6461312,44.3894106]}},{"type":"Feature","properties":{"name":"Targhe Commemorative Di Giuseppe Mazzini","category":"Luogo della memoria","group":"Da visitare","subtype":"memorial","priority":3,"osm_id":"5817979807","tags":{"historic":"memorial"}},"geometry":{"type":"Point","coordinates":[8.4824141,44.3042145]}},{"type":"Feature","properties":{"name":"Tomba di Fabrizio De Andrè","category":"Luogo della memoria","group":"Da visitare","subtype":"memorial","priority":3,"osm_id":"658317368","tags":{"historic":"memorial","subject:wikidata":"Q25106","wikidata":"Q56650016"}},"geometry":{"type":"Point","coordinates":[8.9478347,44.4294682]}},{"type":"Feature","properties":{"name":"Tuberie","category":"Luogo della memoria","group":"Da visitare","subtype":"memorial","priority":3,"osm_id":"3013706543","tags":{"artist_name":"Antonio Siri","artwork_type":"sculpture","historic":"memorial","material":"iron","memorial":"sculpture","start_date":"1960","tourism":"artwork"}},"geometry":{"type":"Point","coordinates":[8.4997568,44.3257689]}},{"type":"Feature","properties":{"name":"Umberto I","category":"Luogo della memoria","group":"Da visitare","subtype":"memorial","priority":3,"osm_id":"11956144265","tags":{"historic":"memorial","memorial":"bust","subject:wikidata":"Q153688"}},"geometry":{"type":"Point","coordinates":[9.4889996,44.240391]}},{"type":"Feature","properties":{"name":"Vittime dell'alluvione del 4 novembre 2011","category":"Luogo della memoria","group":"Da visitare","subtype":"memorial","priority":3,"osm_id":"3826822657","tags":{"historic":"memorial","memorial":"plaque"}},"geometry":{"type":"Point","coordinates":[8.9565268,44.4152103]}},{"type":"Feature","properties":{"name":"Autorimessa di Torriglia \"G. Malacalza\"","category":"Stazione autobus","group":"Mobilità e interscambio","subtype":"bus_station","priority":3,"osm_id":"213183816","tags":{"amenity":"bus_station","bus":"yes","operator":"ATP","public_transport":"station"}},"geometry":{"type":"Point","coordinates":[9.1586833,44.520814]}},{"type":"Feature","properties":{"name":"Brignole F.S. / Piazza Giuseppe Verdi","category":"Stazione autobus","group":"Mobilità e interscambio","subtype":"bus_station","priority":3,"osm_id":"14058729958","tags":{"amenity":"bus_station"}},"geometry":{"type":"Point","coordinates":[8.9463962,44.4061371]}},{"type":"Feature","properties":{"name":"Brin / Metrò","category":"Stazione autobus","group":"Mobilità e interscambio","subtype":"bus_station","priority":3,"osm_id":"913562995","tags":{"amenity":"bus_station","bus":"yes","network":"AMT Genova","network:wikidata":"Q295335","network:wikipedia":"it:AMT (Genova)","operator":"AMT","public_transport":"platform","route_ref":"7;270","shelter":"yes","url":"http://www.amt.genova.it/orari/orari_urbana.asp"}},"geometry":{"type":"Point","coordinates":[8.8944777,44.4287656]}},{"type":"Feature","properties":{"name":"Campeggio San Michele","category":"Stazione autobus","group":"Mobilità e interscambio","subtype":"bus_station","priority":3,"osm_id":"310414494","tags":{"amenity":"bus_station"}},"geometry":{"type":"Point","coordinates":[9.632674,44.1748739]}},{"type":"Feature","properties":{"name":"Capolinea","category":"Stazione autobus","group":"Mobilità e interscambio","subtype":"bus_station","priority":3,"osm_id":"266154413","tags":{"amenity":"bus_station","bus":"yes","operator":"AMT","public_transport":"station"}},"geometry":{"type":"Point","coordinates":[9.1441098,44.3627752]}},{"type":"Feature","properties":{"name":"Capolinea","category":"Stazione autobus","group":"Mobilità e interscambio","subtype":"bus_station","priority":3,"osm_id":"2792724620","tags":{"amenity":"bus_station","bus":"yes","operator":"ATP;CIT","public_transport":"station","stop_zone":"069","wheelchair":"yes"}},"geometry":{"type":"Point","coordinates":[8.9432564,44.5750166]}},{"type":"Feature","properties":{"name":"Capolinea 48","category":"Stazione autobus","group":"Mobilità e interscambio","subtype":"bus_station","priority":3,"osm_id":"247351098","tags":{"amenity":"bus_station","bench":"yes","bin":"no","bus":"yes","lit":"no","network":"AMT Genova","network:wikidata":"Q295335","network:wikipedia":"it:AMT (Genova)","operator":"AMT","public_transport":"platform","shelter":"no","tactile_paving":"no","url":"http://www.amt.genova.it/orari/orari_urbana.asp","wheelchair":"limited"}},"geometry":{"type":"Point","coordinates":[8.9799436,44.4544748]}},{"type":"Feature","properties":{"name":"Fanti d'Italia / Principe F.S.","category":"Stazione autobus","group":"Mobilità e interscambio","subtype":"bus_station","priority":3,"osm_id":"14056603408","tags":{"amenity":"bus_station"}},"geometry":{"type":"Point","coordinates":[8.9195091,44.4160878]}},{"type":"Feature","properties":{"name":"Fossitermi","category":"Stazione autobus","group":"Mobilità e interscambio","subtype":"bus_station","priority":3,"osm_id":"2023907457","tags":{"addr:city":"La Spezia","addr:country":"IT","addr:postcode":"19122","addr:province":"SP","addr:state":"Liguria","addr:street":"Via Giacomo Puccini","amenity":"bus_station","bus":"yes","public_transport":"station"}},"geometry":{"type":"Point","coordinates":[9.8152541,44.1153295]}},{"type":"Feature","properties":{"name":"Genoa City Tour","category":"Stazione autobus","group":"Mobilità e interscambio","subtype":"bus_station","priority":3,"osm_id":"1496310854","tags":{"amenity":"bus_station","bus":"yes","description":"touristic bus","public_transport":"station","wheelchair":"yes"}},"geometry":{"type":"Point","coordinates":[8.9282887,44.4103378]}},{"type":"Feature","properties":{"name":"La Spezia FS - Piazzale","category":"Stazione autobus","group":"Mobilità e interscambio","subtype":"bus_station","priority":3,"osm_id":"631497887","tags":{"amenity":"bus_station","bus":"yes","check_date":"2025-07-27","operator":"ATC Esercizio SpA","public_transport":"station","shelter":"yes","wheelchair":"yes"}},"geometry":{"type":"Point","coordinates":[9.8139746,44.1109492]}},{"type":"Feature","properties":{"name":"Loc.San Bernardo-Ris.Tipico Capolinea","category":"Stazione autobus","group":"Mobilità e interscambio","subtype":"bus_station","priority":3,"osm_id":"1033864197","tags":{"amenity":"bus_station","bus":"yes","description":"AMT linee provinciali","network":"AMT Genova","network:wikidata":"Q295335","public_transport":"platform","wheelchair":"yes","zone_id":"10"}},"geometry":{"type":"Point","coordinates":[9.0772553,44.3822085]}},{"type":"Feature","properties":{"name":"Parks/Verità","category":"Stazione autobus","group":"Mobilità e interscambio","subtype":"bus_station","priority":3,"osm_id":"476897498","tags":{"amenity":"bus_station","bus":"yes","public_transport":"station","wheelchair":"limited"}},"geometry":{"type":"Point","coordinates":[8.7549803,44.4284084]}},{"type":"Feature","properties":{"name":"Piazzale Ingresso Cappelletta / Capolinea","category":"Stazione autobus","group":"Mobilità e interscambio","subtype":"bus_station","priority":3,"osm_id":"1702576498","tags":{"amenity":"bus_station","bus":"yes","operator":"AMT","public_transport":"station","route_ref":"CF; CS"}},"geometry":{"type":"Point","coordinates":[8.9488377,44.4291188]}},{"type":"Feature","properties":{"name":"Principe FS","category":"Stazione autobus","group":"Mobilità e interscambio","subtype":"bus_station","priority":3,"osm_id":"402293963","tags":{"amenity":"bus_station","bus":"yes","public_transport":"station","wheelchair":"yes"}},"geometry":{"type":"Point","coordinates":[8.9221286,44.4166215]}},{"type":"Feature","properties":{"name":"Rebocco - Istituto Mazzini","category":"Stazione autobus","group":"Mobilità e interscambio","subtype":"bus_station","priority":3,"osm_id":"4936113123","tags":{"addr:city":"La Spezia","addr:country":"IT","addr:postcode":"19123","addr:province":"SP","addr:state":"Liguria","addr:street":"Via Giuseppe (Peppino) Impastato","amenity":"bus_station","bus":"yes","opening_hours":"24/7","operator":"ATC La Spezia","public_transport":"station"}},"geometry":{"type":"Point","coordinates":[9.804404,44.1152969]}},{"type":"Feature","properties":{"name":"Tellaro Capolinea","category":"Stazione autobus","group":"Mobilità e interscambio","subtype":"bus_station","priority":3,"osm_id":"1414539969","tags":{"addr:city":"Tellaro","addr:postcode":"19032","addr:street":"Piazza Rainusso","amenity":"bus_station","bus":"yes","internet_access":"no","operator":"ATC Esercizio","public_transport":"station","wheelchair":"yes"}},"geometry":{"type":"Point","coordinates":[9.9307175,44.0581312]}},{"type":"Feature","properties":{"name":"Airole","category":"Stazione ferroviaria","group":"Mobilità e interscambio","subtype":"rail_station","priority":3,"osm_id":"332111642","tags":{"operator":"Rete Ferroviaria Italiana","operator:short":"RFI","operator:wikidata":"Q1060049","public_transport":"station","railway":"halt","wikidata":"Q3095596","wikipedia":"it:Stazione di Airole"}},"geometry":{"type":"Point","coordinates":[7.552992,43.8705195]}},{"type":"Feature","properties":{"name":"Bari","category":"Stazione ferroviaria","group":"Mobilità e interscambio","subtype":"rail_station","priority":3,"osm_id":"247607439","tags":{"light_rail":"yes","network":"AMT Genova","operator":"AMT","railway":"halt","station":"light_rail","wikidata":"Q122974264"}},"geometry":{"type":"Point","coordinates":[8.9166539,44.4208348]}},{"type":"Feature","properties":{"name":"Borghetto Santo Spirito","category":"Stazione ferroviaria","group":"Mobilità e interscambio","subtype":"rail_station","priority":3,"osm_id":"804043830","tags":{"operator":"Rete Ferroviaria Italiana","operator:short":"RFI","operator:wikidata":"Q1060049","railway":"halt","wikidata":"Q3969076","wikipedia":"it:Stazione di Borghetto Santo Spirito"}},"geometry":{"type":"Point","coordinates":[8.2422896,44.1090392]}},{"type":"Feature","properties":{"name":"Borgio Verezzi","category":"Stazione ferroviaria","group":"Mobilità e interscambio","subtype":"rail_station","priority":3,"osm_id":"272860999","tags":{"operator":"Rete Ferroviaria Italiana","operator:short":"RFI","operator:wikidata":"Q1060049","railway":"halt","wikidata":"Q3969078","wikipedia":"it:Stazione di Borgio Verezzi"}},"geometry":{"type":"Point","coordinates":[8.309041,44.1577762]}},{"type":"Feature","properties":{"name":"Borgo Fornari per Voltaggio","category":"Stazione ferroviaria","group":"Mobilità e interscambio","subtype":"rail_station","priority":3,"osm_id":"729640495","tags":{"operator":"Rete Ferroviaria Italiana","operator:short":"RFI","operator:wikidata":"Q1060049","public_transport":"station","railway":"halt","train":"yes","wikidata":"Q3969081","wikipedia":"it:Stazione di Borgo Fornari per Voltaggio"}},"geometry":{"type":"Point","coordinates":[8.9382107,44.5888847]}},{"type":"Feature","properties":{"name":"Cambiaso","category":"Stazione ferroviaria","group":"Mobilità e interscambio","subtype":"rail_station","priority":3,"osm_id":"247613086","tags":{"light_rail":"yes","network":"AMT Genova","operator":"AMT","railway":"halt","station":"light_rail","wikidata":"Q122974266"}},"geometry":{"type":"Point","coordinates":[8.9159432,44.4223488]}},{"type":"Feature","properties":{"name":"Campo Ligure-Masone","category":"Stazione ferroviaria","group":"Mobilità e interscambio","subtype":"rail_station","priority":3,"osm_id":"2620830612","tags":{"operator":"Rete Ferroviaria Italiana","operator:short":"RFI","operator:wikidata":"Q1060049","public_transport":"station","railway":"halt","train":"yes","wikidata":"Q3969176","wikipedia":"it:Stazione di Campo Ligure-Masone"}},"geometry":{"type":"Point","coordinates":[8.7009759,44.5308874]}},{"type":"Feature","properties":{"name":"Canova Crocetta","category":"Stazione ferroviaria","group":"Mobilità e interscambio","subtype":"rail_station","priority":3,"osm_id":"183673398","tags":{"network":"AMT Genova","operator":"AMT","public_transport":"station","railway":"halt","train":"yes","wikidata":"Q60325741"}},"geometry":{"type":"Point","coordinates":[8.9879243,44.5207917]}},{"type":"Feature","properties":{"name":"Cavi","category":"Stazione ferroviaria","group":"Mobilità e interscambio","subtype":"rail_station","priority":3,"osm_id":"266986153","tags":{"operator":"Rete Ferroviaria Italiana","operator:short":"RFI","operator:wikidata":"Q1060049","public_transport":"station","railway":"halt","train":"yes","wikidata":"Q3969354","wikipedia":"it:Stazione di Cavi"}},"geometry":{"type":"Point","coordinates":[9.3724962,44.2935151]}},{"type":"Feature","properties":{"name":"Centurione","category":"Stazione ferroviaria","group":"Mobilità e interscambio","subtype":"rail_station","priority":3,"osm_id":"247607448","tags":{"light_rail":"yes","network":"AMT Genova","operator":"AMT","railway":"halt","station":"light_rail","wikidata":"Q122974261"}},"geometry":{"type":"Point","coordinates":[8.9166284,44.4199726]}},{"type":"Feature","properties":{"name":"Ceriale","category":"Stazione ferroviaria","group":"Mobilità e interscambio","subtype":"rail_station","priority":3,"osm_id":"999265954","tags":{"operator":"Rete Ferroviaria Italiana","operator:short":"RFI","operator:wikidata":"Q1060049","railway":"halt","wikidata":"Q3969370","wikipedia":"it:Stazione di Ceriale"}},"geometry":{"type":"Point","coordinates":[8.2341661,44.0989359]}},{"type":"Feature","properties":{"name":"Chiassaiuola","category":"Stazione ferroviaria","group":"Mobilità e interscambio","subtype":"rail_station","priority":3,"osm_id":"4913863127","tags":{"light_rail":"yes","network":"AMT Genova","operator":"AMT","railway":"halt","station":"light_rail","wikidata":"Q122974270"}},"geometry":{"type":"Point","coordinates":[8.9141641,44.4243694]}},{"type":"Feature","properties":{"name":"Crocetta d’Orero","category":"Stazione ferroviaria","group":"Mobilità e interscambio","subtype":"rail_station","priority":3,"osm_id":"9660778860","tags":{"network":"AMT Genova","operator":"AMT","public_transport":"station","railway":"halt","train":"yes","wikidata":"Q107599782","wikipedia":"it:Stazione di Crocetta d'Orero"}},"geometry":{"type":"Point","coordinates":[8.9881387,44.5184975]}},{"type":"Feature","properties":{"name":"Diano","category":"Stazione ferroviaria","group":"Mobilità e interscambio","subtype":"rail_station","priority":3,"osm_id":"4427972059","tags":{"public_transport":"station","railway":"halt"}},"geometry":{"type":"Point","coordinates":[8.0731492,43.9252511]}},{"type":"Feature","properties":{"name":"Genova Cornigliano","category":"Stazione ferroviaria","group":"Mobilità e interscambio","subtype":"rail_station","priority":3,"osm_id":"38930728","tags":{"operator":"Rete Ferroviaria Italiana","operator:short":"RFI","operator:wikidata":"Q1060049","railway":"halt","wikidata":"Q3969704","wikipedia":"it:Stazione di Genova Cornigliano"}},"geometry":{"type":"Point","coordinates":[8.8650175,44.4147622]}},{"type":"Feature","properties":{"name":"Genova Costa di Sestri Ponente","category":"Stazione ferroviaria","group":"Mobilità e interscambio","subtype":"rail_station","priority":3,"osm_id":"180707889","tags":{"operator":"Rete Ferroviaria Italiana","operator:short":"RFI","operator:wikidata":"Q1060049","public_transport":"station","railway":"halt","train":"yes","wheelchair":"yes","wikidata":"Q3969701","wikipedia":"it:Stazione di Genova Costa di Sestri Ponente"}},"geometry":{"type":"Point","coordinates":[8.8466749,44.4338924]}},{"type":"Feature","properties":{"name":"Genova Granara","category":"Stazione ferroviaria","group":"Mobilità e interscambio","subtype":"rail_station","priority":3,"osm_id":"280873083","tags":{"addr:city":"Genova","addr:street":"Via alla Stazione di Granara","internet_access":"no","operator":"Rete Ferroviaria Italiana","operator:short":"RFI","operator:wikidata":"Q1060049","public_transport":"station","railway":"halt","train":"yes","wheelchair":"no","wikidata":"Q3969703","wikipedia":"it:Stazione di Genova Granara"}},"geometry":{"type":"Point","coordinates":[8.8234724,44.4420524]}},{"type":"Feature","properties":{"name":"Genova Piazza Principe sotterranea","category":"Stazione ferroviaria","group":"Mobilità e interscambio","subtype":"rail_station","priority":3,"osm_id":"703928144","tags":{"operator":"Rete Ferroviaria Italiana","operator:short":"RFI","operator:wikidata":"Q1060049","railway":"halt","train":"yes"}},"geometry":{"type":"Point","coordinates":[8.919731,44.4160517]}},{"type":"Feature","properties":{"name":"Genova San Biagio","category":"Stazione ferroviaria","group":"Mobilità e interscambio","subtype":"rail_station","priority":3,"osm_id":"3826804404","tags":{"alt_name":"Genova San Biagio - San Quirico","loc_name":"Genova San Quirico","operator":"Rete Ferroviaria Italiana","operator:short":"RFI","operator:wikidata":"Q1060049","railway":"halt","train":"yes","wikidata":"Q3969715","wikipedia":"it:Stazione di Genova San Biagio"}},"geometry":{"type":"Point","coordinates":[8.8997355,44.4828587]}},{"type":"Feature","properties":{"name":"Genova Vesima","category":"Stazione ferroviaria","group":"Mobilità e interscambio","subtype":"rail_station","priority":3,"osm_id":"435129369","tags":{"operator":"Rete Ferroviaria Italiana","operator:short":"RFI","operator:wikidata":"Q1060049","railway":"halt","wikidata":"Q3969718","wikipedia":"it:Stazione di Genova Vesima"}},"geometry":{"type":"Point","coordinates":[8.713981,44.4161457]}},{"type":"Feature","properties":{"name":"Genova Via Di Francia","category":"Stazione ferroviaria","group":"Mobilità e interscambio","subtype":"rail_station","priority":3,"osm_id":"539383380","tags":{"operator":"Rete Ferroviaria Italiana","operator:short":"RFI","operator:wikidata":"Q1060049","railway":"halt","wikidata":"Q741977","wikipedia":"it:Stazione di Genova Via di Francia"}},"geometry":{"type":"Point","coordinates":[8.9011145,44.4094448]}},{"type":"Feature","properties":{"name":"Granarolo","category":"Stazione ferroviaria","group":"Mobilità e interscambio","subtype":"rail_station","priority":3,"osm_id":"2019700588","tags":{"light_rail":"yes","network":"AMT Genova","operator":"AMT","railway":"halt","station":"light_rail","wikidata":"Q108764746"}},"geometry":{"type":"Point","coordinates":[8.9123552,44.4259916]}},{"type":"Feature","properties":{"name":"Isola del Cantone","category":"Stazione ferroviaria","group":"Mobilità e interscambio","subtype":"rail_station","priority":3,"osm_id":"3404023433","tags":{"public_transport":"station","railway":"halt","station":"train","train":"yes","wikidata":"Q3969830","wikipedia":"it:Stazione di Isola del Cantone"}},"geometry":{"type":"Point","coordinates":[8.9575604,44.646598]}},{"type":"Feature","properties":{"name":"Laigueglia","category":"Stazione ferroviaria","group":"Mobilità e interscambio","subtype":"rail_station","priority":3,"osm_id":"4995452527","tags":{"railway":"halt","wikidata":"Q3969906","wikimedia_commons":"Category:Laigueglia train station","wikipedia":"it:Stazione di Laigueglia"}},"geometry":{"type":"Point","coordinates":[8.1587294,43.9812464]}},{"type":"Feature","properties":{"name":"Lavagna","category":"Stazione ferroviaria","group":"Mobilità e interscambio","subtype":"rail_station","priority":3,"osm_id":"5712224867","tags":{"operator":"Rete Ferroviaria Italiana","operator:short":"RFI","operator:wikidata":"Q1060049","public_transport":"station","railway":"halt","station":"train","train":"yes","wikidata":"Q3969926","wikipedia":"it:Stazione di Lavagna"}},"geometry":{"type":"Point","coordinates":[9.3464074,44.3056065]}},{"type":"Feature","properties":{"name":"Liggia","category":"Stazione ferroviaria","group":"Mobilità e interscambio","subtype":"rail_station","priority":3,"osm_id":"9660778861","tags":{"network":"AMT Genova","operator":"AMT","public_transport":"station","railway":"halt","train":"yes"}},"geometry":{"type":"Point","coordinates":[8.988353,44.5151303]}},{"type":"Feature","properties":{"name":"Luni","category":"Stazione ferroviaria","group":"Mobilità e interscambio","subtype":"rail_station","priority":3,"osm_id":"1272424539","tags":{"operator":"Rete Ferroviaria Italiana","operator:short":"RFI","operator:wikidata":"Q1060049","public_transport":"station","railway":"halt","wikidata":"Q3969996","wikipedia":"it:Stazione di Luni"}},"geometry":{"type":"Point","coordinates":[10.0161998,44.0745317]}},{"type":"Feature","properties":{"name":"Molinetti","category":"Stazione ferroviaria","group":"Mobilità e interscambio","subtype":"rail_station","priority":3,"osm_id":"183669614","tags":{"network":"AMT Genova","operator":"AMT","public_transport":"station","railway":"halt","train":"yes","wikidata":"Q60325477"}},"geometry":{"type":"Point","coordinates":[8.9927463,44.5041777]}},{"type":"Feature","properties":{"name":"Niusci","category":"Stazione ferroviaria","group":"Mobilità e interscambio","subtype":"rail_station","priority":3,"osm_id":"183669643","tags":{"network":"AMT Genova","operator":"AMT","public_transport":"station","railway":"halt","train":"yes","wikidata":"Q60325537"}},"geometry":{"type":"Point","coordinates":[8.9902953,44.5093724]}},{"type":"Feature","properties":{"name":"Pietrabissara","category":"Stazione ferroviaria","group":"Mobilità e interscambio","subtype":"rail_station","priority":3,"osm_id":"3404027456","tags":{"railway":"halt","wikidata":"Q3970480","wikipedia":"it:Stazione di Pietrabissara"}},"geometry":{"type":"Point","coordinates":[8.9230425,44.6580045]}},{"type":"Feature","properties":{"name":"Principe","category":"Stazione ferroviaria","group":"Mobilità e interscambio","subtype":"rail_station","priority":3,"osm_id":"247607454","tags":{"light_rail":"yes","network":"AMT Genova","operator":"AMT","railway":"halt","station":"light_rail","wikidata":"Q122974237"}},"geometry":{"type":"Point","coordinates":[8.9177178,44.4173315]}},{"type":"Feature","properties":{"name":"Quiliano-Vado","category":"Stazione ferroviaria","group":"Mobilità e interscambio","subtype":"rail_station","priority":3,"osm_id":"4995468943","tags":{"operator":"Rete Ferroviaria Italiana","operator:short":"RFI","operator:wikidata":"Q1060049","railway":"halt","wikidata":"Q3970625","wikipedia":"it:Stazione di Quiliano-Vado Ligure"}},"geometry":{"type":"Point","coordinates":[8.4355158,44.2799343]}},{"type":"Feature","properties":{"name":"Rocchetta Cairo","category":"Stazione ferroviaria","group":"Mobilità e interscambio","subtype":"rail_station","priority":3,"osm_id":"1381717180","tags":{"operator":"Rete Ferroviaria Italiana","operator:short":"RFI","operator:wikidata":"Q1060049","railway":"halt","wikidata":"Q3970694","wikipedia":"it:Stazione di Rocchetta Cairo"}},"geometry":{"type":"Point","coordinates":[8.29537,44.4275073]}},{"type":"Feature","properties":{"name":"Salita Granarolo","category":"Stazione ferroviaria","group":"Mobilità e interscambio","subtype":"rail_station","priority":3,"osm_id":"4913863128","tags":{"light_rail":"yes","network":"AMT Genova","operator":"AMT","railway":"halt","station":"light_rail","wikidata":"Q122974272"}},"geometry":{"type":"Point","coordinates":[8.9151683,44.4236522]}},{"type":"Feature","properties":{"name":"Salita San Rocco","category":"Stazione ferroviaria","group":"Mobilità e interscambio","subtype":"rail_station","priority":3,"osm_id":"2019700592","tags":{"light_rail":"yes","network":"AMT Genova","operator":"AMT","railway":"halt","station":"light_rail","wikidata":"Q122974260"}},"geometry":{"type":"Point","coordinates":[8.917323,44.418163]}},{"type":"Feature","properties":{"name":"San Pantaleo","category":"Stazione ferroviaria","group":"Mobilità e interscambio","subtype":"rail_station","priority":3,"osm_id":"681690993","tags":{"network":"AMT Genova","operator":"AMT","public_transport":"station","railway":"halt","train":"yes","wikidata":"Q60325233"}},"geometry":{"type":"Point","coordinates":[8.9434794,44.4242169]}},{"type":"Feature","properties":{"name":"Sanremo","category":"Stazione ferroviaria","group":"Mobilità e interscambio","subtype":"rail_station","priority":3,"osm_id":"4995455516","tags":{"addr:city":"Sanremo","addr:housenumber":"1","addr:postcode":"18038","addr:street":"Piazza Don Luigi Orione","name:de":"Bahnhof Sanremo","operator":"Rete Ferroviaria Italiana","operator:short":"RFI","operator:wikidata":"Q1060049","public_transport":"station","railway":"halt","train":"yes","wheelchair":"yes","wikidata":"Q801397","wikipedia":"it:Stazione di Sanremo"}},"geometry":{"type":"Point","coordinates":[7.7840193,43.826132]}},{"type":"Feature","properties":{"name":"Sant'Antonino","category":"Stazione ferroviaria","group":"Mobilità e interscambio","subtype":"rail_station","priority":3,"osm_id":"154728041","tags":{"network":"AMT Genova","operator":"AMT","public_transport":"station","railway":"halt","train":"yes","wikidata":"Q60325244"}},"geometry":{"type":"Point","coordinates":[8.9397798,44.4336219]}},{"type":"Feature","properties":{"name":"Sant'Olcese Chiesa","category":"Stazione ferroviaria","group":"Mobilità e interscambio","subtype":"rail_station","priority":3,"osm_id":"180723082","tags":{"network":"AMT Genova","operator":"AMT","public_transport":"station","railway":"halt","train":"yes","wikidata":"Q60325410"}},"geometry":{"type":"Point","coordinates":[8.9717544,44.4909128]}},{"type":"Feature","properties":{"name":"Sant'Olcese Tullo","category":"Stazione ferroviaria","group":"Mobilità e interscambio","subtype":"rail_station","priority":3,"osm_id":"183648800","tags":{"network":"AMT Genova","operator":"AMT","public_transport":"station","railway":"halt","train":"yes","wikidata":"Q56371269"}},"geometry":{"type":"Point","coordinates":[8.9744622,44.4922715]}},{"type":"Feature","properties":{"name":"Trensasco","category":"Stazione ferroviaria","group":"Mobilità e interscambio","subtype":"rail_station","priority":3,"osm_id":"169674088","tags":{"network":"AMT Genova","operator":"AMT","public_transport":"station","railway":"halt","train":"yes","wikidata":"Q60325257"}},"geometry":{"type":"Point","coordinates":[8.9519995,44.4620394]}},{"type":"Feature","properties":{"name":"Vallecrosia","category":"Stazione ferroviaria","group":"Mobilità e interscambio","subtype":"rail_station","priority":3,"osm_id":"4995452005","tags":{"operator":"Rete Ferroviaria Italiana","operator:short":"RFI","operator:wikidata":"Q1060049","railway":"halt","wheelchair":"yes","wikidata":"Q3971241","wikimedia_commons":"Category:Vallecrosia train station","wikipedia":"it:Stazione di Vallecrosia"}},"geometry":{"type":"Point","coordinates":[7.6350038,43.7876534]}},{"type":"Feature","properties":{"name":"Vallombrosa","category":"Stazione ferroviaria","group":"Mobilità e interscambio","subtype":"rail_station","priority":3,"osm_id":"180720107","tags":{"network":"AMT Genova","operator":"AMT","public_transport":"station","railway":"halt","train":"yes","wikidata":"Q60325349"}},"geometry":{"type":"Point","coordinates":[8.9802229,44.4841343]}},{"type":"Feature","properties":{"name":"Via Bianco","category":"Stazione ferroviaria","group":"Mobilità e interscambio","subtype":"rail_station","priority":3,"osm_id":"2019700596","tags":{"light_rail":"yes","network":"AMT Genova","operator":"AMT","railway":"halt","station":"light_rail","wikidata":"Q122974274"}},"geometry":{"type":"Point","coordinates":[8.9126611,44.4255539]}},{"type":"Feature","properties":{"name":"Canepari","category":"Stazione trasporti","group":"Mobilità e interscambio","subtype":"transport_station","priority":3,"osm_id":"13328812180","tags":{"construction":"station","construction:railway":"station","operator":"AMT","public_transport":"station","station":"subway"}},"geometry":{"type":"Point","coordinates":[8.8936943,44.4325164]}},{"type":"Feature","properties":{"name":"La Spezia Marittima","category":"Stazione trasporti","group":"Mobilità e interscambio","subtype":"transport_station","priority":3,"osm_id":"7501572706","tags":{"name:en":"La Spezia Maritime Terminal","public_transport":"station","railway":"yard","train":"yes"}},"geometry":{"type":"Point","coordinates":[9.8492732,44.1107156]}},{"type":"Feature","properties":{"name":"La Spezia Scalo","category":"Stazione trasporti","group":"Mobilità e interscambio","subtype":"transport_station","priority":3,"osm_id":"7501572707","tags":{"public_transport":"station","railway":"yard","train":"yes"}},"geometry":{"type":"Point","coordinates":[9.8296151,44.1130664]}},{"type":"Feature","properties":{"name":"Sciovia Prato della Cipolla","category":"Stazione trasporti","group":"Mobilità e interscambio","subtype":"transport_station","priority":3,"osm_id":"2188665572","tags":{"aerialway":"station","aerialway:summer:access":"entry","network":"S. Stefano d'Aveto","public_transport":"station"}},"geometry":{"type":"Point","coordinates":[9.4858962,44.5582125]}},{"type":"Feature","properties":{"name":"Tre Pini","category":"Stazione trasporti","group":"Mobilità e interscambio","subtype":"transport_station","priority":3,"osm_id":"2917046502","tags":{"aerialway":"station","public_transport":"station"}},"geometry":{"type":"Point","coordinates":[7.7461854,44.0752493]}},{"type":"Feature","properties":{"name":"Canarbino","category":"Parcheggio visitatori","group":"Mobilità e interscambio","subtype":"parking","priority":2,"osm_id":"3874761248","tags":{"access":"permissive","amenity":"parking","capacity":"20","fee":"no","lit":"no","park_ride":"no","parking":"surface","smoothness":"bad","supervised":"no","surface":"grass"}},"geometry":{"type":"Point","coordinates":[9.9084148,44.0958357]}},{"type":"Feature","properties":{"name":"Esselunga","category":"Parcheggio visitatori","group":"Mobilità e interscambio","subtype":"parking","priority":2,"osm_id":"2542404602","tags":{"amenity":"parking","layer":"-1","parking":"underground"}},"geometry":{"type":"Point","coordinates":[9.8420585,44.1205097]}},{"type":"Feature","properties":{"name":"Fezzano Parking","category":"Parcheggio visitatori","group":"Mobilità e interscambio","subtype":"parking","priority":2,"osm_id":"13464819675","tags":{"access":"yes","amenity":"parking","covered":"yes","fee":"yes","parking":"multi-storey","wheelchair":"yes"}},"geometry":{"type":"Point","coordinates":[9.8257709,44.0784606]}},{"type":"Feature","properties":{"name":"free parking","category":"Parcheggio visitatori","group":"Mobilità e interscambio","subtype":"parking","priority":2,"osm_id":"8002822209","tags":{"amenity":"parking","parking":"street_side"}},"geometry":{"type":"Point","coordinates":[9.78321,44.091495]}},{"type":"Feature","properties":{"name":"Garage Lampo","category":"Parcheggio visitatori","group":"Mobilità e interscambio","subtype":"parking","priority":2,"osm_id":"5315594420","tags":{"access":"yes","addr:city":"Genova","addr:country":"IT","addr:housenumber":"21 rosso","addr:postcode":"16124","addr:street":"Piazza Bandiera","amenity":"parking","fee":"yes","operator":"Park Team S.a.s. di E. Rabagliati & C.","parking":"underground","phone":"+39 010 2512400","ref:vatin":"IT03724680107"}},"geometry":{"type":"Point","coordinates":[8.9289987,44.4145101]}},{"type":"Feature","properties":{"name":"Garage Minerva","category":"Parcheggio visitatori","group":"Mobilità e interscambio","subtype":"parking","priority":2,"osm_id":"2412647235","tags":{"access":"yes","addr:housenumber":"1 rosso","addr:street":"Piazza Bandiera","amenity":"parking","fee":"yes","layer":"-1","parking":"underground","website":"https://www.genovapark.it/"}},"geometry":{"type":"Point","coordinates":[8.9287719,44.4141044]}},{"type":"Feature","properties":{"name":"Garage Olimpo","category":"Parcheggio visitatori","group":"Mobilità e interscambio","subtype":"parking","priority":2,"osm_id":"6929604867","tags":{"access":"yes","addr:housenumber":"10 rosso","addr:street":"Via Dino Bellucci","amenity":"parking","fee":"yes","layer":"-1","parking":"underground","website":"https://www.parkgenova.com/"}},"geometry":{"type":"Point","coordinates":[8.9281056,44.4155825]}},{"type":"Feature","properties":{"name":"IBR Sistemi S.r.l. Parking","category":"Parcheggio visitatori","group":"Mobilità e interscambio","subtype":"parking","priority":2,"osm_id":"2557353833","tags":{"amenity":"parking"}},"geometry":{"type":"Point","coordinates":[9.0109036,44.4455282]}},{"type":"Feature","properties":{"name":"La Spezia","category":"Parcheggio visitatori","group":"Mobilità e interscambio","subtype":"parking","priority":2,"osm_id":"3729648108","tags":{"amenity":"parking","capacity":"350","fee":"yes","layer":"-1","parking":"underground"}},"geometry":{"type":"Point","coordinates":[9.8281768,44.1092599]}},{"type":"Feature","properties":{"name":"Moneglia Parking","category":"Parcheggio visitatori","group":"Mobilità e interscambio","subtype":"parking","priority":2,"osm_id":"3709607227","tags":{"access":"yes","amenity":"parking","fee":"yes","layer":"-1","level":"-1","operator":"Moneglia Parking","park_ride":"no","parking":"underground","supervised":"no"}},"geometry":{"type":"Point","coordinates":[9.4920068,44.237492]}},{"type":"Feature","properties":{"name":"Palasport","category":"Parcheggio visitatori","group":"Mobilità e interscambio","subtype":"parking","priority":2,"osm_id":"1974544468","tags":{"access":"permissive","amenity":"parking","fee":"no","parking":"multi-storey"}},"geometry":{"type":"Point","coordinates":[8.8792527,44.4125556]}},{"type":"Feature","properties":{"name":"Parcheggio","category":"Parcheggio visitatori","group":"Mobilità e interscambio","subtype":"parking","priority":2,"osm_id":"1420179399","tags":{"amenity":"parking"}},"geometry":{"type":"Point","coordinates":[9.1050182,44.3741323]}},{"type":"Feature","properties":{"name":"Parcheggio","category":"Parcheggio visitatori","group":"Mobilità e interscambio","subtype":"parking","priority":2,"osm_id":"12110033948","tags":{"amenity":"parking"}},"geometry":{"type":"Point","coordinates":[7.8449231,43.9068415]}},{"type":"Feature","properties":{"name":"Parcheggio","category":"Parcheggio visitatori","group":"Mobilità e interscambio","subtype":"parking","priority":2,"osm_id":"13953591001","tags":{"amenity":"parking","opening_hours":"24/7"}},"geometry":{"type":"Point","coordinates":[7.9955265,43.8871207]}},{"type":"Feature","properties":{"name":"Parcheggio 'Tessarolo'","category":"Parcheggio visitatori","group":"Mobilità e interscambio","subtype":"parking","priority":2,"osm_id":"401288331","tags":{"access":"yes","amenity":"parking","fee":"no","parking":"surface"}},"geometry":{"type":"Point","coordinates":[9.4370893,44.2684688]}},{"type":"Feature","properties":{"name":"Parcheggio Bus","category":"Parcheggio visitatori","group":"Mobilità e interscambio","subtype":"parking","priority":2,"osm_id":"3444553148","tags":{"amenity":"parking","capacity":"5","fee":"no","parking":"surface","parking:condition:time_interval":"120"}},"geometry":{"type":"Point","coordinates":[8.3238107,44.175502]}},{"type":"Feature","properties":{"name":"Parcheggio COLMATA di Chiavari","category":"Parcheggio visitatori","group":"Mobilità e interscambio","subtype":"parking","priority":2,"osm_id":"12583398743","tags":{"amenity":"parking"}},"geometry":{"type":"Point","coordinates":[9.3246734,44.3115459]}},{"type":"Feature","properties":{"name":"Parcheggio COLMATINA di Chiavari","category":"Parcheggio visitatori","group":"Mobilità e interscambio","subtype":"parking","priority":2,"osm_id":"12583398744","tags":{"amenity":"parking"}},"geometry":{"type":"Point","coordinates":[9.3273081,44.3111219]}},{"type":"Feature","properties":{"name":"Parcheggio interrato di Piazza Colombo","category":"Parcheggio visitatori","group":"Mobilità e interscambio","subtype":"parking","priority":2,"osm_id":"3345064266","tags":{"amenity":"parking","layer":"-1","parking":"underground"}},"geometry":{"type":"Point","coordinates":[7.7787946,43.8179452]}},{"type":"Feature","properties":{"name":"Parcheggio Lerici Centro","category":"Parcheggio visitatori","group":"Mobilità e interscambio","subtype":"parking","priority":2,"osm_id":"3391055841","tags":{"access":"yes","amenity":"parking","charge":"3.00 EUR/hour","fee":"yes","layer":"-1","parking":"underground","parking:condition:area":"ticket"}},"geometry":{"type":"Point","coordinates":[9.9163352,44.0753515]}},{"type":"Feature","properties":{"name":"Parcheggio pubblico","category":"Parcheggio visitatori","group":"Mobilità e interscambio","subtype":"parking","priority":2,"osm_id":"2442886108","tags":{"amenity":"parking"}},"geometry":{"type":"Point","coordinates":[7.8519832,43.8349303]}},{"type":"Feature","properties":{"name":"Park Oriani","category":"Parcheggio visitatori","group":"Mobilità e interscambio","subtype":"parking","priority":2,"osm_id":"302322931","tags":{"amenity":"parking","fee":"yes","layer":"-1","parking":"underground"}},"geometry":{"type":"Point","coordinates":[8.849927,44.4261084]}},{"type":"Feature","properties":{"name":"Parking Carducci","category":"Parcheggio visitatori","group":"Mobilità e interscambio","subtype":"parking","priority":2,"osm_id":"1491176173","tags":{"amenity":"parking","fee":"yes"}},"geometry":{"type":"Point","coordinates":[8.9365968,44.4060084]}},{"type":"Feature","properties":{"name":"Piazza Cristoforo Colombo","category":"Parcheggio visitatori","group":"Mobilità e interscambio","subtype":"parking","priority":2,"osm_id":"2791422544","tags":{"access":"permissive","amenity":"parking","opening_hours":"24/7","operator":"Parcheggio per residenti","parking":"surface","surface":"asphalt"}},"geometry":{"type":"Point","coordinates":[9.1039681,44.3716878]}},{"type":"Feature","properties":{"name":"Piazza Mameli","category":"Parcheggio visitatori","group":"Mobilità e interscambio","subtype":"parking","priority":2,"osm_id":"11428408365","tags":{"amenity":"parking","fee":"yes","layer":"-1","parking":"underground","surface":"asphalt"}},"geometry":{"type":"Point","coordinates":[8.0120889,43.8748609]}},{"type":"Feature","properties":{"name":"Piazzale Olimpia","category":"Parcheggio visitatori","group":"Mobilità e interscambio","subtype":"parking","priority":2,"osm_id":"656644495","tags":{"amenity":"parking"}},"geometry":{"type":"Point","coordinates":[9.1486614,44.3691948]}},{"type":"Feature","properties":{"name":"Public parking Riomaggiore","category":"Parcheggio visitatori","group":"Mobilità e interscambio","subtype":"parking","priority":2,"osm_id":"4733831883","tags":{"access":"yes","alt_name":"RioPark","amenity":"parking","check_date":"2021-09-25","description":"35 € / day","fee":"yes","parking":"multi-storey"}},"geometry":{"type":"Point","coordinates":[9.7424563,44.0998293]}},{"type":"Feature","properties":{"name":"Royal Park Corvetto","category":"Parcheggio visitatori","group":"Mobilità e interscambio","subtype":"parking","priority":2,"osm_id":"11140855821","tags":{"amenity":"parking","fee":"yes","parking":"multi-storey","supervised":"yes","website":"https://www.royalgarage.genova.it/"}},"geometry":{"type":"Point","coordinates":[8.9375824,44.4114292]}},{"type":"Feature","properties":{"name":"Torre Park - free and roofed","category":"Parcheggio visitatori","group":"Mobilità e interscambio","subtype":"parking","priority":2,"osm_id":"13860536010","tags":{"amenity":"parking"}},"geometry":{"type":"Point","coordinates":[9.9037644,44.1132321]}},{"type":"Feature","properties":{"name":"Torre Porto","category":"Parcheggio visitatori","group":"Mobilità e interscambio","subtype":"parking","priority":2,"osm_id":"3870840761","tags":{"amenity":"parking","fee":"yes","park_ride":"no","parking":"underground","supervised":"no"}},"geometry":{"type":"Point","coordinates":[8.4875431,44.3092778]}},{"type":"Feature","properties":{"name":"Vernazza - Travis Truck Parking","category":"Parcheggio visitatori","group":"Mobilità e interscambio","subtype":"parking","priority":2,"osm_id":"13601687833","tags":{"access":"permit","amenity":"parking","capacity":"18","maxheight":"4.7","operator":"Vernazza","orientation":"diagonal","parking":"surface","surface":"asphalt"}},"geometry":{"type":"Point","coordinates":[8.4285672,44.2731783]}}]}